id;user_id;type;title;message;link;is_read;metadata;created_at
73473135-b856-44d5-a06e-1da85d3db77e;b09bb10d-6bf2-4001-8029-6eb6235ecc52;new_meeting;📅 Meeting Baru Dijadwalkan;"Meeting ""Pembahasan Jasa Medis IPTOR"" dijadwalkan pada 2026-06-17 pukul 11:00:00.";/timeline;false;"{""meetingDate"":""2026-06-17"",""meetingTitle"":""Pembahasan Jasa Medis IPTOR"",""projectId"":null}";2026-06-16 12:09:43.445337+00
3a93e158-c5f3-46b3-a63f-ab3b582aba32;15ae759d-9c85-4975-827c-07d309ce9606;proposal_approved;🎉 Proposal Disetujui;"Proposal ""Perubahan Waktu Pembayaran Remunerasi Medis Berdasarkan Kepdirjen 286"" telah disetujui dan siap untuk dieksekusi.";/project/be7a5e00-f9a2-460f-91cb-73b6e8110345;true;"{""adminNote"":"""",""projectId"":""be7a5e00-f9a2-460f-91cb-73b6e8110345"",""projectTitle"":""Perubahan Waktu Pembayaran Remunerasi Medis Berdasarkan Kepdirjen 286""}";2026-02-11 02:42:35.183085+00
7ccd678e-0a90-4a11-813d-28151cdc9a93;3d2d7772-2bc6-424c-aada-e31e8edef8d0;no_progress_reminder;⏳ Proyek Tanpa Progress;"Proyek ""Form Gamma Knife"" tidak ada progress selama 7 hari terakhir.";/project/424aaa37-81ae-445c-b401-2a18c1a6a409;true;"{""projectId"":""424aaa37-81ae-445c-b401-2a18c1a6a409"",""projectTitle"":""Form Gamma Knife""}";2026-02-10 03:49:36.268234+00
593a1e44-e372-45bc-8a52-46da14877f99;26303945-9cdc-4afa-9ffe-de7d83ab8fea;proposal_approved;🎉 Proposal Disetujui;"Proposal ""form gamma knife"" telah disetujui dan siap untuk dieksekusi.";/project/5b4bcb42-bdb7-49fd-ac1d-666bfa18e26a;true;"{""adminNote"":"""",""projectId"":""5b4bcb42-bdb7-49fd-ac1d-666bfa18e26a"",""projectTitle"":""form gamma knife""}";2026-01-27 03:31:48.61509+00
7f056e26-ad5d-4f1d-8c6c-2d119d80bfc3;26303945-9cdc-4afa-9ffe-de7d83ab8fea;proposal_approved;🎉 Proposal Disetujui;"Proposal ""remunerasi"" telah disetujui dan siap untuk dieksekusi.";/project/edf66923-1732-4ef2-a9fd-706b207a473a;true;"{""adminNote"":"""",""projectId"":""edf66923-1732-4ef2-a9fd-706b207a473a"",""projectTitle"":""remunerasi""}";2026-01-26 07:49:44.758521+00
6f5d3c71-e6b9-4482-b807-dd95f22372ba;9cdd2ef8-9811-4ba9-9d19-12e599da16df;new_meeting;📅 Meeting Baru Dijadwalkan;"Meeting ""Konsolidasi HTO IPSTI"" dijadwalkan pada 2026-02-13 pukul 10:00:00.";/timeline;false;"{""meetingDate"":""2026-02-13"",""meetingTitle"":""Konsolidasi HTO IPSTI"",""projectId"":null}";2026-02-13 03:19:19.522297+00
3506ff11-812f-4ac5-aa4e-63dc8721f2c2;44366c00-c707-46e9-bc25-a6e0009a77b0;new_meeting;📅 Meeting Baru Dijadwalkan;"Meeting ""Konsolidasi HTO IPSTI"" dijadwalkan pada 2026-02-13 pukul 10:00:00.";/timeline;false;"{""meetingDate"":""2026-02-13"",""meetingTitle"":""Konsolidasi HTO IPSTI"",""projectId"":null}";2026-02-13 03:19:24.281651+00
9684f795-ca12-45ca-bae4-0903f6c2fcb3;44366c00-c707-46e9-bc25-a6e0009a77b0;new_meeting;📅 Meeting Baru Dijadwalkan;"Meeting ""Pembahasan Jasa Medis IPTOR"" dijadwalkan pada 2026-06-17 pukul 11:00:00.";/timeline;false;"{""meetingDate"":""2026-06-17"",""meetingTitle"":""Pembahasan Jasa Medis IPTOR"",""projectId"":null}";2026-06-16 12:09:47.28551+00
ceea86a5-3b2f-488a-a003-ca34e12f0bc8;9cdd2ef8-9811-4ba9-9d19-12e599da16df;new_meeting;📅 Meeting Baru Dijadwalkan;"Meeting ""Imbal PPDS"" dijadwalkan pada 2026-02-13 pukul 15:00:00.";/timeline;false;"{""meetingDate"":""2026-02-13"",""meetingTitle"":""Imbal PPDS"",""projectId"":null}";2026-02-13 08:29:13.558326+00
f8c33665-9cb1-409c-a7ab-be19ef530c6d;3d2d7772-2bc6-424c-aada-e31e8edef8d0;new_meeting;📅 Meeting Baru Dijadwalkan;"Meeting ""Initial Technical Meeting"" dijadwalkan pada 2026-02-18 pukul 13:00:00.";/project/49544352-62fb-43b5-918a-af890a41f903;false;"{""meetingDate"":""2026-02-18"",""meetingTitle"":""Initial Technical Meeting"",""projectId"":""49544352-62fb-43b5-918a-af890a41f903""}";2026-02-18 02:09:14.421881+00
70f30140-0575-4a25-87c5-36a708c07851;ae199846-f8f2-4f4b-998d-ea5f88b6a520;new_meeting;📅 Meeting Baru Dijadwalkan;"Meeting ""Konsolidasi HTO IPSTI"" dijadwalkan pada 2026-02-13 pukul 10:00:00.";/timeline;true;"{""meetingDate"":""2026-02-13"",""meetingTitle"":""Konsolidasi HTO IPSTI"",""projectId"":null}";2026-02-13 03:19:25.886805+00
6f73677d-4dbf-47ae-952b-04b7317b7182;0d7684e4-a7e3-48f2-a06f-1a5963e0a324;edit_request_approved;✅ Permintaan Edit Disetujui;"Permintaan edit untuk ""Deployment & Training Pengguna"" telah disetujui.";/project/4fb8362d-75c7-4877-b2bf-35be6d3da19e;true;"{""adminNote"":"""",""projectId"":""4fb8362d-75c7-4877-b2bf-35be6d3da19e"",""projectTitle"":""Sistem Remunerasi Otomatis"",""taskName"":""Deployment & Training Pengguna""}";2026-01-29 01:35:28.267772+00
fad21637-3dfd-494e-935e-89b2de13c394;0d7684e4-a7e3-48f2-a06f-1a5963e0a324;edit_request_approved;✅ Permintaan Edit Disetujui;"Permintaan edit untuk ""Analisis Kebutuhan & Spesifikasi Sistem"" telah disetujui.";/project/4fb8362d-75c7-4877-b2bf-35be6d3da19e;true;"{""adminNote"":"""",""projectId"":""4fb8362d-75c7-4877-b2bf-35be6d3da19e"",""projectTitle"":""Sistem Remunerasi Otomatis"",""taskName"":""Analisis Kebutuhan & Spesifikasi Sistem""}";2026-01-29 01:35:39.480753+00
64e7d26b-c59e-416b-bb64-ad0280067359;0d7684e4-a7e3-48f2-a06f-1a5963e0a324;edit_request_approved;✅ Permintaan Edit Disetujui;"Permintaan edit untuk ""Desain Arsitektur & Perancangan Database"" telah disetujui.";/project/4fb8362d-75c7-4877-b2bf-35be6d3da19e;true;"{""adminNote"":"""",""projectId"":""4fb8362d-75c7-4877-b2bf-35be6d3da19e"",""projectTitle"":""Sistem Remunerasi Otomatis"",""taskName"":""Desain Arsitektur & Perancangan Database""}";2026-01-29 01:36:01.415249+00
85d0cfa1-a6a8-4b77-baef-ee7792e01359;0d7684e4-a7e3-48f2-a06f-1a5963e0a324;edit_request_approved;✅ Permintaan Edit Disetujui;"Permintaan edit untuk ""Pengembangan Core Engine & Modul Karyawan"" telah disetujui.";/project/4fb8362d-75c7-4877-b2bf-35be6d3da19e;true;"{""adminNote"":"""",""projectId"":""4fb8362d-75c7-4877-b2bf-35be6d3da19e"",""projectTitle"":""Sistem Remunerasi Otomatis"",""taskName"":""Pengembangan Core Engine & Modul Karyawan""}";2026-01-29 01:36:28.230572+00
d8999139-f8f4-4177-9fc8-de649b264d02;1bd97ef7-4829-4bda-8fe2-2def028584a4;proposal_approved;🎉 Proposal Disetujui;"Proposal ""pros"" telah disetujui dan siap untuk dieksekusi.";/project/8ea7d4ad-9a9d-4d86-8b37-f362a0cf477b;true;"{""adminNote"":"""",""projectId"":""8ea7d4ad-9a9d-4d86-8b37-f362a0cf477b"",""projectTitle"":""pros""}";2026-01-28 04:00:41.317501+00
39de162a-cbd6-4b16-bbb2-18eea5275635;1bd97ef7-4829-4bda-8fe2-2def028584a4;proposal_revision;📝 Proposal Perlu Revisi;"Proposal ""pros"" memerlukan revisi. Catatan: aaaaaaaaaaaaaaaaaaaaa";/project/8ea7d4ad-9a9d-4d86-8b37-f362a0cf477b;true;"{""adminNote"":""aaaaaaaaaaaaaaaaaaaaa"",""projectId"":""8ea7d4ad-9a9d-4d86-8b37-f362a0cf477b"",""projectTitle"":""pros""}";2026-01-28 02:59:52.298694+00
c12f283d-9adc-42be-86b9-4143f3f3a599;26303945-9cdc-4afa-9ffe-de7d83ab8fea;proposal_approved;🎉 Proposal Disetujui;"Proposal ""Sistem Remunerasi Otomatis"" telah disetujui dan siap untuk dieksekusi.";/project/4fb8362d-75c7-4877-b2bf-35be6d3da19e;true;"{""adminNote"":"""",""projectId"":""4fb8362d-75c7-4877-b2bf-35be6d3da19e"",""projectTitle"":""Sistem Remunerasi Otomatis""}";2026-01-29 01:28:31.450855+00
6d5f6a8a-c10b-4cdd-a588-16d5a371e174;26303945-9cdc-4afa-9ffe-de7d83ab8fea;no_progress_reminder;⏳ Proyek Tanpa Progress;"Proyek ""Form Gamma Knife"" tidak ada progress selama 7 hari terakhir.";/project/424aaa37-81ae-445c-b401-2a18c1a6a409;false;"{""projectId"":""424aaa37-81ae-445c-b401-2a18c1a6a409"",""projectTitle"":""Form Gamma Knife""}";2026-02-10 02:41:44.474768+00
8019dfaa-d341-4456-b01c-e4143bc75d79;ab1cfc35-47bb-41f6-9640-a2c55e70c2b2;no_progress_reminder;⏳ Proyek Tanpa Progress;"Proyek ""Form Gamma Knife"" tidak ada progress selama 7 hari terakhir.";/project/424aaa37-81ae-445c-b401-2a18c1a6a409;false;"{""projectId"":""424aaa37-81ae-445c-b401-2a18c1a6a409"",""projectTitle"":""Form Gamma Knife""}";2026-02-10 03:49:29.112134+00
e5e8ddb1-bba9-4399-9f8e-6ce6603a05a0;b09bb10d-6bf2-4001-8029-6eb6235ecc52;no_progress_reminder;⏳ Proyek Tanpa Progress;"Proyek ""Form Gamma Knife"" tidak ada progress selama 7 hari terakhir.";/project/424aaa37-81ae-445c-b401-2a18c1a6a409;true;"{""projectId"":""424aaa37-81ae-445c-b401-2a18c1a6a409"",""projectTitle"":""Form Gamma Knife""}";2026-02-10 03:48:13.435686+00
6d7a3125-4084-42eb-91b4-49f50ab16a54;9cdd2ef8-9811-4ba9-9d19-12e599da16df;no_progress_reminder;⏳ Proyek Tanpa Progress;"Proyek ""Form Gamma Knife"" tidak ada progress selama 7 hari terakhir.";/project/424aaa37-81ae-445c-b401-2a18c1a6a409;true;"{""projectId"":""424aaa37-81ae-445c-b401-2a18c1a6a409"",""projectTitle"":""Form Gamma Knife""}";2026-02-10 03:49:35.079312+00
2fa265a4-ec90-40be-82c8-c21af21ed150;29fb61f4-2fba-45eb-ac0b-c31e1beba126;no_progress_reminder;⏳ Proyek Tanpa Progress;"Proyek ""Form Gamma Knife"" tidak ada progress selama 7 hari terakhir.";/project/424aaa37-81ae-445c-b401-2a18c1a6a409;true;"{""projectId"":""424aaa37-81ae-445c-b401-2a18c1a6a409"",""projectTitle"":""Form Gamma Knife""}";2026-02-10 03:49:32.651049+00
eda4af02-a466-4326-aab3-c7b9192ddbb0;0d7684e4-a7e3-48f2-a06f-1a5963e0a324;edit_request_approved;✅ Permintaan Edit Disetujui;"Permintaan edit untuk ""Pengembangan Algoritma Perhitungan Remunerasi"" telah disetujui.";/project/4fb8362d-75c7-4877-b2bf-35be6d3da19e;true;"{""adminNote"":"""",""projectId"":""4fb8362d-75c7-4877-b2bf-35be6d3da19e"",""projectTitle"":""Sistem Remunerasi Otomatis"",""taskName"":""Pengembangan Algoritma Perhitungan Remunerasi""}";2026-01-29 01:36:31.963336+00
29b47285-0991-427b-8c7a-b85a174166bc;0d7684e4-a7e3-48f2-a06f-1a5963e0a324;edit_request_approved;✅ Permintaan Edit Disetujui;"Permintaan edit untuk ""Integrasi Sistem Payroll"" telah disetujui.";/project/4fb8362d-75c7-4877-b2bf-35be6d3da19e;true;"{""adminNote"":"""",""projectId"":""4fb8362d-75c7-4877-b2bf-35be6d3da19e"",""projectTitle"":""Sistem Remunerasi Otomatis"",""taskName"":""Integrasi Sistem Payroll""}";2026-01-29 01:36:35.904644+00
ab2029c3-7299-403f-8405-566144c3e03c;0d7684e4-a7e3-48f2-a06f-1a5963e0a324;edit_request_approved;✅ Permintaan Edit Disetujui;"Permintaan edit untuk ""User Acceptance Testing (UAT) & Bug Fixing"" telah disetujui.";/project/4fb8362d-75c7-4877-b2bf-35be6d3da19e;true;"{""adminNote"":"""",""projectId"":""4fb8362d-75c7-4877-b2bf-35be6d3da19e"",""projectTitle"":""Sistem Remunerasi Otomatis"",""taskName"":""User Acceptance Testing (UAT) & Bug Fixing""}";2026-01-29 01:36:40.021223+00
a7a6d444-b0ef-478e-89b9-da55de5a33be;0d7684e4-a7e3-48f2-a06f-1a5963e0a324;edit_request_approved;✅ Permintaan Edit Disetujui;"Permintaan edit untuk ""ajshasd"" telah disetujui.";/project/4fb8362d-75c7-4877-b2bf-35be6d3da19e;true;"{""adminNote"":"""",""projectId"":""4fb8362d-75c7-4877-b2bf-35be6d3da19e"",""projectTitle"":""Sistem Remunerasi Otomatis"",""taskName"":""ajshasd""}";2026-01-29 01:37:42.951657+00
b7539980-ddce-4ee6-8fcd-8e9e59a2bf93;0d7684e4-a7e3-48f2-a06f-1a5963e0a324;edit_request_approved;✅ Permintaan Edit Disetujui;"Permintaan edit untuk ""ajshasd"" telah disetujui.";/project/4fb8362d-75c7-4877-b2bf-35be6d3da19e;true;"{""adminNote"":"""",""projectId"":""4fb8362d-75c7-4877-b2bf-35be6d3da19e"",""projectTitle"":""Sistem Remunerasi Otomatis"",""taskName"":""ajshasd""}";2026-01-29 01:38:02.657812+00
2f251a70-e4e9-4784-9f62-43d22607ff33;9cdd2ef8-9811-4ba9-9d19-12e599da16df;new_meeting;📅 Meeting Baru Dijadwalkan;"Meeting ""Pembahasan Jasa Medis IPTOR"" dijadwalkan pada 2026-06-17 pukul 11:00:00.";/timeline;false;"{""meetingDate"":""2026-06-17"",""meetingTitle"":""Pembahasan Jasa Medis IPTOR"",""projectId"":null}";2026-06-16 12:09:44.323595+00
98c2a7ab-b5b7-469f-b309-f3b35a2ee4d7;3d2d7772-2bc6-424c-aada-e31e8edef8d0;new_meeting;📅 Meeting Baru Dijadwalkan;"Meeting ""user requirements"" dijadwalkan pada 2026-02-12 pukul 15:00:00.";/project/424aaa37-81ae-445c-b401-2a18c1a6a409;false;"{""meetingDate"":""2026-02-12"",""meetingTitle"":""user requirements"",""projectId"":""424aaa37-81ae-445c-b401-2a18c1a6a409""}";2026-02-12 07:21:26.838178+00
e8cad844-8784-48a3-8434-55207dae9a4d;ab1cfc35-47bb-41f6-9640-a2c55e70c2b2;new_meeting;📅 Meeting Baru Dijadwalkan;"Meeting ""user requirements"" dijadwalkan pada 2026-02-12 pukul 15:00:00.";/project/424aaa37-81ae-445c-b401-2a18c1a6a409;false;"{""meetingDate"":""2026-02-12"",""meetingTitle"":""user requirements"",""projectId"":""424aaa37-81ae-445c-b401-2a18c1a6a409""}";2026-02-12 07:21:30.268333+00
5db05901-43aa-4dc0-91c8-4ac804ef083f;44366c00-c707-46e9-bc25-a6e0009a77b0;new_meeting;📅 Meeting Baru Dijadwalkan;"Meeting ""user requirements"" dijadwalkan pada 2026-02-12 pukul 15:00:00.";/project/424aaa37-81ae-445c-b401-2a18c1a6a409;false;"{""meetingDate"":""2026-02-12"",""meetingTitle"":""user requirements"",""projectId"":""424aaa37-81ae-445c-b401-2a18c1a6a409""}";2026-02-12 07:21:31.792964+00
f51a6f8e-7e44-4204-9544-d5270e4a8606;29fb61f4-2fba-45eb-ac0b-c31e1beba126;new_meeting;📅 Meeting Baru Dijadwalkan;"Meeting ""Pembahasan Jasa Medis IPTOR"" dijadwalkan pada 2026-06-17 pukul 11:00:00.";/timeline;false;"{""meetingDate"":""2026-06-17"",""meetingTitle"":""Pembahasan Jasa Medis IPTOR"",""projectId"":null}";2026-06-16 12:09:47.983003+00
10133f08-8f8f-4788-b18b-422e46f39d08;b09bb10d-6bf2-4001-8029-6eb6235ecc52;new_meeting;📅 Meeting Baru Dijadwalkan;"Meeting ""user requirements"" dijadwalkan pada 2026-02-12 pukul 15:00:00.";/project/424aaa37-81ae-445c-b401-2a18c1a6a409;true;"{""meetingDate"":""2026-02-12"",""meetingTitle"":""user requirements"",""projectId"":""424aaa37-81ae-445c-b401-2a18c1a6a409""}";2026-02-12 07:21:25.098172+00
ac2a2f4d-8f0c-42d7-90b5-b73c1d04846e;3d2d7772-2bc6-424c-aada-e31e8edef8d0;new_meeting;📅 Meeting Baru Dijadwalkan;"Meeting ""Konsolidasi HTO IPSTI"" dijadwalkan pada 2026-02-13 pukul 10:00:00.";/timeline;false;"{""meetingDate"":""2026-02-13"",""meetingTitle"":""Konsolidasi HTO IPSTI"",""projectId"":null}";2026-02-13 03:19:20.328862+00
0db7d4f3-4f39-4875-9a11-5c4c013f232a;3d2d7772-2bc6-424c-aada-e31e8edef8d0;meeting_reminder;⏰ Reminder Meeting;"Meeting ""Konsolidasi HTO IPSTI"" akan dilaksanakan hari ini.";/timeline;false;"{""meetingDate"":""2026-02-13"",""meetingTitle"":""Konsolidasi HTO IPSTI"",""projectId"":null}";2026-02-13 07:00:17.086201+00
aae196e2-aad0-48d1-b74c-7ab36ee2a3ef;ab1cfc35-47bb-41f6-9640-a2c55e70c2b2;meeting_reminder;⏰ Reminder Meeting;"Meeting ""Konsolidasi HTO IPSTI"" akan dilaksanakan hari ini.";/timeline;false;"{""meetingDate"":""2026-02-13"",""meetingTitle"":""Konsolidasi HTO IPSTI"",""projectId"":null}";2026-02-13 07:00:17.657897+00
07781f49-dccb-406d-9c54-bd1442f5a360;44366c00-c707-46e9-bc25-a6e0009a77b0;meeting_reminder;⏰ Reminder Meeting;"Meeting ""Konsolidasi HTO IPSTI"" akan dilaksanakan hari ini.";/timeline;false;"{""meetingDate"":""2026-02-13"",""meetingTitle"":""Konsolidasi HTO IPSTI"",""projectId"":null}";2026-02-13 07:00:18.145923+00
5026b6d0-d1b7-454f-bc86-523682dde4b8;0d7684e4-a7e3-48f2-a06f-1a5963e0a324;proposal_approved;🎉 Proposal Disetujui;"Proposal ""Fitur Paliatif"" telah disetujui dan siap untuk dieksekusi.";/project/6c580757-0abe-4c57-96c6-093263b2816b;true;"{""adminNote"":"""",""projectId"":""6c580757-0abe-4c57-96c6-093263b2816b"",""projectTitle"":""Fitur Paliatif""}";2026-01-29 02:26:11.028299+00
75856b42-2696-4077-b30b-315ba15a5c3f;0d7684e4-a7e3-48f2-a06f-1a5963e0a324;edit_request_approved;✅ Permintaan Edit Disetujui;"Permintaan edit untuk ""Analisis Kebutuhan & Spesifikasi Teknis Fitur Paliatif"" telah disetujui.";/project/6c580757-0abe-4c57-96c6-093263b2816b;true;"{""adminNote"":"""",""projectId"":""6c580757-0abe-4c57-96c6-093263b2816b"",""projectTitle"":""Fitur Paliatif"",""taskName"":""Analisis Kebutuhan & Spesifikasi Teknis Fitur Paliatif""}";2026-01-29 02:27:03.868358+00
504e132c-3d87-4fba-999b-1fba4229a53e;0d7684e4-a7e3-48f2-a06f-1a5963e0a324;edit_request_approved;✅ Permintaan Edit Disetujui;"Permintaan edit untuk ""Perancangan UI/UX & Desain Database"" telah disetujui.";/project/6c580757-0abe-4c57-96c6-093263b2816b;true;"{""adminNote"":"""",""projectId"":""6c580757-0abe-4c57-96c6-093263b2816b"",""projectTitle"":""Fitur Paliatif"",""taskName"":""Perancangan UI/UX & Desain Database""}";2026-01-29 02:27:08.206573+00
df6d6079-7507-4bc0-8ff9-1b7f848f4c4e;26303945-9cdc-4afa-9ffe-de7d83ab8fea;proposal_approved;🎉 Proposal Disetujui;"Proposal ""asds"" telah disetujui dan siap untuk dieksekusi.";/project/8f1645d0-90b9-42db-9145-d9f9019ac7af;true;"{""adminNote"":"""",""projectId"":""8f1645d0-90b9-42db-9145-d9f9019ac7af"",""projectTitle"":""asds""}";2026-01-29 02:29:59.403715+00
eb7f36bd-1ff4-4f3d-bbae-265d163e9728;26303945-9cdc-4afa-9ffe-de7d83ab8fea;proposal_approved;🎉 Proposal Disetujui;"Proposal ""asad"" telah disetujui dan siap untuk dieksekusi.";/project/af4efb7d-b6bf-40e6-a03c-07bb9303da79;true;"{""adminNote"":"""",""projectId"":""af4efb7d-b6bf-40e6-a03c-07bb9303da79"",""projectTitle"":""asad""}";2026-01-29 02:35:22.728052+00
fc49317e-fe81-4b7a-8d6a-5068dd7bf3dd;26303945-9cdc-4afa-9ffe-de7d83ab8fea;proposal_approved;🎉 Proposal Disetujui;"Proposal ""adada"" telah disetujui dan siap untuk dieksekusi.";/project/9cce847b-d950-4b53-ae09-2bccc99b1142;true;"{""adminNote"":"""",""projectId"":""9cce847b-d950-4b53-ae09-2bccc99b1142"",""projectTitle"":""adada""}";2026-01-29 02:43:47.019083+00
c1e2d658-935c-466f-9d0e-d9f3e86b19f3;b09bb10d-6bf2-4001-8029-6eb6235ecc52;meeting_reminder;⏰ Reminder Meeting;"Meeting ""Konsolidasi HTO IPSTI"" akan dilaksanakan hari ini.";/timeline;true;"{""meetingDate"":""2026-02-13"",""meetingTitle"":""Konsolidasi HTO IPSTI"",""projectId"":null}";2026-02-13 07:00:15.396394+00
22d06ea3-b20b-4f40-86ae-03f9cffe92f4;3d2d7772-2bc6-424c-aada-e31e8edef8d0;new_meeting;📅 Meeting Baru Dijadwalkan;"Meeting ""Imbal PPDS"" dijadwalkan pada 2026-02-13 pukul 15:00:00.";/timeline;false;"{""meetingDate"":""2026-02-13"",""meetingTitle"":""Imbal PPDS"",""projectId"":null}";2026-02-13 08:29:14.452397+00
9794641f-1e1f-4cf2-8b87-b9e323f0c20f;44366c00-c707-46e9-bc25-a6e0009a77b0;new_meeting;📅 Meeting Baru Dijadwalkan;"Meeting ""Imbal PPDS"" dijadwalkan pada 2026-02-13 pukul 15:00:00.";/timeline;false;"{""meetingDate"":""2026-02-13"",""meetingTitle"":""Imbal PPDS"",""projectId"":null}";2026-02-13 08:29:17.824981+00
caf93214-7194-432f-903c-d896bb2485ff;0d7684e4-a7e3-48f2-a06f-1a5963e0a324;edit_request_approved;✅ Permintaan Edit Disetujui;"Permintaan edit untuk ""Pembangunan Backend & Algoritma Skor Prognosis"" telah disetujui.";/project/6c580757-0abe-4c57-96c6-093263b2816b;true;"{""adminNote"":"""",""projectId"":""6c580757-0abe-4c57-96c6-093263b2816b"",""projectTitle"":""Fitur Paliatif"",""taskName"":""Pembangunan Backend & Algoritma Skor Prognosis""}";2026-01-29 02:27:15.624253+00
158fe8d9-679a-4ff8-8720-5d5291c29b50;0d7684e4-a7e3-48f2-a06f-1a5963e0a324;edit_request_approved;✅ Permintaan Edit Disetujui;"Permintaan edit untuk ""Pengembangan Frontend & Pop-up Notification System"" telah disetujui.";/project/6c580757-0abe-4c57-96c6-093263b2816b;true;"{""adminNote"":"""",""projectId"":""6c580757-0abe-4c57-96c6-093263b2816b"",""projectTitle"":""Fitur Paliatif"",""taskName"":""Pengembangan Frontend & Pop-up Notification System""}";2026-01-29 02:27:19.877128+00
a6a6c0e9-5cad-43aa-af96-8e94753e3488;0d7684e4-a7e3-48f2-a06f-1a5963e0a324;edit_request_approved;✅ Permintaan Edit Disetujui;"Permintaan edit untuk ""Quality Assurance & Integration Testing (UAT)"" telah disetujui.";/project/6c580757-0abe-4c57-96c6-093263b2816b;true;"{""adminNote"":"""",""projectId"":""6c580757-0abe-4c57-96c6-093263b2816b"",""projectTitle"":""Fitur Paliatif"",""taskName"":""Quality Assurance & Integration Testing (UAT)""}";2026-01-29 02:27:23.87443+00
ca0e119e-e1b3-435a-94ce-49b8e2041a4d;0d7684e4-a7e3-48f2-a06f-1a5963e0a324;edit_request_approved;✅ Permintaan Edit Disetujui;"Permintaan edit untuk ""Pelatihan Tenaga Medis & Deployment System"" telah disetujui.";/project/6c580757-0abe-4c57-96c6-093263b2816b;true;"{""adminNote"":"""",""projectId"":""6c580757-0abe-4c57-96c6-093263b2816b"",""projectTitle"":""Fitur Paliatif"",""taskName"":""Pelatihan Tenaga Medis & Deployment System""}";2026-01-29 02:27:28.064383+00
4f86b3de-0b3f-46f6-92f1-ca3d8c9a22a3;0d7684e4-a7e3-48f2-a06f-1a5963e0a324;edit_request_approved;✅ Permintaan Edit Disetujui;"Permintaan edit untuk ""Evaluasi Dampak & Audit Pasca-Implementasi"" telah disetujui.";/project/6c580757-0abe-4c57-96c6-093263b2816b;true;"{""adminNote"":"""",""projectId"":""6c580757-0abe-4c57-96c6-093263b2816b"",""projectTitle"":""Fitur Paliatif"",""taskName"":""Evaluasi Dampak & Audit Pasca-Implementasi""}";2026-01-29 02:27:34.302733+00
b437fe7b-c135-4dee-8886-07c27178ab22;0d7684e4-a7e3-48f2-a06f-1a5963e0a324;edit_request_approved;✅ Permintaan Edit Disetujui;"Permintaan edit untuk ""Pemeliharaan & Optimasi Sistem Berkelanjutan"" telah disetujui.";/project/6c580757-0abe-4c57-96c6-093263b2816b;true;"{""adminNote"":"""",""projectId"":""6c580757-0abe-4c57-96c6-093263b2816b"",""projectTitle"":""Fitur Paliatif"",""taskName"":""Pemeliharaan & Optimasi Sistem Berkelanjutan""}";2026-01-29 02:27:37.742387+00
57f45832-8340-4300-b0b0-492cf5767ee8;26303945-9cdc-4afa-9ffe-de7d83ab8fea;proposal_approved;🎉 Proposal Disetujui;"Proposal ""Form Gamma Knife"" telah disetujui dan siap untuk dieksekusi.";/project/7d0a1443-234c-4eb2-a662-7bacd0d9079f;true;"{""adminNote"":"""",""projectId"":""7d0a1443-234c-4eb2-a662-7bacd0d9079f"",""projectTitle"":""Form Gamma Knife""}";2026-02-03 07:22:39.007344+00
7f7d6128-af20-4699-8834-24e3d8183be0;26303945-9cdc-4afa-9ffe-de7d83ab8fea;proposal_approved;🎉 Proposal Disetujui;"Proposal ""iDRG"" telah disetujui dan siap untuk dieksekusi.";/project/7ccef8d8-f13b-4e9b-911f-859e8622f049;false;"{""adminNote"":"""",""projectId"":""7ccef8d8-f13b-4e9b-911f-859e8622f049"",""projectTitle"":""iDRG""}";2026-02-04 00:58:43.008506+00
275c7b50-957a-4c03-8b08-cfe654258d42;186eb126-6bf5-45af-901f-0ea7b2c1018d;new_meeting;📅 Meeting Baru Dijadwalkan;"Meeting ""user requirements"" dijadwalkan pada 2026-02-12 pukul 15:00:00.";/project/424aaa37-81ae-445c-b401-2a18c1a6a409;false;"{""meetingDate"":""2026-02-12"",""meetingTitle"":""user requirements"",""projectId"":""424aaa37-81ae-445c-b401-2a18c1a6a409""}";2026-02-12 07:21:28.886529+00
41148dac-73d0-41ae-845d-ce5bc5138493;26303945-9cdc-4afa-9ffe-de7d83ab8fea;proposal_approved;🎉 Proposal Disetujui;"Proposal ""Modernisasi Infrastruktur Jaringan RSCM"" telah disetujui dan siap untuk dieksekusi.";/project/efb258e2-81b3-4c8b-95ae-c976879891b4;false;"{""adminNote"":"""",""projectId"":""efb258e2-81b3-4c8b-95ae-c976879891b4"",""projectTitle"":""Modernisasi Infrastruktur Jaringan RSCM""}";2026-02-04 01:18:03.040513+00
a227ec32-b6e5-453e-99ac-37ea152d2570;ab1cfc35-47bb-41f6-9640-a2c55e70c2b2;public_submission;Pengajuan Proyek Eksternal Baru;Pengajuan baru dari tyo (admin rscm): coba coba;/public-submissions;false;{};2026-04-27 03:16:54.590827+00
465f6764-650d-45bd-a846-70be668858eb;1bd97ef7-4829-4bda-8fe2-2def028584a4;proposal_approved;🎉 Proposal Disetujui;"Proposal ""Verba"" telah disetujui dan siap untuk dieksekusi.";/project/7c88cb9d-9424-4446-861b-f2ccfe21924b;false;"{""adminNote"":"""",""projectId"":""7c88cb9d-9424-4446-861b-f2ccfe21924b"",""projectTitle"":""Verba""}";2026-02-04 03:56:44.839304+00
bab17577-959d-4166-9474-0707b74423fa;1bd97ef7-4829-4bda-8fe2-2def028584a4;proposal_approved;🎉 Proposal Disetujui;"Proposal ""projek fitur paliatif"" telah disetujui dan siap untuk dieksekusi.";/project/e9727628-58fc-4da4-b233-1a9230b2a957;false;"{""adminNote"":"""",""projectId"":""e9727628-58fc-4da4-b233-1a9230b2a957"",""projectTitle"":""projek fitur paliatif""}";2026-02-04 03:57:01.418992+00
2bf6cc48-0e69-43cc-a5c7-e37c9ad4a672;26303945-9cdc-4afa-9ffe-de7d83ab8fea;proposal_approved;🎉 Proposal Disetujui;"Proposal ""Form Gamma Knife"" telah disetujui dan siap untuk dieksekusi.";/project/424aaa37-81ae-445c-b401-2a18c1a6a409;false;"{""adminNote"":"""",""projectId"":""424aaa37-81ae-445c-b401-2a18c1a6a409"",""projectTitle"":""Form Gamma Knife""}";2026-02-04 03:57:11.349483+00
a47880b7-e0dc-43ef-ac91-0b48009d14b6;f33e6211-8ffc-4be9-9e4b-848ce613bdc0;public_submission;Pengajuan Proyek Eksternal Baru;Pengajuan baru dari tyo (admin rscm): coba coba;/public-submissions;true;{};2026-04-27 03:16:54.590827+00
4958a2ef-4c6b-4d02-856c-12fabe25c292;3d2d7772-2bc6-424c-aada-e31e8edef8d0;edit_request_approved;✅ Permintaan Edit Disetujui;"Permintaan edit untuk ""Analisis Kebutuhan Sistem"" telah disetujui.";/project/d7f3bbc8-1f54-4709-a29a-6427c1f5a8d0;true;"{""adminNote"":"""",""projectId"":""d7f3bbc8-1f54-4709-a29a-6427c1f5a8d0"",""projectTitle"":""SIMAPROS"",""taskName"":""Analisis Kebutuhan Sistem""}";2026-02-04 04:10:00.441169+00
3e1bad51-2d80-4ce2-a987-0cf166666517;3d2d7772-2bc6-424c-aada-e31e8edef8d0;edit_request_approved;✅ Permintaan Edit Disetujui;"Permintaan edit untuk ""Desain Sistem dan UI/UX"" telah disetujui.";/project/d7f3bbc8-1f54-4709-a29a-6427c1f5a8d0;true;"{""adminNote"":"""",""projectId"":""d7f3bbc8-1f54-4709-a29a-6427c1f5a8d0"",""projectTitle"":""SIMAPROS"",""taskName"":""Desain Sistem dan UI/UX""}";2026-02-04 04:09:55.377389+00
0fe8b5d1-b24a-47f5-b82d-72d2ebe1c0f6;0d7684e4-a7e3-48f2-a06f-1a5963e0a324;edit_request_approved;✅ Permintaan Edit Disetujui;"Permintaan edit untuk ""Mengubah metode dari INA-CBGs ke iDRG"" telah disetujui.";/project/7ccef8d8-f13b-4e9b-911f-859e8622f049;true;"{""adminNote"":"""",""projectId"":""7ccef8d8-f13b-4e9b-911f-859e8622f049"",""projectTitle"":""iDRG"",""taskName"":""Mengubah metode dari INA-CBGs ke iDRG""}";2026-02-04 01:03:52.848259+00
0b02fdfc-105e-4f2a-be42-61102227c70c;0d7684e4-a7e3-48f2-a06f-1a5963e0a324;proposal_approved;🎉 Proposal Disetujui;"Proposal ""SIMAPROS"" telah disetujui dan siap untuk dieksekusi.";/project/d7f3bbc8-1f54-4709-a29a-6427c1f5a8d0;true;"{""adminNote"":"""",""projectId"":""d7f3bbc8-1f54-4709-a29a-6427c1f5a8d0"",""projectTitle"":""SIMAPROS""}";2026-02-04 03:52:12.826736+00
d3eed7c1-bdcd-4c5a-a94f-83935ae02769;b09bb10d-6bf2-4001-8029-6eb6235ecc52;no_progress_reminder;⏳ Proyek Tanpa Progress;"Proyek ""Form Gamma Knife"" tidak ada progress selama 7 hari terakhir.";/project/424aaa37-81ae-445c-b401-2a18c1a6a409;true;"{""projectId"":""424aaa37-81ae-445c-b401-2a18c1a6a409"",""projectTitle"":""Form Gamma Knife""}";2026-02-10 02:41:41.098863+00
66bd4dfc-0652-4c34-b2ea-e0375cd23084;b09bb10d-6bf2-4001-8029-6eb6235ecc52;task_overdue;🚨 Task Melewati Deadline;"Task ""Penambahan UI Timeline "" telah melewati deadline!";/project/d7f3bbc8-1f54-4709-a29a-6427c1f5a8d0;true;"{""projectId"":""d7f3bbc8-1f54-4709-a29a-6427c1f5a8d0"",""projectTitle"":""SIMAPROS"",""taskName"":""Penambahan UI Timeline ""}";2026-02-10 02:41:41.204095+00
7a2ece5d-15f1-4430-8938-3740172b1e9c;44366c00-c707-46e9-bc25-a6e0009a77b0;no_progress_reminder;⏳ Proyek Tanpa Progress;"Proyek ""Form Gamma Knife"" tidak ada progress selama 7 hari terakhir.";/project/424aaa37-81ae-445c-b401-2a18c1a6a409;false;"{""projectId"":""424aaa37-81ae-445c-b401-2a18c1a6a409"",""projectTitle"":""Form Gamma Knife""}";2026-02-10 03:49:30.263037+00
02acdcb5-4ad2-48f8-a049-6ad9fc697d2c;3d2d7772-2bc6-424c-aada-e31e8edef8d0;edit_request_approved;✅ Permintaan Edit Disetujui;"Permintaan edit untuk ""Pengembangan Backend Core"" telah disetujui.";/project/d7f3bbc8-1f54-4709-a29a-6427c1f5a8d0;true;"{""adminNote"":"""",""projectId"":""d7f3bbc8-1f54-4709-a29a-6427c1f5a8d0"",""projectTitle"":""SIMAPROS"",""taskName"":""Pengembangan Backend Core""}";2026-02-04 04:11:18.667617+00
4a6dacde-ee3c-46a8-a654-09f1d70751bb;0d7684e4-a7e3-48f2-a06f-1a5963e0a324;edit_request_approved;✅ Permintaan Edit Disetujui;"Permintaan edit untuk ""Assessment Jaringan"" telah disetujui.";/project/efb258e2-81b3-4c8b-95ae-c976879891b4;true;"{""adminNote"":"""",""projectId"":""efb258e2-81b3-4c8b-95ae-c976879891b4"",""projectTitle"":""Modernisasi Infrastruktur Jaringan RSCM"",""taskName"":""Assessment Jaringan""}";2026-02-04 01:24:02.427949+00
0267329f-b2fe-4e64-a417-dd0830744370;0d7684e4-a7e3-48f2-a06f-1a5963e0a324;edit_request_approved;✅ Permintaan Edit Disetujui;"Permintaan edit untuk ""Beauty Contest"" telah disetujui.";/project/efb258e2-81b3-4c8b-95ae-c976879891b4;true;"{""adminNote"":"""",""projectId"":""efb258e2-81b3-4c8b-95ae-c976879891b4"",""projectTitle"":""Modernisasi Infrastruktur Jaringan RSCM"",""taskName"":""Beauty Contest""}";2026-02-04 01:26:26.577125+00
676b8199-e042-4cab-a864-2161d4e2772e;3d2d7772-2bc6-424c-aada-e31e8edef8d0;task_overdue;🚨 Task Melewati Deadline;"Task ""Penambahan UI Timeline "" pada proyek ""SIMAPROS"" telah melewati deadline!";/project/d7f3bbc8-1f54-4709-a29a-6427c1f5a8d0;true;"{""daysRemaining"":-40,""progress"":0,""projectId"":""d7f3bbc8-1f54-4709-a29a-6427c1f5a8d0"",""projectTitle"":""SIMAPROS"",""taskId"":""60850c40-046b-4722-9a35-d86b9315376b"",""taskName"":""Penambahan UI Timeline ""}";2026-02-10 02:41:38.837545+00
a7b3d466-8b2d-4d74-ba65-74ee2d442577;0d7684e4-a7e3-48f2-a06f-1a5963e0a324;task_overdue;🚨 Task Melewati Deadline;"Task ""Penambahan UI Timeline "" pada proyek ""SIMAPROS"" telah melewati deadline!";/project/d7f3bbc8-1f54-4709-a29a-6427c1f5a8d0;false;"{""daysRemaining"":-40,""progress"":0,""projectId"":""d7f3bbc8-1f54-4709-a29a-6427c1f5a8d0"",""projectTitle"":""SIMAPROS"",""taskId"":""60850c40-046b-4722-9a35-d86b9315376b"",""taskName"":""Penambahan UI Timeline ""}";2026-02-10 02:41:38.837545+00
b94e9ca4-fcac-4f56-9800-dd8898eb7548;3d2d7772-2bc6-424c-aada-e31e8edef8d0;task_overdue;🚨 Task Melewati Deadline;"Task ""Penambahan UI Timeline "" telah melewati deadline!";/project/d7f3bbc8-1f54-4709-a29a-6427c1f5a8d0;true;"{""projectId"":""d7f3bbc8-1f54-4709-a29a-6427c1f5a8d0"",""projectTitle"":""SIMAPROS"",""taskName"":""Penambahan UI Timeline ""}";2026-02-10 02:41:42.179299+00
c9fef60f-6e4e-4705-bab0-b776d25b64d1;3d2d7772-2bc6-424c-aada-e31e8edef8d0;no_progress_reminder;⏳ Proyek Tanpa Progress;"Proyek ""Form Gamma Knife"" tidak ada progress selama 7 hari terakhir.";/project/424aaa37-81ae-445c-b401-2a18c1a6a409;true;"{""projectId"":""424aaa37-81ae-445c-b401-2a18c1a6a409"",""projectTitle"":""Form Gamma Knife""}";2026-02-10 02:41:42.271164+00
34bfd34b-443f-45be-82fa-2a9249cfd053;3d2d7772-2bc6-424c-aada-e31e8edef8d0;new_meeting;📅 Meeting Baru Dijadwalkan;"Meeting ""Pembahasan Jasa Medis IPTOR"" dijadwalkan pada 2026-06-17 pukul 11:00:00.";/timeline;false;"{""meetingDate"":""2026-06-17"",""meetingTitle"":""Pembahasan Jasa Medis IPTOR"",""projectId"":null}";2026-06-16 12:09:45.050015+00
c7b26a75-8591-43c0-97a9-23d65d515129;ab1cfc35-47bb-41f6-9640-a2c55e70c2b2;task_overdue;🚨 Task Melewati Deadline;"Task ""Penambahan UI Timeline "" pada proyek ""SIMAPROS"" telah melewati deadline!";/project/d7f3bbc8-1f54-4709-a29a-6427c1f5a8d0;false;"{""daysRemaining"":-40,""progress"":0,""projectId"":""d7f3bbc8-1f54-4709-a29a-6427c1f5a8d0"",""projectTitle"":""SIMAPROS"",""taskId"":""60850c40-046b-4722-9a35-d86b9315376b"",""taskName"":""Penambahan UI Timeline ""}";2026-02-10 02:41:38.837545+00
fabdc542-f46f-4932-b780-1fd1cdc2c4e2;0d7684e4-a7e3-48f2-a06f-1a5963e0a324;task_overdue;🚨 Task Melewati Deadline;"Task ""Penambahan UI Timeline "" telah melewati deadline!";/project/d7f3bbc8-1f54-4709-a29a-6427c1f5a8d0;false;"{""projectId"":""d7f3bbc8-1f54-4709-a29a-6427c1f5a8d0"",""projectTitle"":""SIMAPROS"",""taskName"":""Penambahan UI Timeline ""}";2026-02-10 02:41:40.642896+00
517512a7-df46-4061-aa07-1bb20ea24da8;29fb61f4-2fba-45eb-ac0b-c31e1beba126;new_meeting;📅 Meeting Baru Dijadwalkan;"Meeting ""user requirements"" dijadwalkan pada 2026-02-12 pukul 15:00:00.";/project/424aaa37-81ae-445c-b401-2a18c1a6a409;false;"{""meetingDate"":""2026-02-12"",""meetingTitle"":""user requirements"",""projectId"":""424aaa37-81ae-445c-b401-2a18c1a6a409""}";2026-02-12 07:21:32.585422+00
502e8511-2bef-4365-801c-d5efb3d52ad5;f33e6211-8ffc-4be9-9e4b-848ce613bdc0;new_meeting;📅 Meeting Baru Dijadwalkan;"Meeting ""user requirements"" dijadwalkan pada 2026-02-12 pukul 15:00:00.";/project/424aaa37-81ae-445c-b401-2a18c1a6a409;true;"{""meetingDate"":""2026-02-12"",""meetingTitle"":""user requirements"",""projectId"":""424aaa37-81ae-445c-b401-2a18c1a6a409""}";2026-02-12 07:21:31.028461+00
4e6c642f-e6ae-4aae-b053-1d7cd9fdf133;186eb126-6bf5-45af-901f-0ea7b2c1018d;new_meeting;📅 Meeting Baru Dijadwalkan;"Meeting ""Konsolidasi HTO IPSTI"" dijadwalkan pada 2026-02-13 pukul 10:00:00.";/timeline;false;"{""meetingDate"":""2026-02-13"",""meetingTitle"":""Konsolidasi HTO IPSTI"",""projectId"":null}";2026-02-13 03:19:21.130459+00
7bb7e150-3e6d-40c2-97a4-51296cf24b92;9cdd2ef8-9811-4ba9-9d19-12e599da16df;meeting_reminder;⏰ Reminder Meeting;"Meeting ""Konsolidasi HTO IPSTI"" akan dilaksanakan hari ini.";/timeline;false;"{""meetingDate"":""2026-02-13"",""meetingTitle"":""Konsolidasi HTO IPSTI"",""projectId"":null}";2026-02-13 07:00:16.765813+00
310c0415-dc9f-475b-891c-05178c4b02bb;186eb126-6bf5-45af-901f-0ea7b2c1018d;meeting_reminder;⏰ Reminder Meeting;"Meeting ""Konsolidasi HTO IPSTI"" akan dilaksanakan hari ini.";/timeline;false;"{""meetingDate"":""2026-02-13"",""meetingTitle"":""Konsolidasi HTO IPSTI"",""projectId"":null}";2026-02-13 07:00:17.383026+00
912b63e6-baef-472c-a26c-2c54de7bc4a4;ab1cfc35-47bb-41f6-9640-a2c55e70c2b2;task_overdue;🚨 Task Melewati Deadline;"Task ""Penambahan UI Timeline "" telah melewati deadline!";/project/d7f3bbc8-1f54-4709-a29a-6427c1f5a8d0;false;"{""projectId"":""d7f3bbc8-1f54-4709-a29a-6427c1f5a8d0"",""projectTitle"":""SIMAPROS"",""taskName"":""Penambahan UI Timeline ""}";2026-02-10 02:41:43.873918+00
2e7a1ba8-a1f5-42a0-abef-5e33a7d9fe72;ab1cfc35-47bb-41f6-9640-a2c55e70c2b2;no_progress_reminder;⏳ Proyek Tanpa Progress;"Proyek ""Form Gamma Knife"" tidak ada progress selama 7 hari terakhir.";/project/424aaa37-81ae-445c-b401-2a18c1a6a409;false;"{""projectId"":""424aaa37-81ae-445c-b401-2a18c1a6a409"",""projectTitle"":""Form Gamma Knife""}";2026-02-10 02:41:43.897646+00
27c471b5-6bef-4665-9989-f297eaf66868;b09bb10d-6bf2-4001-8029-6eb6235ecc52;task_overdue;🚨 Task Melewati Deadline;"Task ""Penambahan UI Timeline "" pada proyek ""SIMAPROS"" telah melewati deadline!";/project/d7f3bbc8-1f54-4709-a29a-6427c1f5a8d0;true;"{""daysRemaining"":-40,""progress"":0,""projectId"":""d7f3bbc8-1f54-4709-a29a-6427c1f5a8d0"",""projectTitle"":""SIMAPROS"",""taskId"":""60850c40-046b-4722-9a35-d86b9315376b"",""taskName"":""Penambahan UI Timeline ""}";2026-02-10 02:41:38.837545+00
a840c642-f181-4c33-bc87-1a67af1575a5;ab1cfc35-47bb-41f6-9640-a2c55e70c2b2;deadline_warning;⚠️ Deadline Mendekat;"Task ""Test Deadline Task"" akan berakhir dalam 3 hari.";/project/efb258e2-81b3-4c8b-95ae-c976879891b4;false;"{""projectId"":""efb258e2-81b3-4c8b-95ae-c976879891b4"",""projectTitle"":""Modernisasi Infrastruktur Jaringan RSCM"",""taskName"":""Test Deadline Task""}";2026-02-10 03:40:51.472496+00
b8c21b06-f9c5-4071-8bd5-4d2f4dfc1e59;b09bb10d-6bf2-4001-8029-6eb6235ecc52;deadline_warning;⚠️ Deadline Mendekat;"Task ""Test Email Deadline"" akan berakhir dalam 5 hari.";/project/efb258e2-81b3-4c8b-95ae-c976879891b4;true;"{""projectId"":""efb258e2-81b3-4c8b-95ae-c976879891b4"",""projectTitle"":""Modernisasi Infrastruktur Jaringan RSCM"",""taskName"":""Test Email Deadline""}";2026-02-10 03:45:13.574866+00
6b01c19b-6545-4114-a777-d26f87c86e56;9cdd2ef8-9811-4ba9-9d19-12e599da16df;task_overdue;🚨 Task Melewati Deadline;"Task ""Penambahan UI Timeline "" telah melewati deadline!";/project/d7f3bbc8-1f54-4709-a29a-6427c1f5a8d0;true;"{""projectId"":""d7f3bbc8-1f54-4709-a29a-6427c1f5a8d0"",""projectTitle"":""SIMAPROS"",""taskName"":""Penambahan UI Timeline ""}";2026-02-10 02:41:41.686622+00
2aa89332-5ef2-4ba3-bbf3-abe4568a0db2;0d7684e4-a7e3-48f2-a06f-1a5963e0a324;task_overdue;🚨 Task Melewati Deadline;"Task ""Site Visit"" pada proyek ""Pengembangan Sistem Harmony"" telah melewati deadline!";/project/49544352-62fb-43b5-918a-af890a41f903;false;"{""daysRemaining"":-71,""progress"":51,""projectId"":""49544352-62fb-43b5-918a-af890a41f903"",""projectTitle"":""Pengembangan Sistem Harmony"",""taskId"":""ecb11257-8b8c-42ce-960c-228f6d6b1a2f"",""taskName"":""Site Visit""}";2026-02-10 03:48:27.761114+00
6e3f9a66-2720-4312-88e8-c106d60d350a;3d2d7772-2bc6-424c-aada-e31e8edef8d0;task_overdue;🚨 Task Melewati Deadline;"Task ""Site Visit"" pada proyek ""Pengembangan Sistem Harmony"" telah melewati deadline!";/project/49544352-62fb-43b5-918a-af890a41f903;true;"{""daysRemaining"":-71,""progress"":51,""projectId"":""49544352-62fb-43b5-918a-af890a41f903"",""projectTitle"":""Pengembangan Sistem Harmony"",""taskId"":""ecb11257-8b8c-42ce-960c-228f6d6b1a2f"",""taskName"":""Site Visit""}";2026-02-10 03:48:27.761114+00
aecadf46-06df-48a2-83f5-03931d1d646f;3d2d7772-2bc6-424c-aada-e31e8edef8d0;task_overdue;🚨 Task Melewati Deadline;"Task ""Site Visit"" telah melewati deadline!";/project/49544352-62fb-43b5-918a-af890a41f903;true;"{""projectId"":""49544352-62fb-43b5-918a-af890a41f903"",""projectTitle"":""Pengembangan Sistem Harmony"",""taskName"":""Site Visit""}";2026-02-10 03:48:29.527389+00
74b4c2c5-4148-47c7-a35c-fe42eb1ae16a;ab1cfc35-47bb-41f6-9640-a2c55e70c2b2;new_meeting;📅 Meeting Baru Dijadwalkan;"Meeting ""Pembahasan Jasa Medis IPTOR"" dijadwalkan pada 2026-06-17 pukul 11:00:00.";/timeline;false;"{""meetingDate"":""2026-06-17"",""meetingTitle"":""Pembahasan Jasa Medis IPTOR"",""projectId"":null}";2026-06-16 12:09:45.78469+00
190a05eb-5790-4d74-bb75-ed5ddcafabd8;9cdd2ef8-9811-4ba9-9d19-12e599da16df;new_meeting;📅 Meeting Baru Dijadwalkan;"Meeting ""user requirements"" dijadwalkan pada 2026-02-12 pukul 15:00:00.";/project/424aaa37-81ae-445c-b401-2a18c1a6a409;true;"{""meetingDate"":""2026-02-12"",""meetingTitle"":""user requirements"",""projectId"":""424aaa37-81ae-445c-b401-2a18c1a6a409""}";2026-02-12 07:21:26.046238+00
22f021cd-011c-4e54-b3d9-41a1cb77fbf4;ab1cfc35-47bb-41f6-9640-a2c55e70c2b2;task_overdue;🚨 Task Melewati Deadline;"Task ""Site Visit"" pada proyek ""Pengembangan Sistem Harmony"" telah melewati deadline!";/project/49544352-62fb-43b5-918a-af890a41f903;false;"{""daysRemaining"":-71,""progress"":51,""projectId"":""49544352-62fb-43b5-918a-af890a41f903"",""projectTitle"":""Pengembangan Sistem Harmony"",""taskId"":""ecb11257-8b8c-42ce-960c-228f6d6b1a2f"",""taskName"":""Site Visit""}";2026-02-10 03:48:27.761114+00
9af042e8-3671-4e0d-b9a0-9857402c1918;ab1cfc35-47bb-41f6-9640-a2c55e70c2b2;new_meeting;📅 Meeting Baru Dijadwalkan;"Meeting ""Konsolidasi HTO IPSTI"" dijadwalkan pada 2026-02-13 pukul 10:00:00.";/timeline;false;"{""meetingDate"":""2026-02-13"",""meetingTitle"":""Konsolidasi HTO IPSTI"",""projectId"":null}";2026-02-13 03:19:21.930426+00
026e0fac-28de-4a03-98c0-2823e08588a7;44366c00-c707-46e9-bc25-a6e0009a77b0;task_overdue;🚨 Task Melewati Deadline;"Task ""Site Visit"" pada proyek ""Pengembangan Sistem Harmony"" telah melewati deadline!";/project/49544352-62fb-43b5-918a-af890a41f903;false;"{""daysRemaining"":-71,""progress"":51,""projectId"":""49544352-62fb-43b5-918a-af890a41f903"",""projectTitle"":""Pengembangan Sistem Harmony"",""taskId"":""ecb11257-8b8c-42ce-960c-228f6d6b1a2f"",""taskName"":""Site Visit""}";2026-02-10 03:48:27.761114+00
bfcf6ce7-5031-4a94-a984-2c60086051fe;29fb61f4-2fba-45eb-ac0b-c31e1beba126;meeting_reminder;⏰ Reminder Meeting;"Meeting ""Konsolidasi HTO IPSTI"" akan dilaksanakan hari ini.";/timeline;false;"{""meetingDate"":""2026-02-13"",""meetingTitle"":""Konsolidasi HTO IPSTI"",""projectId"":null}";2026-02-13 07:00:18.413491+00
5b0bdbba-d0fb-4285-9092-e516f2d93cb9;186eb126-6bf5-45af-901f-0ea7b2c1018d;new_meeting;📅 Meeting Baru Dijadwalkan;"Meeting ""Pembahasan Jasa Medis IPTOR"" dijadwalkan pada 2026-06-17 pukul 11:00:00.";/timeline;false;"{""meetingDate"":""2026-06-17"",""meetingTitle"":""Pembahasan Jasa Medis IPTOR"",""projectId"":null}";2026-06-16 12:09:49.41693+00
97433475-ec26-46f6-835c-1dec4bee6d87;0d7684e4-a7e3-48f2-a06f-1a5963e0a324;task_overdue;🚨 Task Melewati Deadline;"Task ""Site Visit"" telah melewati deadline!";/project/49544352-62fb-43b5-918a-af890a41f903;false;"{""projectId"":""49544352-62fb-43b5-918a-af890a41f903"",""projectTitle"":""Pengembangan Sistem Harmony"",""taskName"":""Site Visit""}";2026-02-10 03:48:27.99898+00
4dd0d198-6c52-4093-850b-3b3dadb502f3;186eb126-6bf5-45af-901f-0ea7b2c1018d;new_meeting;📅 Meeting Baru Dijadwalkan;"Meeting ""Imbal PPDS"" dijadwalkan pada 2026-02-13 pukul 15:00:00.";/timeline;false;"{""meetingDate"":""2026-02-13"",""meetingTitle"":""Imbal PPDS"",""projectId"":null}";2026-02-13 08:29:15.330113+00
9adcfa24-f68e-44ee-a0bf-b2db9f1a8640;29fb61f4-2fba-45eb-ac0b-c31e1beba126;new_meeting;📅 Meeting Baru Dijadwalkan;"Meeting ""Imbal PPDS"" dijadwalkan pada 2026-02-13 pukul 15:00:00.";/timeline;false;"{""meetingDate"":""2026-02-13"",""meetingTitle"":""Imbal PPDS"",""projectId"":null}";2026-02-13 08:29:18.627681+00
8207c47b-af58-4dcb-9540-cdce22d8225c;ab1cfc35-47bb-41f6-9640-a2c55e70c2b2;task_overdue;🚨 Task Melewati Deadline;"Task ""Site Visit"" telah melewati deadline!";/project/49544352-62fb-43b5-918a-af890a41f903;false;"{""projectId"":""49544352-62fb-43b5-918a-af890a41f903"",""projectTitle"":""Pengembangan Sistem Harmony"",""taskName"":""Site Visit""}";2026-02-10 03:48:30.498512+00
8a8217b1-a74a-402a-ab48-c08e51682a84;9cdd2ef8-9811-4ba9-9d19-12e599da16df;new_meeting;📅 Meeting Baru Dijadwalkan;"Meeting ""Initial Technical Meeting"" dijadwalkan pada 2026-02-18 pukul 13:00:00.";/project/49544352-62fb-43b5-918a-af890a41f903;false;"{""meetingDate"":""2026-02-18"",""meetingTitle"":""Initial Technical Meeting"",""projectId"":""49544352-62fb-43b5-918a-af890a41f903""}";2026-02-18 02:09:13.681003+00
4c91414a-6cca-46bf-8e0a-41462be45d58;44366c00-c707-46e9-bc25-a6e0009a77b0;task_overdue;🚨 Task Melewati Deadline;"Task ""Site Visit"" telah melewati deadline!";/project/49544352-62fb-43b5-918a-af890a41f903;false;"{""projectId"":""49544352-62fb-43b5-918a-af890a41f903"",""projectTitle"":""Pengembangan Sistem Harmony"",""taskName"":""Site Visit""}";2026-02-10 03:48:31.368603+00
4fd59388-dfbc-4808-9428-a98424308cc8;186eb126-6bf5-45af-901f-0ea7b2c1018d;new_meeting;📅 Meeting Baru Dijadwalkan;"Meeting ""Initial Technical Meeting"" dijadwalkan pada 2026-02-18 pukul 13:00:00.";/project/49544352-62fb-43b5-918a-af890a41f903;false;"{""meetingDate"":""2026-02-18"",""meetingTitle"":""Initial Technical Meeting"",""projectId"":""49544352-62fb-43b5-918a-af890a41f903""}";2026-02-18 02:09:15.175985+00
4e6bcd3e-56d1-493c-9f81-5024e18edbc3;9cdd2ef8-9811-4ba9-9d19-12e599da16df;task_overdue;🚨 Task Melewati Deadline;"Task ""Site Visit"" pada proyek ""Pengembangan Sistem Harmony"" telah melewati deadline!";/project/49544352-62fb-43b5-918a-af890a41f903;true;"{""daysRemaining"":-71,""progress"":51,""projectId"":""49544352-62fb-43b5-918a-af890a41f903"",""projectTitle"":""Pengembangan Sistem Harmony"",""taskId"":""ecb11257-8b8c-42ce-960c-228f6d6b1a2f"",""taskName"":""Site Visit""}";2026-02-10 03:48:27.761114+00
2a98fae6-3a60-4573-b27c-352ebf2d65a5;9cdd2ef8-9811-4ba9-9d19-12e599da16df;task_overdue;🚨 Task Melewati Deadline;"Task ""Site Visit"" telah melewati deadline!";/project/49544352-62fb-43b5-918a-af890a41f903;true;"{""projectId"":""49544352-62fb-43b5-918a-af890a41f903"",""projectTitle"":""Pengembangan Sistem Harmony"",""taskName"":""Site Visit""}";2026-02-10 03:48:28.953718+00
5389af31-cae6-4813-be5a-a912b0074a70;29fb61f4-2fba-45eb-ac0b-c31e1beba126;task_overdue;🚨 Task Melewati Deadline;"Task ""Site Visit"" pada proyek ""Pengembangan Sistem Harmony"" telah melewati deadline!";/project/49544352-62fb-43b5-918a-af890a41f903;true;"{""daysRemaining"":-71,""progress"":51,""projectId"":""49544352-62fb-43b5-918a-af890a41f903"",""projectTitle"":""Pengembangan Sistem Harmony"",""taskId"":""ecb11257-8b8c-42ce-960c-228f6d6b1a2f"",""taskName"":""Site Visit""}";2026-02-10 03:48:27.761114+00
9a1b4b04-ccfe-4940-b718-21127d2644d6;29fb61f4-2fba-45eb-ac0b-c31e1beba126;task_overdue;🚨 Task Melewati Deadline;"Task ""Site Visit"" telah melewati deadline!";/project/49544352-62fb-43b5-918a-af890a41f903;true;"{""projectId"":""49544352-62fb-43b5-918a-af890a41f903"",""projectTitle"":""Pengembangan Sistem Harmony"",""taskName"":""Site Visit""}";2026-02-10 03:48:31.874743+00
c1f11641-728f-4d19-a0a4-d5e317cddceb;b09bb10d-6bf2-4001-8029-6eb6235ecc52;pending_too_long;📋 Proyek Pending Terlalu Lama;"Proyek ""Modernisasi Infrastruktur Jaringan RSCM"" sudah pending selama 45 hari sejak pengajuan.";/project/efb258e2-81b3-4c8b-95ae-c976879891b4;true;"{""projectId"":""efb258e2-81b3-4c8b-95ae-c976879891b4"",""projectTitle"":""Modernisasi Infrastruktur Jaringan RSCM""}";2026-02-10 03:48:14.824578+00
ef7a3e6a-1c83-4dea-8f19-118ceed1999a;b09bb10d-6bf2-4001-8029-6eb6235ecc52;monev_summary;📊 Rangkuman Monev Diperbarui;"Rangkuman monev untuk proyek ""Modernisasi Infrastruktur Jaringan RSCM"" telah diperbarui.";/project/efb258e2-81b3-4c8b-95ae-c976879891b4;true;"{""projectId"":""efb258e2-81b3-4c8b-95ae-c976879891b4"",""projectTitle"":""Modernisasi Infrastruktur Jaringan RSCM""}";2026-02-10 03:48:18.518646+00
98da523d-6522-43d0-bf08-7991b0958627;b09bb10d-6bf2-4001-8029-6eb6235ecc52;no_progress_reminder;⏳ Proyek Tanpa Progress;"Proyek ""Form Gamma Knife"" tidak ada progress selama 7 hari terakhir.";/project/424aaa37-81ae-445c-b401-2a18c1a6a409;true;"{""projectId"":""424aaa37-81ae-445c-b401-2a18c1a6a409"",""projectTitle"":""Form Gamma Knife""}";2026-02-10 03:49:31.433059+00
e1ad98ac-394b-40c0-b7ab-6cfbcd9658f3;b09bb10d-6bf2-4001-8029-6eb6235ecc52;deadline_warning;⚠️ Deadline Mendekat;"Task ""Review Final"" akan berakhir dalam 3 hari.";/project/7c88cb9d-9424-4446-861b-f2ccfe21924b;true;"{""projectId"":""7c88cb9d-9424-4446-861b-f2ccfe21924b"",""projectTitle"":""Verba"",""taskName"":""Review Final""}";2026-02-10 03:48:16.409177+00
8d286ff6-126d-482d-90e2-4a03ed167942;b09bb10d-6bf2-4001-8029-6eb6235ecc52;task_overdue;🚨 Task Melewati Deadline;"Task ""Site Visit"" telah melewati deadline!";/project/49544352-62fb-43b5-918a-af890a41f903;true;"{""projectId"":""49544352-62fb-43b5-918a-af890a41f903"",""projectTitle"":""Pengembangan Sistem Harmony"",""taskName"":""Site Visit""}";2026-02-10 03:48:28.419891+00
3b0afe8b-e8f1-45eb-a44d-ba3a4c1ec1ef;b09bb10d-6bf2-4001-8029-6eb6235ecc52;task_overdue;🚨 Task Melewati Deadline;"Task ""Penambahan UI Timeline"" telah melewati deadline!";/project/d7f3bbc8-1f54-4709-a29a-6427c1f5a8d0;true;"{""projectId"":""d7f3bbc8-1f54-4709-a29a-6427c1f5a8d0"",""projectTitle"":""SIMAPROS"",""taskName"":""Penambahan UI Timeline""}";2026-02-10 03:48:11.794381+00
5a3d5657-a4cc-411e-ba59-feccfd79cdf8;b09bb10d-6bf2-4001-8029-6eb6235ecc52;task_overdue;🚨 Task Melewati Deadline;"Task ""Site Visit"" pada proyek ""Pengembangan Sistem Harmony"" telah melewati deadline!";/project/49544352-62fb-43b5-918a-af890a41f903;true;"{""daysRemaining"":-71,""progress"":51,""projectId"":""49544352-62fb-43b5-918a-af890a41f903"",""projectTitle"":""Pengembangan Sistem Harmony"",""taskId"":""ecb11257-8b8c-42ce-960c-228f6d6b1a2f"",""taskName"":""Site Visit""}";2026-02-10 03:48:27.761114+00
4ee38d0a-8287-41c1-bfe4-d22d1a7c2cc0;b09bb10d-6bf2-4001-8029-6eb6235ecc52;monev_summary;📊 Rangkuman Monev Diperbarui;"Rangkuman monev untuk proyek ""Pengembangan Sistem Harmony"" telah diperbarui.";/project/49544352-62fb-43b5-918a-af890a41f903;true;"{""projectId"":""49544352-62fb-43b5-918a-af890a41f903"",""projectTitle"":""Pengembangan Sistem Harmony""}";2026-02-11 01:58:52.172098+00
e30319c7-b956-454d-ae14-ab08d9d2fa2b;44366c00-c707-46e9-bc25-a6e0009a77b0;no_progress_reminder;⏳ Proyek Tanpa Progress;"Proyek ""[TEST] Domain Verification"" tidak ada progress selama 7 hari terakhir.";;false;"{""projectTitle"":""[TEST] Domain Verification""}";2026-02-10 04:30:26.742974+00
a2e8b391-6cff-4c9c-a60b-01194a527956;f33e6211-8ffc-4be9-9e4b-848ce613bdc0;new_meeting;📅 Meeting Baru Dijadwalkan;"Meeting ""Pembahasan Jasa Medis IPTOR"" dijadwalkan pada 2026-06-17 pukul 11:00:00.";/timeline;true;"{""meetingDate"":""2026-06-17"",""meetingTitle"":""Pembahasan Jasa Medis IPTOR"",""projectId"":null}";2026-06-16 12:09:46.556438+00
653dc448-9e97-4c2c-ab64-df560477feec;29fb61f4-2fba-45eb-ac0b-c31e1beba126;new_meeting;📅 Meeting Baru Dijadwalkan;"Meeting ""Konsolidasi HTO IPSTI"" dijadwalkan pada 2026-02-13 pukul 10:00:00.";/timeline;false;"{""meetingDate"":""2026-02-13"",""meetingTitle"":""Konsolidasi HTO IPSTI"",""projectId"":null}";2026-02-13 03:19:25.074546+00
41d1597b-7c97-4695-9c24-68e4491bc97c;ab1cfc35-47bb-41f6-9640-a2c55e70c2b2;no_progress_reminder;⏳ Proyek Tanpa Progress;"Proyek ""[TEST] Domain Verification"" tidak ada progress selama 7 hari terakhir.";;false;"{""projectTitle"":""[TEST] Domain Verification""}";2026-02-10 04:30:30.207838+00
ac0fd452-2c1c-4d60-9512-5dc33916f316;b09bb10d-6bf2-4001-8029-6eb6235ecc52;no_progress_reminder;⏳ Proyek Tanpa Progress;"Proyek ""[TEST] Domain Verification"" tidak ada progress selama 7 hari terakhir.";;true;"{""projectTitle"":""[TEST] Domain Verification""}";2026-02-10 04:30:27.182342+00
b0e3db32-4819-4d96-a5eb-1b0a56b723d0;f33e6211-8ffc-4be9-9e4b-848ce613bdc0;no_progress_reminder;⏳ Proyek Tanpa Progress;"Proyek ""[TEST] Domain Verification"" tidak ada progress selama 7 hari terakhir.";;true;"{""projectTitle"":""[TEST] Domain Verification""}";2026-02-10 04:30:29.35822+00
cc719cac-68f9-4823-841a-90c51b61e9cc;9cdd2ef8-9811-4ba9-9d19-12e599da16df;task_overdue;🚨 Task Melewati Deadline;"Task ""Penambahan UI Timeline "" pada proyek ""SIMAPROS"" telah melewati deadline!";/project/d7f3bbc8-1f54-4709-a29a-6427c1f5a8d0;true;"{""daysRemaining"":-40,""progress"":0,""projectId"":""d7f3bbc8-1f54-4709-a29a-6427c1f5a8d0"",""projectTitle"":""SIMAPROS"",""taskId"":""60850c40-046b-4722-9a35-d86b9315376b"",""taskName"":""Penambahan UI Timeline ""}";2026-02-10 02:41:38.837545+00
f4d106bc-2cd7-40f0-b09b-49ae9d3f0d31;9cdd2ef8-9811-4ba9-9d19-12e599da16df;no_progress_reminder;⏳ Proyek Tanpa Progress;"Proyek ""Form Gamma Knife"" tidak ada progress selama 7 hari terakhir.";/project/424aaa37-81ae-445c-b401-2a18c1a6a409;true;"{""projectId"":""424aaa37-81ae-445c-b401-2a18c1a6a409"",""projectTitle"":""Form Gamma Knife""}";2026-02-10 02:41:41.706221+00
4b3a0873-8d38-42ad-af1d-3b359e727fa5;29fb61f4-2fba-45eb-ac0b-c31e1beba126;no_progress_reminder;⏳ Proyek Tanpa Progress;"Proyek ""[TEST] Domain Verification"" tidak ada progress selama 7 hari terakhir.";;true;"{""projectTitle"":""[TEST] Domain Verification""}";2026-02-10 04:30:28.418348+00
f58e2948-776f-4843-9361-d51cc0868da4;cc198c39-16ca-4432-9f7c-b6a1fedaeeec;proposal_approved;🎉 Proposal Disetujui;"Proposal ""Kesesuaian Sistem dengan Perdirut Mengenai Juknis Penilaian Aktivitas Medik, Pengenaan Tarif dan Pembagian Jasa Medik"" telah disetujui dan siap untuk dieksekusi.";/project/48f8b37c-881f-4f0d-a945-2659ebfe3f37;false;"{""adminNote"":"""",""projectId"":""48f8b37c-881f-4f0d-a945-2659ebfe3f37"",""projectTitle"":""Kesesuaian Sistem dengan Perdirut Mengenai Juknis Penilaian Aktivitas Medik, Pengenaan Tarif dan Pembagian Jasa Medik""}";2026-02-11 02:13:12.565914+00
b72cd9a1-8b74-4028-b4ee-0bbe6d769bf0;f33e6211-8ffc-4be9-9e4b-848ce613bdc0;new_meeting;📅 Meeting Baru Dijadwalkan;"Meeting ""Konsolidasi HTO IPSTI"" dijadwalkan pada 2026-02-13 pukul 10:00:00.";/timeline;true;"{""meetingDate"":""2026-02-13"",""meetingTitle"":""Konsolidasi HTO IPSTI"",""projectId"":null}";2026-02-13 03:19:23.424648+00
b7057a5c-7d87-4072-8e45-d7bc22123709;b09bb10d-6bf2-4001-8029-6eb6235ecc52;new_meeting;📅 Meeting Baru Dijadwalkan;"Meeting ""Konsolidasi HTO IPSTI"" dijadwalkan pada 2026-02-13 pukul 10:00:00.";/timeline;true;"{""meetingDate"":""2026-02-13"",""meetingTitle"":""Konsolidasi HTO IPSTI"",""projectId"":null}";2026-02-13 03:19:18.573816+00
dee89ea5-59c7-4b5b-af64-e8f784004133;ab1cfc35-47bb-41f6-9640-a2c55e70c2b2;new_meeting;📅 Meeting Baru Dijadwalkan;"Meeting ""Imbal PPDS"" dijadwalkan pada 2026-02-13 pukul 15:00:00.";/timeline;false;"{""meetingDate"":""2026-02-13"",""meetingTitle"":""Imbal PPDS"",""projectId"":null}";2026-02-13 08:29:16.148965+00
ba8317b2-1927-4726-9eb5-ebcd5ee50618;b09bb10d-6bf2-4001-8029-6eb6235ecc52;new_meeting;📅 Meeting Baru Dijadwalkan;"Meeting ""Imbal PPDS"" dijadwalkan pada 2026-02-13 pukul 15:00:00.";/timeline;true;"{""meetingDate"":""2026-02-13"",""meetingTitle"":""Imbal PPDS"",""projectId"":null}";2026-02-13 08:29:12.67369+00
4f2fd165-3b3d-4b71-b9e5-bb323a30d37b;ae199846-f8f2-4f4b-998d-ea5f88b6a520;no_progress_reminder;⏳ Proyek Tanpa Progress;"Proyek ""[TEST] Domain Verification"" tidak ada progress selama 7 hari terakhir.";;true;"{""projectTitle"":""[TEST] Domain Verification""}";2026-02-10 04:30:27.532853+00
9ba9e85f-3acb-46e4-aa4f-199dfd6f63a6;ab1cfc35-47bb-41f6-9640-a2c55e70c2b2;new_meeting;📅 Meeting Baru Dijadwalkan;"Meeting ""Initial Technical Meeting"" dijadwalkan pada 2026-02-18 pukul 13:00:00.";/project/49544352-62fb-43b5-918a-af890a41f903;false;"{""meetingDate"":""2026-02-18"",""meetingTitle"":""Initial Technical Meeting"",""projectId"":""49544352-62fb-43b5-918a-af890a41f903""}";2026-02-18 02:09:15.929562+00
4ef348d8-c96f-4b8d-9df4-e031566181c3;b09bb10d-6bf2-4001-8029-6eb6235ecc52;new_meeting;📅 Meeting Baru Dijadwalkan;"Meeting ""Pembahasan Capaian Antrian Online, Validasi Biometrik, dan Surat Kontrol JKN"" dijadwalkan pada 2026-06-17 pukul 14:00:00.";/timeline;false;"{""meetingDate"":""2026-06-17"",""meetingTitle"":""Pembahasan Capaian Antrian Online, Validasi Biometrik, dan Surat Kontrol JKN"",""projectId"":null}";2026-06-16 12:10:59.228153+00
6dc195fb-3eaa-49fd-9958-cc0f232cca84;44366c00-c707-46e9-bc25-a6e0009a77b0;new_meeting;📅 Meeting Baru Dijadwalkan;"Meeting ""Initial Technical Meeting"" dijadwalkan pada 2026-02-18 pukul 13:00:00.";/project/49544352-62fb-43b5-918a-af890a41f903;false;"{""meetingDate"":""2026-02-18"",""meetingTitle"":""Initial Technical Meeting"",""projectId"":""49544352-62fb-43b5-918a-af890a41f903""}";2026-02-18 02:09:17.465743+00
32bc3d34-b2f3-4eb5-995f-d88a5f05c307;f33e6211-8ffc-4be9-9e4b-848ce613bdc0;new_meeting;📅 Meeting Baru Dijadwalkan;"Meeting ""Initial Technical Meeting"" dijadwalkan pada 2026-02-18 pukul 13:00:00.";/project/49544352-62fb-43b5-918a-af890a41f903;true;"{""meetingDate"":""2026-02-18"",""meetingTitle"":""Initial Technical Meeting"",""projectId"":""49544352-62fb-43b5-918a-af890a41f903""}";2026-02-18 02:09:16.683324+00
842f90e6-4135-4bdd-91f1-f8efd70b46f8;44366c00-c707-46e9-bc25-a6e0009a77b0;new_meeting;📅 Meeting Baru Dijadwalkan;"Meeting ""Pembahasan Capaian Antrian Online, Validasi Biometrik, dan Surat Kontrol JKN"" dijadwalkan pada 2026-06-17 pukul 14:00:00.";/timeline;false;"{""meetingDate"":""2026-06-17"",""meetingTitle"":""Pembahasan Capaian Antrian Online, Validasi Biometrik, dan Surat Kontrol JKN"",""projectId"":null}";2026-06-16 12:11:03.56134+00
f04a115e-f1c9-4764-a85f-2f36e4b03c5e;29fb61f4-2fba-45eb-ac0b-c31e1beba126;new_meeting;📅 Meeting Baru Dijadwalkan;"Meeting ""Initial Technical Meeting"" dijadwalkan pada 2026-02-18 pukul 13:00:00.";/project/49544352-62fb-43b5-918a-af890a41f903;false;"{""meetingDate"":""2026-02-18"",""meetingTitle"":""Initial Technical Meeting"",""projectId"":""49544352-62fb-43b5-918a-af890a41f903""}";2026-02-18 02:09:18.253377+00
9c76a3f2-8a7c-4d3b-8169-959291906a66;9cdd2ef8-9811-4ba9-9d19-12e599da16df;new_meeting;📅 Meeting Baru Dijadwalkan;"Meeting ""Pembahasan Capaian Antrian Online, Validasi Biometrik, dan Surat Kontrol JKN"" dijadwalkan pada 2026-06-17 pukul 14:00:00.";/timeline;false;"{""meetingDate"":""2026-06-17"",""meetingTitle"":""Pembahasan Capaian Antrian Online, Validasi Biometrik, dan Surat Kontrol JKN"",""projectId"":null}";2026-06-16 12:11:00.020109+00
05a6e055-3a5f-45c7-9891-ae67ca9817ed;29fb61f4-2fba-45eb-ac0b-c31e1beba126;new_meeting;📅 Meeting Baru Dijadwalkan;"Meeting ""Pembahasan Capaian Antrian Online, Validasi Biometrik, dan Surat Kontrol JKN"" dijadwalkan pada 2026-06-17 pukul 14:00:00.";/timeline;false;"{""meetingDate"":""2026-06-17"",""meetingTitle"":""Pembahasan Capaian Antrian Online, Validasi Biometrik, dan Surat Kontrol JKN"",""projectId"":null}";2026-06-16 12:11:04.327589+00
a1d08ef6-19b9-43ee-8561-cd0698575d3b;3d2d7772-2bc6-424c-aada-e31e8edef8d0;new_meeting;📅 Meeting Baru Dijadwalkan;"Meeting ""Pembahasan Capaian Antrian Online, Validasi Biometrik, dan Surat Kontrol JKN"" dijadwalkan pada 2026-06-17 pukul 14:00:00.";/timeline;false;"{""meetingDate"":""2026-06-17"",""meetingTitle"":""Pembahasan Capaian Antrian Online, Validasi Biometrik, dan Surat Kontrol JKN"",""projectId"":null}";2026-06-16 12:11:00.837722+00
e272c35c-becb-4aab-b4ba-e2b98f967834;9cdd2ef8-9811-4ba9-9d19-12e599da16df;meeting_reminder;⏰ Reminder Meeting;"Meeting ""Initial Technical Meeting"" akan dilaksanakan hari ini.";/project/49544352-62fb-43b5-918a-af890a41f903;false;"{""meetingDate"":""2026-02-18"",""meetingTitle"":""Initial Technical Meeting"",""projectId"":""49544352-62fb-43b5-918a-af890a41f903""}";2026-02-18 07:00:13.965235+00
23ca7887-8e33-4c9f-b6a0-f403d4a96f68;3d2d7772-2bc6-424c-aada-e31e8edef8d0;meeting_reminder;⏰ Reminder Meeting;"Meeting ""Initial Technical Meeting"" akan dilaksanakan hari ini.";/project/49544352-62fb-43b5-918a-af890a41f903;false;"{""meetingDate"":""2026-02-18"",""meetingTitle"":""Initial Technical Meeting"",""projectId"":""49544352-62fb-43b5-918a-af890a41f903""}";2026-02-18 07:00:14.336102+00
08d7ba85-3ca0-4be3-8ae8-3ba7faf05303;186eb126-6bf5-45af-901f-0ea7b2c1018d;meeting_reminder;⏰ Reminder Meeting;"Meeting ""Initial Technical Meeting"" akan dilaksanakan hari ini.";/project/49544352-62fb-43b5-918a-af890a41f903;false;"{""meetingDate"":""2026-02-18"",""meetingTitle"":""Initial Technical Meeting"",""projectId"":""49544352-62fb-43b5-918a-af890a41f903""}";2026-02-18 07:00:14.77734+00
31236940-c815-4885-843f-726ff17ad0ae;ab1cfc35-47bb-41f6-9640-a2c55e70c2b2;meeting_reminder;⏰ Reminder Meeting;"Meeting ""Initial Technical Meeting"" akan dilaksanakan hari ini.";/project/49544352-62fb-43b5-918a-af890a41f903;false;"{""meetingDate"":""2026-02-18"",""meetingTitle"":""Initial Technical Meeting"",""projectId"":""49544352-62fb-43b5-918a-af890a41f903""}";2026-02-18 07:00:15.113593+00
936d36ef-bff4-48d3-a6ec-225eae8454e1;ae199846-f8f2-4f4b-998d-ea5f88b6a520;new_meeting;📅 Meeting Baru Dijadwalkan;"Meeting ""Pembahasan Capaian Antrian Online, Validasi Biometrik, dan Surat Kontrol JKN"" dijadwalkan pada 2026-06-17 pukul 14:00:00.";/timeline;true;"{""meetingDate"":""2026-06-17"",""meetingTitle"":""Pembahasan Capaian Antrian Online, Validasi Biometrik, dan Surat Kontrol JKN"",""projectId"":null}";2026-06-16 12:11:05.366604+00
739a4ff0-e986-499e-addd-0bca9f9d5da0;44366c00-c707-46e9-bc25-a6e0009a77b0;meeting_reminder;⏰ Reminder Meeting;"Meeting ""Initial Technical Meeting"" akan dilaksanakan hari ini.";/project/49544352-62fb-43b5-918a-af890a41f903;false;"{""meetingDate"":""2026-02-18"",""meetingTitle"":""Initial Technical Meeting"",""projectId"":""49544352-62fb-43b5-918a-af890a41f903""}";2026-02-18 07:00:15.624047+00
05d6c372-5929-4525-8dc6-05e2c792ba6b;29fb61f4-2fba-45eb-ac0b-c31e1beba126;meeting_reminder;⏰ Reminder Meeting;"Meeting ""Initial Technical Meeting"" akan dilaksanakan hari ini.";/project/49544352-62fb-43b5-918a-af890a41f903;false;"{""meetingDate"":""2026-02-18"",""meetingTitle"":""Initial Technical Meeting"",""projectId"":""49544352-62fb-43b5-918a-af890a41f903""}";2026-02-18 07:00:15.828938+00
19adbbd9-af17-4368-9949-e2530903f44b;f33e6211-8ffc-4be9-9e4b-848ce613bdc0;meeting_reminder;⏰ Reminder Meeting;"Meeting ""Initial Technical Meeting"" akan dilaksanakan hari ini.";/project/49544352-62fb-43b5-918a-af890a41f903;true;"{""meetingDate"":""2026-02-18"",""meetingTitle"":""Initial Technical Meeting"",""projectId"":""49544352-62fb-43b5-918a-af890a41f903""}";2026-02-18 07:00:15.367658+00
21ef57ba-825b-497a-9bb8-e56385c94289;b09bb10d-6bf2-4001-8029-6eb6235ecc52;meeting_reminder;⏰ Reminder Meeting;"Meeting ""Initial Technical Meeting"" akan dilaksanakan hari ini.";/project/49544352-62fb-43b5-918a-af890a41f903;true;"{""meetingDate"":""2026-02-18"",""meetingTitle"":""Initial Technical Meeting"",""projectId"":""49544352-62fb-43b5-918a-af890a41f903""}";2026-02-18 07:00:13.5864+00
797deb96-65fd-4359-864e-2dbbd358284b;ae199846-f8f2-4f4b-998d-ea5f88b6a520;new_meeting;📅 Meeting Baru Dijadwalkan;"Meeting ""Initial Technical Meeting"" dijadwalkan pada 2026-02-18 pukul 13:00:00.";/project/49544352-62fb-43b5-918a-af890a41f903;true;"{""meetingDate"":""2026-02-18"",""meetingTitle"":""Initial Technical Meeting"",""projectId"":""49544352-62fb-43b5-918a-af890a41f903""}";2026-02-18 02:09:18.993723+00
52925464-1969-4e6b-bce8-fe686d313de4;ae199846-f8f2-4f4b-998d-ea5f88b6a520;meeting_reminder;⏰ Reminder Meeting;"Meeting ""Initial Technical Meeting"" akan dilaksanakan hari ini.";/project/49544352-62fb-43b5-918a-af890a41f903;true;"{""meetingDate"":""2026-02-18"",""meetingTitle"":""Initial Technical Meeting"",""projectId"":""49544352-62fb-43b5-918a-af890a41f903""}";2026-02-18 07:00:16.097483+00
9930f5d1-f6f7-4fc1-b574-192d2fb2db08;9cdd2ef8-9811-4ba9-9d19-12e599da16df;new_meeting;📅 Meeting Baru Dijadwalkan;"Meeting ""Meet dengan Pak Edhi"" dijadwalkan pada 2026-02-19 pukul 10:30:00.";/timeline;false;"{""meetingDate"":""2026-02-19"",""meetingTitle"":""Meet dengan Pak Edhi"",""projectId"":null}";2026-02-19 00:55:33.951213+00
8e0e725d-f8a7-40e6-ba45-552c9d673559;3d2d7772-2bc6-424c-aada-e31e8edef8d0;new_meeting;📅 Meeting Baru Dijadwalkan;"Meeting ""Meet dengan Pak Edhi"" dijadwalkan pada 2026-02-19 pukul 10:30:00.";/timeline;false;"{""meetingDate"":""2026-02-19"",""meetingTitle"":""Meet dengan Pak Edhi"",""projectId"":null}";2026-02-19 00:55:35.446211+00
ccc3e6e5-29dc-49e7-93cb-f0e0d61f4915;186eb126-6bf5-45af-901f-0ea7b2c1018d;new_meeting;📅 Meeting Baru Dijadwalkan;"Meeting ""Meet dengan Pak Edhi"" dijadwalkan pada 2026-02-19 pukul 10:30:00.";/timeline;false;"{""meetingDate"":""2026-02-19"",""meetingTitle"":""Meet dengan Pak Edhi"",""projectId"":null}";2026-02-19 00:55:36.216629+00
8e4b44ce-160a-456d-82ac-29d5dde9d330;ab1cfc35-47bb-41f6-9640-a2c55e70c2b2;new_meeting;📅 Meeting Baru Dijadwalkan;"Meeting ""Meet dengan Pak Edhi"" dijadwalkan pada 2026-02-19 pukul 10:30:00.";/timeline;false;"{""meetingDate"":""2026-02-19"",""meetingTitle"":""Meet dengan Pak Edhi"",""projectId"":null}";2026-02-19 00:55:37.001178+00
1b6fa6be-e1b4-4aa0-aaf9-9cefd9f9e26e;ab1cfc35-47bb-41f6-9640-a2c55e70c2b2;new_meeting;📅 Meeting Baru Dijadwalkan;"Meeting ""Pembahasan Capaian Antrian Online, Validasi Biometrik, dan Surat Kontrol JKN"" dijadwalkan pada 2026-06-17 pukul 14:00:00.";/timeline;false;"{""meetingDate"":""2026-06-17"",""meetingTitle"":""Pembahasan Capaian Antrian Online, Validasi Biometrik, dan Surat Kontrol JKN"",""projectId"":null}";2026-06-16 12:11:01.633959+00
fe1fb1dd-074a-4413-a413-84cb1badfa5c;44366c00-c707-46e9-bc25-a6e0009a77b0;new_meeting;📅 Meeting Baru Dijadwalkan;"Meeting ""Meet dengan Pak Edhi"" dijadwalkan pada 2026-02-19 pukul 10:30:00.";/timeline;false;"{""meetingDate"":""2026-02-19"",""meetingTitle"":""Meet dengan Pak Edhi"",""projectId"":null}";2026-02-19 00:55:38.57686+00
27a47eda-7c3c-42a3-b392-6e1dc78b1cf3;186eb126-6bf5-45af-901f-0ea7b2c1018d;new_meeting;📅 Meeting Baru Dijadwalkan;"Meeting ""Pembahasan Capaian Antrian Online, Validasi Biometrik, dan Surat Kontrol JKN"" dijadwalkan pada 2026-06-17 pukul 14:00:00.";/timeline;false;"{""meetingDate"":""2026-06-17"",""meetingTitle"":""Pembahasan Capaian Antrian Online, Validasi Biometrik, dan Surat Kontrol JKN"",""projectId"":null}";2026-06-16 12:11:06.134659+00
4fea0a49-3d36-46c5-8bf2-89cefc0c1ec4;f33e6211-8ffc-4be9-9e4b-848ce613bdc0;new_meeting;📅 Meeting Baru Dijadwalkan;"Meeting ""Meet dengan Pak Edhi"" dijadwalkan pada 2026-02-19 pukul 10:30:00.";/timeline;true;"{""meetingDate"":""2026-02-19"",""meetingTitle"":""Meet dengan Pak Edhi"",""projectId"":null}";2026-02-19 00:55:37.77409+00
6573eeec-8d75-4435-8afa-4e55ef956359;ae199846-f8f2-4f4b-998d-ea5f88b6a520;new_meeting;📅 Meeting Baru Dijadwalkan;"Meeting ""Meet dengan Pak Edhi"" dijadwalkan pada 2026-02-19 pukul 10:30:00.";/timeline;true;"{""meetingDate"":""2026-02-19"",""meetingTitle"":""Meet dengan Pak Edhi"",""projectId"":null}";2026-02-19 00:55:40.127736+00
c0700c19-fb7f-4455-8de7-258200e0dab7;29fb61f4-2fba-45eb-ac0b-c31e1beba126;new_meeting;📅 Meeting Baru Dijadwalkan;"Meeting ""Meet dengan Pak Edhi"" dijadwalkan pada 2026-02-19 pukul 10:30:00.";/timeline;false;"{""meetingDate"":""2026-02-19"",""meetingTitle"":""Meet dengan Pak Edhi"",""projectId"":null}";2026-02-19 00:55:39.340612+00
7a40ccf9-808a-444d-875d-3ae31670ac54;b09bb10d-6bf2-4001-8029-6eb6235ecc52;new_meeting;📅 Meeting Baru Dijadwalkan;"Meeting ""Meet dengan Pak Edhi"" dijadwalkan pada 2026-02-19 pukul 10:30:00.";/timeline;true;"{""meetingDate"":""2026-02-19"",""meetingTitle"":""Meet dengan Pak Edhi"",""projectId"":null}";2026-02-19 00:55:32.399491+00
60fe805a-e9d3-47a9-9f6f-b5a8a206012d;b09bb10d-6bf2-4001-8029-6eb6235ecc52;new_meeting;📅 Meeting Baru Dijadwalkan;"Meeting ""Initial Technical Meeting"" dijadwalkan pada 2026-02-18 pukul 13:00:00.";/project/49544352-62fb-43b5-918a-af890a41f903;true;"{""meetingDate"":""2026-02-18"",""meetingTitle"":""Initial Technical Meeting"",""projectId"":""49544352-62fb-43b5-918a-af890a41f903""}";2026-02-18 02:09:12.851827+00
dc8ec088-0c20-4f98-bcbb-2c99064d2ea4;b09bb10d-6bf2-4001-8029-6eb6235ecc52;meeting_reminder;⏰ Reminder Meeting;"Meeting ""Meet dengan Pak Edhi"" akan dilaksanakan hari ini.";/timeline;false;"{""meetingDate"":""2026-02-19"",""meetingTitle"":""Meet dengan Pak Edhi"",""projectId"":null}";2026-02-19 07:00:11.788948+00
efed6420-3296-4581-aa85-e514806f96ed;9cdd2ef8-9811-4ba9-9d19-12e599da16df;meeting_reminder;⏰ Reminder Meeting;"Meeting ""Meet dengan Pak Edhi"" akan dilaksanakan hari ini.";/timeline;false;"{""meetingDate"":""2026-02-19"",""meetingTitle"":""Meet dengan Pak Edhi"",""projectId"":null}";2026-02-19 07:00:13.527206+00
ec7691a3-2b06-4b38-b717-548941b69a5a;3d2d7772-2bc6-424c-aada-e31e8edef8d0;meeting_reminder;⏰ Reminder Meeting;"Meeting ""Meet dengan Pak Edhi"" akan dilaksanakan hari ini.";/timeline;false;"{""meetingDate"":""2026-02-19"",""meetingTitle"":""Meet dengan Pak Edhi"",""projectId"":null}";2026-02-19 07:00:14.198002+00
d0b61c2c-09ef-4f7b-950c-99ee25ba5e9f;186eb126-6bf5-45af-901f-0ea7b2c1018d;meeting_reminder;⏰ Reminder Meeting;"Meeting ""Meet dengan Pak Edhi"" akan dilaksanakan hari ini.";/timeline;false;"{""meetingDate"":""2026-02-19"",""meetingTitle"":""Meet dengan Pak Edhi"",""projectId"":null}";2026-02-19 07:00:14.601278+00
965423e8-2ee8-47ac-81a7-89b860846d2b;ab1cfc35-47bb-41f6-9640-a2c55e70c2b2;meeting_reminder;⏰ Reminder Meeting;"Meeting ""Meet dengan Pak Edhi"" akan dilaksanakan hari ini.";/timeline;false;"{""meetingDate"":""2026-02-19"",""meetingTitle"":""Meet dengan Pak Edhi"",""projectId"":null}";2026-02-19 07:00:14.874404+00
164578de-ef46-432a-907d-ddb8d5979efd;44366c00-c707-46e9-bc25-a6e0009a77b0;meeting_reminder;⏰ Reminder Meeting;"Meeting ""Meet dengan Pak Edhi"" akan dilaksanakan hari ini.";/timeline;false;"{""meetingDate"":""2026-02-19"",""meetingTitle"":""Meet dengan Pak Edhi"",""projectId"":null}";2026-02-19 07:00:15.436113+00
71a02286-9783-4971-8d89-e42f4bae3cc3;29fb61f4-2fba-45eb-ac0b-c31e1beba126;meeting_reminder;⏰ Reminder Meeting;"Meeting ""Meet dengan Pak Edhi"" akan dilaksanakan hari ini.";/timeline;false;"{""meetingDate"":""2026-02-19"",""meetingTitle"":""Meet dengan Pak Edhi"",""projectId"":null}";2026-02-19 07:00:15.647527+00
f6d00568-ff48-45bb-a41e-6fd6cf99b31c;b09bb10d-6bf2-4001-8029-6eb6235ecc52;new_meeting;📅 Meeting Baru Dijadwalkan;"Meeting ""Meet membahas website RSCM yg baru"" dijadwalkan pada 2026-02-20 pukul 10:00:00.";/timeline;false;"{""meetingDate"":""2026-02-20"",""meetingTitle"":""Meet membahas website RSCM yg baru"",""projectId"":null}";2026-02-20 03:36:05.457697+00
fab2424e-14ca-4e5d-9af6-9b3eafe602f8;9cdd2ef8-9811-4ba9-9d19-12e599da16df;new_meeting;📅 Meeting Baru Dijadwalkan;"Meeting ""Meet membahas website RSCM yg baru"" dijadwalkan pada 2026-02-20 pukul 10:00:00.";/timeline;false;"{""meetingDate"":""2026-02-20"",""meetingTitle"":""Meet membahas website RSCM yg baru"",""projectId"":null}";2026-02-20 03:36:06.323947+00
23fe9aed-9beb-41c8-b333-27471fada853;3d2d7772-2bc6-424c-aada-e31e8edef8d0;new_meeting;📅 Meeting Baru Dijadwalkan;"Meeting ""Meet membahas website RSCM yg baru"" dijadwalkan pada 2026-02-20 pukul 10:00:00.";/timeline;false;"{""meetingDate"":""2026-02-20"",""meetingTitle"":""Meet membahas website RSCM yg baru"",""projectId"":null}";2026-02-20 03:36:07.092787+00
b39cc889-86a5-4a20-8676-17256a01fe29;186eb126-6bf5-45af-901f-0ea7b2c1018d;new_meeting;📅 Meeting Baru Dijadwalkan;"Meeting ""Meet membahas website RSCM yg baru"" dijadwalkan pada 2026-02-20 pukul 10:00:00.";/timeline;false;"{""meetingDate"":""2026-02-20"",""meetingTitle"":""Meet membahas website RSCM yg baru"",""projectId"":null}";2026-02-20 03:36:08.165509+00
c1b13dbe-fd03-484d-ab28-1e236595f989;ab1cfc35-47bb-41f6-9640-a2c55e70c2b2;new_meeting;📅 Meeting Baru Dijadwalkan;"Meeting ""Meet membahas website RSCM yg baru"" dijadwalkan pada 2026-02-20 pukul 10:00:00.";/timeline;false;"{""meetingDate"":""2026-02-20"",""meetingTitle"":""Meet membahas website RSCM yg baru"",""projectId"":null}";2026-02-20 03:36:08.955414+00
fffa2dec-0335-4cfd-a88a-d5e183b61d03;44366c00-c707-46e9-bc25-a6e0009a77b0;new_meeting;📅 Meeting Baru Dijadwalkan;"Meeting ""Meet membahas website RSCM yg baru"" dijadwalkan pada 2026-02-20 pukul 10:00:00.";/timeline;false;"{""meetingDate"":""2026-02-20"",""meetingTitle"":""Meet membahas website RSCM yg baru"",""projectId"":null}";2026-02-20 03:36:10.465858+00
62bd40b1-cc38-4479-aeb2-797ba49c5d59;29fb61f4-2fba-45eb-ac0b-c31e1beba126;new_meeting;📅 Meeting Baru Dijadwalkan;"Meeting ""Meet membahas website RSCM yg baru"" dijadwalkan pada 2026-02-20 pukul 10:00:00.";/timeline;false;"{""meetingDate"":""2026-02-20"",""meetingTitle"":""Meet membahas website RSCM yg baru"",""projectId"":null}";2026-02-20 03:36:11.216008+00
a87f3d56-7e86-4f6f-9cc0-0f6ff4652881;f33e6211-8ffc-4be9-9e4b-848ce613bdc0;new_meeting;📅 Meeting Baru Dijadwalkan;"Meeting ""Meet membahas website RSCM yg baru"" dijadwalkan pada 2026-02-20 pukul 10:00:00.";/timeline;true;"{""meetingDate"":""2026-02-20"",""meetingTitle"":""Meet membahas website RSCM yg baru"",""projectId"":null}";2026-02-20 03:36:09.718096+00
8d50f3a9-77e7-4055-af8c-aee685434183;f33e6211-8ffc-4be9-9e4b-848ce613bdc0;meeting_reminder;⏰ Reminder Meeting;"Meeting ""Meet dengan Pak Edhi"" akan dilaksanakan hari ini.";/timeline;true;"{""meetingDate"":""2026-02-19"",""meetingTitle"":""Meet dengan Pak Edhi"",""projectId"":null}";2026-02-19 07:00:15.135966+00
7ee1f30b-e304-481c-abf9-92686f8ce465;b09bb10d-6bf2-4001-8029-6eb6235ecc52;new_meeting;📅 Meeting Baru Dijadwalkan;"Meeting ""Meet dengan Pak edhi"" dijadwalkan pada 2026-02-25 pukul 10:30:00.";/timeline;false;"{""meetingDate"":""2026-02-25"",""meetingTitle"":""Meet dengan Pak edhi"",""projectId"":null}";2026-02-20 03:48:08.52338+00
dc7e07ed-9484-4e25-a79a-d1967cbebc57;9cdd2ef8-9811-4ba9-9d19-12e599da16df;new_meeting;📅 Meeting Baru Dijadwalkan;"Meeting ""Meet dengan Pak edhi"" dijadwalkan pada 2026-02-25 pukul 10:30:00.";/timeline;false;"{""meetingDate"":""2026-02-25"",""meetingTitle"":""Meet dengan Pak edhi"",""projectId"":null}";2026-02-20 03:48:10.013373+00
4f560f05-ff3c-4f36-8274-5d00b01378d7;3d2d7772-2bc6-424c-aada-e31e8edef8d0;new_meeting;📅 Meeting Baru Dijadwalkan;"Meeting ""Meet dengan Pak edhi"" dijadwalkan pada 2026-02-25 pukul 10:30:00.";/timeline;false;"{""meetingDate"":""2026-02-25"",""meetingTitle"":""Meet dengan Pak edhi"",""projectId"":null}";2026-02-20 03:48:10.757415+00
5ce24e88-c4ea-4ad9-85bd-84512b624acf;186eb126-6bf5-45af-901f-0ea7b2c1018d;new_meeting;📅 Meeting Baru Dijadwalkan;"Meeting ""Meet dengan Pak edhi"" dijadwalkan pada 2026-02-25 pukul 10:30:00.";/timeline;false;"{""meetingDate"":""2026-02-25"",""meetingTitle"":""Meet dengan Pak edhi"",""projectId"":null}";2026-02-20 03:48:11.546856+00
4b623541-ed13-48de-913f-7f63b71e9a10;ae199846-f8f2-4f4b-998d-ea5f88b6a520;meeting_reminder;⏰ Reminder Meeting;"Meeting ""Meet dengan Pak Edhi"" akan dilaksanakan hari ini.";/timeline;true;"{""meetingDate"":""2026-02-19"",""meetingTitle"":""Meet dengan Pak Edhi"",""projectId"":null}";2026-02-19 07:00:15.869209+00
c283e1f9-53f7-4ef2-a831-b8ee1df11316;ae199846-f8f2-4f4b-998d-ea5f88b6a520;new_meeting;📅 Meeting Baru Dijadwalkan;"Meeting ""Meet membahas website RSCM yg baru"" dijadwalkan pada 2026-02-20 pukul 10:00:00.";/timeline;true;"{""meetingDate"":""2026-02-20"",""meetingTitle"":""Meet membahas website RSCM yg baru"",""projectId"":null}";2026-02-20 03:36:12.011294+00
8597d55c-cb3e-4217-9c02-6b3a1a46bba6;44366c00-c707-46e9-bc25-a6e0009a77b0;public_submission;Pengajuan Proyek Eksternal Baru;Pengajuan baru dari tyo (admin rscm): coba coba;/public-submissions;false;{};2026-04-27 03:16:54.590827+00
1e8ed2f7-7fbc-44ac-95d1-a4bc407444b2;29fb61f4-2fba-45eb-ac0b-c31e1beba126;public_submission;Pengajuan Proyek Eksternal Baru;Pengajuan baru dari tyo (admin rscm): coba coba;/public-submissions;false;{};2026-04-27 03:16:54.590827+00
9450ac55-8657-4af9-a839-95d3353b0010;ab1cfc35-47bb-41f6-9640-a2c55e70c2b2;new_meeting;📅 Meeting Baru Dijadwalkan;"Meeting ""Meet dengan Pak edhi"" dijadwalkan pada 2026-02-25 pukul 10:30:00.";/timeline;false;"{""meetingDate"":""2026-02-25"",""meetingTitle"":""Meet dengan Pak edhi"",""projectId"":null}";2026-02-20 03:48:12.285193+00
5637934e-5f63-4c8c-86c5-40da58a6157f;ae199846-f8f2-4f4b-998d-ea5f88b6a520;new_meeting;📅 Meeting Baru Dijadwalkan;"Meeting ""Meet dengan Pak edhi"" dijadwalkan pada 2026-02-25 pukul 10:30:00.";/timeline;true;"{""meetingDate"":""2026-02-25"",""meetingTitle"":""Meet dengan Pak edhi"",""projectId"":null}";2026-02-20 03:48:15.294918+00
4f40af9a-fd1a-40b6-9114-aeb384b86e3a;f33e6211-8ffc-4be9-9e4b-848ce613bdc0;new_meeting;📅 Meeting Baru Dijadwalkan;"Meeting ""Pembahasan Capaian Antrian Online, Validasi Biometrik, dan Surat Kontrol JKN"" dijadwalkan pada 2026-06-17 pukul 14:00:00.";/timeline;true;"{""meetingDate"":""2026-06-17"",""meetingTitle"":""Pembahasan Capaian Antrian Online, Validasi Biometrik, dan Surat Kontrol JKN"",""projectId"":null}";2026-06-16 12:11:02.402079+00
ac88f811-cb45-4393-8630-c0cda4770302;ae199846-f8f2-4f4b-998d-ea5f88b6a520;new_meeting;📅 Meeting Baru Dijadwalkan;"Meeting ""Pembahasan Jasa Medis IPTOR"" dijadwalkan pada 2026-06-17 pukul 11:00:00.";/timeline;true;"{""meetingDate"":""2026-06-17"",""meetingTitle"":""Pembahasan Jasa Medis IPTOR"",""projectId"":null}";2026-06-16 12:09:48.721058+00
7670b449-b0a6-46ab-a6b1-c5fb0b6c6cb0;f33e6211-8ffc-4be9-9e4b-848ce613bdc0;new_meeting;📅 Meeting Baru Dijadwalkan;"Meeting ""Meet dengan Pak edhi"" dijadwalkan pada 2026-02-25 pukul 10:30:00.";/timeline;true;"{""meetingDate"":""2026-02-25"",""meetingTitle"":""Meet dengan Pak edhi"",""projectId"":null}";2026-02-20 03:48:13.030246+00
b134101e-6448-48e5-a431-63c107f9496a;44366c00-c707-46e9-bc25-a6e0009a77b0;new_meeting;📅 Meeting Baru Dijadwalkan;"Meeting ""Meet dengan Pak edhi"" dijadwalkan pada 2026-02-25 pukul 10:30:00.";/timeline;false;"{""meetingDate"":""2026-02-25"",""meetingTitle"":""Meet dengan Pak edhi"",""projectId"":null}";2026-02-20 03:48:13.761345+00
d9d733e4-76b3-4d51-8e16-bc56ffd0084e;b09bb10d-6bf2-4001-8029-6eb6235ecc52;new_meeting;📅 Meeting Baru Dijadwalkan;"Meeting ""Meet dengan Serenic"" dijadwalkan pada 2026-06-17 pukul 13:30:00.";/timeline;false;"{""meetingDate"":""2026-06-17"",""meetingTitle"":""Meet dengan Serenic"",""projectId"":null}";2026-06-16 14:00:40.516079+00
367c9452-dacd-4a7f-bd1f-ee5aa339994d;186eb126-6bf5-45af-901f-0ea7b2c1018d;new_meeting;📅 Meeting Baru Dijadwalkan;"Meeting ""Meet dengan Serenic"" dijadwalkan pada 2026-06-17 pukul 13:30:00.";/timeline;false;"{""meetingDate"":""2026-06-17"",""meetingTitle"":""Meet dengan Serenic"",""projectId"":null}";2026-06-16 14:00:46.932741+00
97951ab5-fa1c-4546-a827-6ddce301a8bb;f33e6211-8ffc-4be9-9e4b-848ce613bdc0;new_meeting;📅 Meeting Baru Dijadwalkan;"Meeting ""Meet dengan Serenic"" dijadwalkan pada 2026-06-17 pukul 13:30:00.";/timeline;true;"{""meetingDate"":""2026-06-17"",""meetingTitle"":""Meet dengan Serenic"",""projectId"":null}";2026-06-16 14:00:43.532323+00
3068051b-bafe-4a68-aac5-f2f020f6b4d7;29fb61f4-2fba-45eb-ac0b-c31e1beba126;new_meeting;📅 Meeting Baru Dijadwalkan;"Meeting ""Meet dengan Pak edhi"" dijadwalkan pada 2026-02-25 pukul 10:30:00.";/timeline;false;"{""meetingDate"":""2026-02-25"",""meetingTitle"":""Meet dengan Pak edhi"",""projectId"":null}";2026-02-20 03:48:14.520362+00
7de7e654-344d-4231-b61e-887b76fd469a;b09bb10d-6bf2-4001-8029-6eb6235ecc52;meeting_reminder;⏰ Reminder Meeting;"Meeting ""Meet membahas website RSCM yg baru"" akan dilaksanakan hari ini.";/timeline;false;"{""meetingDate"":""2026-02-20"",""meetingTitle"":""Meet membahas website RSCM yg baru"",""projectId"":null}";2026-02-20 07:00:13.263274+00
30bb617e-4c4a-4789-b1c3-5bd5ffb07f5e;9cdd2ef8-9811-4ba9-9d19-12e599da16df;meeting_reminder;⏰ Reminder Meeting;"Meeting ""Meet membahas website RSCM yg baru"" akan dilaksanakan hari ini.";/timeline;false;"{""meetingDate"":""2026-02-20"",""meetingTitle"":""Meet membahas website RSCM yg baru"",""projectId"":null}";2026-02-20 07:00:13.755321+00
88b84e96-530e-4cdf-82b3-d67f0202a65c;3d2d7772-2bc6-424c-aada-e31e8edef8d0;meeting_reminder;⏰ Reminder Meeting;"Meeting ""Meet membahas website RSCM yg baru"" akan dilaksanakan hari ini.";/timeline;false;"{""meetingDate"":""2026-02-20"",""meetingTitle"":""Meet membahas website RSCM yg baru"",""projectId"":null}";2026-02-20 07:00:14.086873+00
3991dae2-f2b4-4f54-ad98-0c90445641c2;186eb126-6bf5-45af-901f-0ea7b2c1018d;meeting_reminder;⏰ Reminder Meeting;"Meeting ""Meet membahas website RSCM yg baru"" akan dilaksanakan hari ini.";/timeline;false;"{""meetingDate"":""2026-02-20"",""meetingTitle"":""Meet membahas website RSCM yg baru"",""projectId"":null}";2026-02-20 07:00:14.301969+00
142d7137-0260-4cfb-923c-8c8f1b5f7b2a;ab1cfc35-47bb-41f6-9640-a2c55e70c2b2;meeting_reminder;⏰ Reminder Meeting;"Meeting ""Meet membahas website RSCM yg baru"" akan dilaksanakan hari ini.";/timeline;false;"{""meetingDate"":""2026-02-20"",""meetingTitle"":""Meet membahas website RSCM yg baru"",""projectId"":null}";2026-02-20 07:00:14.571774+00
2eb846ff-426b-4238-bb31-aa55ce67f751;9cdd2ef8-9811-4ba9-9d19-12e599da16df;new_meeting;📅 Meeting Baru Dijadwalkan;"Meeting ""Meet dengan Serenic"" dijadwalkan pada 2026-06-17 pukul 13:30:00.";/timeline;false;"{""meetingDate"":""2026-06-17"",""meetingTitle"":""Meet dengan Serenic"",""projectId"":null}";2026-06-16 14:00:41.292745+00
eaa6d1d4-8af9-4e4e-b77d-0b7dd4f1a87d;44366c00-c707-46e9-bc25-a6e0009a77b0;meeting_reminder;⏰ Reminder Meeting;"Meeting ""Meet membahas website RSCM yg baru"" akan dilaksanakan hari ini.";/timeline;false;"{""meetingDate"":""2026-02-20"",""meetingTitle"":""Meet membahas website RSCM yg baru"",""projectId"":null}";2026-02-20 07:00:15.078526+00
8152a286-e895-41dd-9b8c-1ba811c2c44f;29fb61f4-2fba-45eb-ac0b-c31e1beba126;meeting_reminder;⏰ Reminder Meeting;"Meeting ""Meet membahas website RSCM yg baru"" akan dilaksanakan hari ini.";/timeline;false;"{""meetingDate"":""2026-02-20"",""meetingTitle"":""Meet membahas website RSCM yg baru"",""projectId"":null}";2026-02-20 07:00:15.305371+00
192b4210-7683-4f4d-8f20-a16250120ab0;44366c00-c707-46e9-bc25-a6e0009a77b0;new_meeting;📅 Meeting Baru Dijadwalkan;"Meeting ""Meet dengan Serenic"" dijadwalkan pada 2026-06-17 pukul 13:30:00.";/timeline;false;"{""meetingDate"":""2026-06-17"",""meetingTitle"":""Meet dengan Serenic"",""projectId"":null}";2026-06-16 14:00:44.268948+00
42a51430-d296-46b4-a058-b9b8c526a60a;f33e6211-8ffc-4be9-9e4b-848ce613bdc0;meeting_reminder;⏰ Reminder Meeting;"Meeting ""Meet membahas website RSCM yg baru"" akan dilaksanakan hari ini.";/timeline;true;"{""meetingDate"":""2026-02-20"",""meetingTitle"":""Meet membahas website RSCM yg baru"",""projectId"":null}";2026-02-20 07:00:14.821971+00
b34fae12-07ab-474b-8b4f-ac3701379eb3;b09bb10d-6bf2-4001-8029-6eb6235ecc52;new_meeting;📅 Meeting Baru Dijadwalkan;"Meeting ""Konsolidasi dengan IPSTI"" dijadwalkan pada 2026-02-23 pukul 10:00:00.";/timeline;false;"{""meetingDate"":""2026-02-23"",""meetingTitle"":""Konsolidasi dengan IPSTI"",""projectId"":null}";2026-02-23 03:32:11.733809+00
7565b249-6da9-475c-8dbd-882370ae43be;9cdd2ef8-9811-4ba9-9d19-12e599da16df;new_meeting;📅 Meeting Baru Dijadwalkan;"Meeting ""Konsolidasi dengan IPSTI"" dijadwalkan pada 2026-02-23 pukul 10:00:00.";/timeline;false;"{""meetingDate"":""2026-02-23"",""meetingTitle"":""Konsolidasi dengan IPSTI"",""projectId"":null}";2026-02-23 03:32:12.579178+00
7d4e9b4e-662d-451e-9c46-da48e9037028;3d2d7772-2bc6-424c-aada-e31e8edef8d0;new_meeting;📅 Meeting Baru Dijadwalkan;"Meeting ""Konsolidasi dengan IPSTI"" dijadwalkan pada 2026-02-23 pukul 10:00:00.";/timeline;false;"{""meetingDate"":""2026-02-23"",""meetingTitle"":""Konsolidasi dengan IPSTI"",""projectId"":null}";2026-02-23 03:32:13.362278+00
e4bd7d1f-0920-4313-a3d2-5273218d6e64;186eb126-6bf5-45af-901f-0ea7b2c1018d;new_meeting;📅 Meeting Baru Dijadwalkan;"Meeting ""Konsolidasi dengan IPSTI"" dijadwalkan pada 2026-02-23 pukul 10:00:00.";/timeline;false;"{""meetingDate"":""2026-02-23"",""meetingTitle"":""Konsolidasi dengan IPSTI"",""projectId"":null}";2026-02-23 03:32:14.128321+00
e08da072-5421-4e09-b8ec-b918d50d6e09;ab1cfc35-47bb-41f6-9640-a2c55e70c2b2;new_meeting;📅 Meeting Baru Dijadwalkan;"Meeting ""Konsolidasi dengan IPSTI"" dijadwalkan pada 2026-02-23 pukul 10:00:00.";/timeline;false;"{""meetingDate"":""2026-02-23"",""meetingTitle"":""Konsolidasi dengan IPSTI"",""projectId"":null}";2026-02-23 03:32:14.875996+00
0ec94e34-c561-4e2e-8cea-254c0a285e89;44366c00-c707-46e9-bc25-a6e0009a77b0;new_meeting;📅 Meeting Baru Dijadwalkan;"Meeting ""Konsolidasi dengan IPSTI"" dijadwalkan pada 2026-02-23 pukul 10:00:00.";/timeline;false;"{""meetingDate"":""2026-02-23"",""meetingTitle"":""Konsolidasi dengan IPSTI"",""projectId"":null}";2026-02-23 03:32:16.355308+00
3024913a-1423-40f1-bb54-f3019e9f8df2;29fb61f4-2fba-45eb-ac0b-c31e1beba126;new_meeting;📅 Meeting Baru Dijadwalkan;"Meeting ""Konsolidasi dengan IPSTI"" dijadwalkan pada 2026-02-23 pukul 10:00:00.";/timeline;false;"{""meetingDate"":""2026-02-23"",""meetingTitle"":""Konsolidasi dengan IPSTI"",""projectId"":null}";2026-02-23 03:32:17.082888+00
38c0bd77-a3ef-4407-b4cb-3138cc023f4d;f33e6211-8ffc-4be9-9e4b-848ce613bdc0;new_meeting;📅 Meeting Baru Dijadwalkan;"Meeting ""Konsolidasi dengan IPSTI"" dijadwalkan pada 2026-02-23 pukul 10:00:00.";/timeline;true;"{""meetingDate"":""2026-02-23"",""meetingTitle"":""Konsolidasi dengan IPSTI"",""projectId"":null}";2026-02-23 03:32:15.625456+00
2011a2a9-c6fc-4d63-b965-4e0c911c5f8d;b09bb10d-6bf2-4001-8029-6eb6235ecc52;new_meeting;📅 Meeting Baru Dijadwalkan;"Meeting ""Migrasi Data EHR HIS"" dijadwalkan pada 2026-02-25 pukul 13:00:00.";/timeline;false;"{""meetingDate"":""2026-02-25"",""meetingTitle"":""Migrasi Data EHR HIS"",""projectId"":null}";2026-02-23 04:30:08.844718+00
9508e6c6-270d-4019-a92b-c7b47e4e6689;9cdd2ef8-9811-4ba9-9d19-12e599da16df;new_meeting;📅 Meeting Baru Dijadwalkan;"Meeting ""Migrasi Data EHR HIS"" dijadwalkan pada 2026-02-25 pukul 13:00:00.";/timeline;false;"{""meetingDate"":""2026-02-25"",""meetingTitle"":""Migrasi Data EHR HIS"",""projectId"":null}";2026-02-23 04:30:09.72753+00
8dfee30f-8b25-464e-9d4a-76832be14ada;3d2d7772-2bc6-424c-aada-e31e8edef8d0;new_meeting;📅 Meeting Baru Dijadwalkan;"Meeting ""Migrasi Data EHR HIS"" dijadwalkan pada 2026-02-25 pukul 13:00:00.";/timeline;false;"{""meetingDate"":""2026-02-25"",""meetingTitle"":""Migrasi Data EHR HIS"",""projectId"":null}";2026-02-23 04:30:10.511593+00
f141f9dc-42bf-4a2f-b15b-9f7c7b1cfa03;186eb126-6bf5-45af-901f-0ea7b2c1018d;new_meeting;📅 Meeting Baru Dijadwalkan;"Meeting ""Migrasi Data EHR HIS"" dijadwalkan pada 2026-02-25 pukul 13:00:00.";/timeline;false;"{""meetingDate"":""2026-02-25"",""meetingTitle"":""Migrasi Data EHR HIS"",""projectId"":null}";2026-02-23 04:30:11.31931+00
368d7c74-0c27-4975-b13c-15bbe328f38c;ab1cfc35-47bb-41f6-9640-a2c55e70c2b2;new_meeting;📅 Meeting Baru Dijadwalkan;"Meeting ""Migrasi Data EHR HIS"" dijadwalkan pada 2026-02-25 pukul 13:00:00.";/timeline;false;"{""meetingDate"":""2026-02-25"",""meetingTitle"":""Migrasi Data EHR HIS"",""projectId"":null}";2026-02-23 04:30:12.10611+00
a24ad658-7c54-441b-b941-dca22ccb0524;44366c00-c707-46e9-bc25-a6e0009a77b0;new_meeting;📅 Meeting Baru Dijadwalkan;"Meeting ""Migrasi Data EHR HIS"" dijadwalkan pada 2026-02-25 pukul 13:00:00.";/timeline;false;"{""meetingDate"":""2026-02-25"",""meetingTitle"":""Migrasi Data EHR HIS"",""projectId"":null}";2026-02-23 04:30:13.722724+00
54cf2c7f-613f-40a4-a8c1-dd8797fba2bc;29fb61f4-2fba-45eb-ac0b-c31e1beba126;new_meeting;📅 Meeting Baru Dijadwalkan;"Meeting ""Migrasi Data EHR HIS"" dijadwalkan pada 2026-02-25 pukul 13:00:00.";/timeline;false;"{""meetingDate"":""2026-02-25"",""meetingTitle"":""Migrasi Data EHR HIS"",""projectId"":null}";2026-02-23 04:30:14.512136+00
b35d8200-d746-4bf1-bbf6-e6bef1b0772d;ae199846-f8f2-4f4b-998d-ea5f88b6a520;meeting_reminder;⏰ Reminder Meeting;"Meeting ""Meet membahas website RSCM yg baru"" akan dilaksanakan hari ini.";/timeline;true;"{""meetingDate"":""2026-02-20"",""meetingTitle"":""Meet membahas website RSCM yg baru"",""projectId"":null}";2026-02-20 07:00:15.539279+00
3445a778-60fc-409d-9acd-15f6ff8e3fa8;3d2d7772-2bc6-424c-aada-e31e8edef8d0;new_meeting;📅 Meeting Baru Dijadwalkan;"Meeting ""Meet dengan Serenic"" dijadwalkan pada 2026-06-17 pukul 13:30:00.";/timeline;false;"{""meetingDate"":""2026-06-17"",""meetingTitle"":""Meet dengan Serenic"",""projectId"":null}";2026-06-16 14:00:42.02392+00
b073e68e-240d-427b-8060-f2fb84f6cca3;b09bb10d-6bf2-4001-8029-6eb6235ecc52;new_meeting;📅 Meeting Baru Dijadwalkan;"Meeting ""bahas Tarif dengan IPSTI"" dijadwalkan pada 2026-02-26 pukul 10:00:00.";/timeline;false;"{""meetingDate"":""2026-02-26"",""meetingTitle"":""bahas Tarif dengan IPSTI"",""projectId"":null}";2026-02-23 04:40:09.07759+00
56aac356-a4c5-4187-811c-52eb54bb2a20;9cdd2ef8-9811-4ba9-9d19-12e599da16df;new_meeting;📅 Meeting Baru Dijadwalkan;"Meeting ""bahas Tarif dengan IPSTI"" dijadwalkan pada 2026-02-26 pukul 10:00:00.";/timeline;false;"{""meetingDate"":""2026-02-26"",""meetingTitle"":""bahas Tarif dengan IPSTI"",""projectId"":null}";2026-02-23 04:40:09.969207+00
a65f8d1a-1826-4e37-a30f-4b01bccb4631;3d2d7772-2bc6-424c-aada-e31e8edef8d0;new_meeting;📅 Meeting Baru Dijadwalkan;"Meeting ""bahas Tarif dengan IPSTI"" dijadwalkan pada 2026-02-26 pukul 10:00:00.";/timeline;false;"{""meetingDate"":""2026-02-26"",""meetingTitle"":""bahas Tarif dengan IPSTI"",""projectId"":null}";2026-02-23 04:40:10.796715+00
1b26fb9f-1c29-48be-b849-22c5f7ce38cb;186eb126-6bf5-45af-901f-0ea7b2c1018d;new_meeting;📅 Meeting Baru Dijadwalkan;"Meeting ""bahas Tarif dengan IPSTI"" dijadwalkan pada 2026-02-26 pukul 10:00:00.";/timeline;false;"{""meetingDate"":""2026-02-26"",""meetingTitle"":""bahas Tarif dengan IPSTI"",""projectId"":null}";2026-02-23 04:40:11.607617+00
fd2fee80-8e3c-47fe-89ed-377e5837de4a;ab1cfc35-47bb-41f6-9640-a2c55e70c2b2;new_meeting;📅 Meeting Baru Dijadwalkan;"Meeting ""bahas Tarif dengan IPSTI"" dijadwalkan pada 2026-02-26 pukul 10:00:00.";/timeline;false;"{""meetingDate"":""2026-02-26"",""meetingTitle"":""bahas Tarif dengan IPSTI"",""projectId"":null}";2026-02-23 04:40:12.425518+00
180c8f22-c563-412d-8ffe-ed1efa96a449;29fb61f4-2fba-45eb-ac0b-c31e1beba126;new_meeting;📅 Meeting Baru Dijadwalkan;"Meeting ""Meet dengan Serenic"" dijadwalkan pada 2026-06-17 pukul 13:30:00.";/timeline;false;"{""meetingDate"":""2026-06-17"",""meetingTitle"":""Meet dengan Serenic"",""projectId"":null}";2026-06-16 14:00:45.288745+00
7997d2e9-f28d-4088-b0ed-184b5415f628;44366c00-c707-46e9-bc25-a6e0009a77b0;new_meeting;📅 Meeting Baru Dijadwalkan;"Meeting ""bahas Tarif dengan IPSTI"" dijadwalkan pada 2026-02-26 pukul 10:00:00.";/timeline;false;"{""meetingDate"":""2026-02-26"",""meetingTitle"":""bahas Tarif dengan IPSTI"",""projectId"":null}";2026-02-23 04:40:14.032026+00
c0a95795-7e08-4325-91c9-ae687d03ab9e;29fb61f4-2fba-45eb-ac0b-c31e1beba126;new_meeting;📅 Meeting Baru Dijadwalkan;"Meeting ""bahas Tarif dengan IPSTI"" dijadwalkan pada 2026-02-26 pukul 10:00:00.";/timeline;false;"{""meetingDate"":""2026-02-26"",""meetingTitle"":""bahas Tarif dengan IPSTI"",""projectId"":null}";2026-02-23 04:40:14.79824+00
c7fb0da8-97de-44fe-81a7-3e0e3e451192;b09bb10d-6bf2-4001-8029-6eb6235ecc52;meeting_reminder;⏰ Reminder Meeting;"Meeting ""Konsolidasi dengan IPSTI"" akan dilaksanakan hari ini.";/timeline;false;"{""meetingDate"":""2026-02-23"",""meetingTitle"":""Konsolidasi dengan IPSTI"",""projectId"":null}";2026-02-23 07:00:14.999128+00
3a4bc8a6-acd2-41a8-a31a-62aba6ff26be;9cdd2ef8-9811-4ba9-9d19-12e599da16df;meeting_reminder;⏰ Reminder Meeting;"Meeting ""Konsolidasi dengan IPSTI"" akan dilaksanakan hari ini.";/timeline;false;"{""meetingDate"":""2026-02-23"",""meetingTitle"":""Konsolidasi dengan IPSTI"",""projectId"":null}";2026-02-23 07:00:15.537264+00
c3e59f3a-8c06-4bee-9e31-7ca18ecbfc35;3d2d7772-2bc6-424c-aada-e31e8edef8d0;meeting_reminder;⏰ Reminder Meeting;"Meeting ""Konsolidasi dengan IPSTI"" akan dilaksanakan hari ini.";/timeline;false;"{""meetingDate"":""2026-02-23"",""meetingTitle"":""Konsolidasi dengan IPSTI"",""projectId"":null}";2026-02-23 07:00:16.483503+00
f70b1468-ce22-470b-b3be-24407282a69b;186eb126-6bf5-45af-901f-0ea7b2c1018d;meeting_reminder;⏰ Reminder Meeting;"Meeting ""Konsolidasi dengan IPSTI"" akan dilaksanakan hari ini.";/timeline;false;"{""meetingDate"":""2026-02-23"",""meetingTitle"":""Konsolidasi dengan IPSTI"",""projectId"":null}";2026-02-23 07:00:16.794906+00
6a93db6e-5d85-415d-9c91-69879c9287cc;ab1cfc35-47bb-41f6-9640-a2c55e70c2b2;meeting_reminder;⏰ Reminder Meeting;"Meeting ""Konsolidasi dengan IPSTI"" akan dilaksanakan hari ini.";/timeline;false;"{""meetingDate"":""2026-02-23"",""meetingTitle"":""Konsolidasi dengan IPSTI"",""projectId"":null}";2026-02-23 07:00:17.246472+00
49a2e087-865f-4352-8698-e891a62953df;44366c00-c707-46e9-bc25-a6e0009a77b0;meeting_reminder;⏰ Reminder Meeting;"Meeting ""Konsolidasi dengan IPSTI"" akan dilaksanakan hari ini.";/timeline;false;"{""meetingDate"":""2026-02-23"",""meetingTitle"":""Konsolidasi dengan IPSTI"",""projectId"":null}";2026-02-23 07:00:18.610994+00
d87c6b0a-2d74-4b62-a3bf-df11a1081cc4;29fb61f4-2fba-45eb-ac0b-c31e1beba126;meeting_reminder;⏰ Reminder Meeting;"Meeting ""Konsolidasi dengan IPSTI"" akan dilaksanakan hari ini.";/timeline;false;"{""meetingDate"":""2026-02-23"",""meetingTitle"":""Konsolidasi dengan IPSTI"",""projectId"":null}";2026-02-23 07:00:18.865994+00
1c2d1b0c-954b-4476-9c42-e233bf6073fa;b09bb10d-6bf2-4001-8029-6eb6235ecc52;monev_summary;📊 Rangkuman Monev Diperbarui;"Rangkuman monev untuk proyek ""Modula"" telah diperbarui.";/project/c69a5d5e-3169-4c9a-90f7-4e4cde00dfaa;false;"{""projectId"":""c69a5d5e-3169-4c9a-90f7-4e4cde00dfaa"",""projectTitle"":""Modula""}";2026-02-23 11:54:45.536368+00
9965537b-c3c2-4cb0-9730-5ebad3c7e821;b09bb10d-6bf2-4001-8029-6eb6235ecc52;meeting_reminder;⏰ Reminder Meeting;"Meeting ""Meet dengan Pak edhi"" akan dilaksanakan dalam 1 hari.";/timeline;false;"{""meetingDate"":""2026-02-25"",""meetingTitle"":""Meet dengan Pak edhi"",""projectId"":null}";2026-02-24 07:00:11.988335+00
5e1caa79-b4cb-42fc-b9ad-d91b227f39d9;9cdd2ef8-9811-4ba9-9d19-12e599da16df;meeting_reminder;⏰ Reminder Meeting;"Meeting ""Meet dengan Pak edhi"" akan dilaksanakan dalam 1 hari.";/timeline;false;"{""meetingDate"":""2026-02-25"",""meetingTitle"":""Meet dengan Pak edhi"",""projectId"":null}";2026-02-24 07:00:12.377762+00
573b1afe-20f3-47c7-b9e9-fa9a0769ca2a;3d2d7772-2bc6-424c-aada-e31e8edef8d0;meeting_reminder;⏰ Reminder Meeting;"Meeting ""Meet dengan Pak edhi"" akan dilaksanakan dalam 1 hari.";/timeline;false;"{""meetingDate"":""2026-02-25"",""meetingTitle"":""Meet dengan Pak edhi"",""projectId"":null}";2026-02-24 07:00:13.514218+00
8dee1b21-34b7-46a1-872e-a404d80eb12f;186eb126-6bf5-45af-901f-0ea7b2c1018d;meeting_reminder;⏰ Reminder Meeting;"Meeting ""Meet dengan Pak edhi"" akan dilaksanakan dalam 1 hari.";/timeline;false;"{""meetingDate"":""2026-02-25"",""meetingTitle"":""Meet dengan Pak edhi"",""projectId"":null}";2026-02-24 07:00:13.853536+00
74cf6dc0-c736-449d-be6b-fe14fd3a4945;ab1cfc35-47bb-41f6-9640-a2c55e70c2b2;meeting_reminder;⏰ Reminder Meeting;"Meeting ""Meet dengan Pak edhi"" akan dilaksanakan dalam 1 hari.";/timeline;false;"{""meetingDate"":""2026-02-25"",""meetingTitle"":""Meet dengan Pak edhi"",""projectId"":null}";2026-02-24 07:00:14.154311+00
570a84f4-6ab1-491e-93b2-c222e4decdb0;44366c00-c707-46e9-bc25-a6e0009a77b0;meeting_reminder;⏰ Reminder Meeting;"Meeting ""Meet dengan Pak edhi"" akan dilaksanakan dalam 1 hari.";/timeline;false;"{""meetingDate"":""2026-02-25"",""meetingTitle"":""Meet dengan Pak edhi"",""projectId"":null}";2026-02-24 07:00:14.571457+00
31290652-18ae-4447-93d0-627f06ec21c6;29fb61f4-2fba-45eb-ac0b-c31e1beba126;meeting_reminder;⏰ Reminder Meeting;"Meeting ""Meet dengan Pak edhi"" akan dilaksanakan dalam 1 hari.";/timeline;false;"{""meetingDate"":""2026-02-25"",""meetingTitle"":""Meet dengan Pak edhi"",""projectId"":null}";2026-02-24 07:00:14.780853+00
2faa55d8-d494-4772-afce-9addaa8547f6;ae199846-f8f2-4f4b-998d-ea5f88b6a520;new_meeting;📅 Meeting Baru Dijadwalkan;"Meeting ""Migrasi Data EHR HIS"" dijadwalkan pada 2026-02-25 pukul 13:00:00.";/timeline;true;"{""meetingDate"":""2026-02-25"",""meetingTitle"":""Migrasi Data EHR HIS"",""projectId"":null}";2026-02-23 04:30:15.438793+00
4c0b0617-83fa-42a5-9b2d-bd5ab7fe0869;ae199846-f8f2-4f4b-998d-ea5f88b6a520;new_meeting;📅 Meeting Baru Dijadwalkan;"Meeting ""bahas Tarif dengan IPSTI"" dijadwalkan pada 2026-02-26 pukul 10:00:00.";/timeline;true;"{""meetingDate"":""2026-02-26"",""meetingTitle"":""bahas Tarif dengan IPSTI"",""projectId"":null}";2026-02-23 04:40:15.616601+00
7d716d51-b457-4728-9c12-4ea08203f4b7;ae199846-f8f2-4f4b-998d-ea5f88b6a520;meeting_reminder;⏰ Reminder Meeting;"Meeting ""Konsolidasi dengan IPSTI"" akan dilaksanakan hari ini.";/timeline;true;"{""meetingDate"":""2026-02-23"",""meetingTitle"":""Konsolidasi dengan IPSTI"",""projectId"":null}";2026-02-23 07:00:19.529571+00
a01793c9-0f30-4465-8bf3-d0057e2b00ce;ab1cfc35-47bb-41f6-9640-a2c55e70c2b2;new_meeting;📅 Meeting Baru Dijadwalkan;"Meeting ""Meet dengan Serenic"" dijadwalkan pada 2026-06-17 pukul 13:30:00.";/timeline;false;"{""meetingDate"":""2026-06-17"",""meetingTitle"":""Meet dengan Serenic"",""projectId"":null}";2026-06-16 14:00:42.780755+00
ec85c5f7-3d07-4bbe-8c8f-a24c6c44a678;b09bb10d-6bf2-4001-8029-6eb6235ecc52;meeting_reminder;⏰ Reminder Meeting;"Meeting ""Migrasi Data EHR HIS"" akan dilaksanakan dalam 1 hari.";/timeline;false;"{""meetingDate"":""2026-02-25"",""meetingTitle"":""Migrasi Data EHR HIS"",""projectId"":null}";2026-02-24 07:00:15.585345+00
0b04f9da-f9b8-4df8-8598-06e21b9bd759;9cdd2ef8-9811-4ba9-9d19-12e599da16df;meeting_reminder;⏰ Reminder Meeting;"Meeting ""Migrasi Data EHR HIS"" akan dilaksanakan dalam 1 hari.";/timeline;false;"{""meetingDate"":""2026-02-25"",""meetingTitle"":""Migrasi Data EHR HIS"",""projectId"":null}";2026-02-24 07:00:15.817489+00
11ac83a1-7650-4297-9cc5-638c27c43c9f;3d2d7772-2bc6-424c-aada-e31e8edef8d0;meeting_reminder;⏰ Reminder Meeting;"Meeting ""Migrasi Data EHR HIS"" akan dilaksanakan dalam 1 hari.";/timeline;false;"{""meetingDate"":""2026-02-25"",""meetingTitle"":""Migrasi Data EHR HIS"",""projectId"":null}";2026-02-24 07:00:16.13294+00
fc17725b-62f4-4d9d-9860-db78d268ea18;186eb126-6bf5-45af-901f-0ea7b2c1018d;meeting_reminder;⏰ Reminder Meeting;"Meeting ""Migrasi Data EHR HIS"" akan dilaksanakan dalam 1 hari.";/timeline;false;"{""meetingDate"":""2026-02-25"",""meetingTitle"":""Migrasi Data EHR HIS"",""projectId"":null}";2026-02-24 07:00:16.354519+00
c0d912f3-728b-41c4-919f-2c63c7c8464e;ab1cfc35-47bb-41f6-9640-a2c55e70c2b2;meeting_reminder;⏰ Reminder Meeting;"Meeting ""Migrasi Data EHR HIS"" akan dilaksanakan dalam 1 hari.";/timeline;false;"{""meetingDate"":""2026-02-25"",""meetingTitle"":""Migrasi Data EHR HIS"",""projectId"":null}";2026-02-24 07:00:16.587281+00
96ba5a06-d715-4928-a83a-2b3d6bbce3e4;44366c00-c707-46e9-bc25-a6e0009a77b0;meeting_reminder;⏰ Reminder Meeting;"Meeting ""Migrasi Data EHR HIS"" akan dilaksanakan dalam 1 hari.";/timeline;false;"{""meetingDate"":""2026-02-25"",""meetingTitle"":""Migrasi Data EHR HIS"",""projectId"":null}";2026-02-24 07:00:17.085551+00
d5cb70d0-bcb0-45b7-87c2-6dc125f5feb4;29fb61f4-2fba-45eb-ac0b-c31e1beba126;meeting_reminder;⏰ Reminder Meeting;"Meeting ""Migrasi Data EHR HIS"" akan dilaksanakan dalam 1 hari.";/timeline;false;"{""meetingDate"":""2026-02-25"",""meetingTitle"":""Migrasi Data EHR HIS"",""projectId"":null}";2026-02-24 07:00:17.331027+00
4e61ce98-69f8-49cd-9bac-5f3696034c74;ae199846-f8f2-4f4b-998d-ea5f88b6a520;new_meeting;📅 Meeting Baru Dijadwalkan;"Meeting ""Meet dengan Serenic"" dijadwalkan pada 2026-06-17 pukul 13:30:00.";/timeline;true;"{""meetingDate"":""2026-06-17"",""meetingTitle"":""Meet dengan Serenic"",""projectId"":null}";2026-06-16 14:00:46.15901+00
d9fb6c4a-a9eb-4e5e-b40f-144420050eb5;b09bb10d-6bf2-4001-8029-6eb6235ecc52;new_meeting;📅 Meeting Baru Dijadwalkan;"Meeting ""Koordinasi dan FGD Departemen RSCM"" dijadwalkan pada 2026-02-25 pukul 10:00:00.";/timeline;false;"{""meetingDate"":""2026-02-25"",""meetingTitle"":""Koordinasi dan FGD Departemen RSCM"",""projectId"":null}";2026-02-24 08:23:47.077985+00
ec0ff058-df17-467a-8e53-16a330994d8e;9cdd2ef8-9811-4ba9-9d19-12e599da16df;new_meeting;📅 Meeting Baru Dijadwalkan;"Meeting ""Koordinasi dan FGD Departemen RSCM"" dijadwalkan pada 2026-02-25 pukul 10:00:00.";/timeline;false;"{""meetingDate"":""2026-02-25"",""meetingTitle"":""Koordinasi dan FGD Departemen RSCM"",""projectId"":null}";2026-02-24 08:23:47.895528+00
dffaf68d-e45d-40be-8be1-de0bc0cf91d5;3d2d7772-2bc6-424c-aada-e31e8edef8d0;new_meeting;📅 Meeting Baru Dijadwalkan;"Meeting ""Koordinasi dan FGD Departemen RSCM"" dijadwalkan pada 2026-02-25 pukul 10:00:00.";/timeline;false;"{""meetingDate"":""2026-02-25"",""meetingTitle"":""Koordinasi dan FGD Departemen RSCM"",""projectId"":null}";2026-02-24 08:23:48.633804+00
2e69b3a6-9821-4614-b794-62580ca523ea;186eb126-6bf5-45af-901f-0ea7b2c1018d;new_meeting;📅 Meeting Baru Dijadwalkan;"Meeting ""Koordinasi dan FGD Departemen RSCM"" dijadwalkan pada 2026-02-25 pukul 10:00:00.";/timeline;false;"{""meetingDate"":""2026-02-25"",""meetingTitle"":""Koordinasi dan FGD Departemen RSCM"",""projectId"":null}";2026-02-24 08:23:49.535214+00
006326ce-c963-48a9-b50f-34a29fa2deb7;ab1cfc35-47bb-41f6-9640-a2c55e70c2b2;new_meeting;📅 Meeting Baru Dijadwalkan;"Meeting ""Koordinasi dan FGD Departemen RSCM"" dijadwalkan pada 2026-02-25 pukul 10:00:00.";/timeline;false;"{""meetingDate"":""2026-02-25"",""meetingTitle"":""Koordinasi dan FGD Departemen RSCM"",""projectId"":null}";2026-02-24 08:23:50.299336+00
6f222f4f-a520-4f93-82ed-91986b4fee3c;44366c00-c707-46e9-bc25-a6e0009a77b0;new_meeting;📅 Meeting Baru Dijadwalkan;"Meeting ""Koordinasi dan FGD Departemen RSCM"" dijadwalkan pada 2026-02-25 pukul 10:00:00.";/timeline;false;"{""meetingDate"":""2026-02-25"",""meetingTitle"":""Koordinasi dan FGD Departemen RSCM"",""projectId"":null}";2026-02-24 08:23:51.75597+00
7d23a1da-c383-47be-a22b-9e3fdd84a31c;29fb61f4-2fba-45eb-ac0b-c31e1beba126;new_meeting;📅 Meeting Baru Dijadwalkan;"Meeting ""Koordinasi dan FGD Departemen RSCM"" dijadwalkan pada 2026-02-25 pukul 10:00:00.";/timeline;false;"{""meetingDate"":""2026-02-25"",""meetingTitle"":""Koordinasi dan FGD Departemen RSCM"",""projectId"":null}";2026-02-24 08:23:52.495653+00
de9cea8d-0c92-4b61-8341-08503152b637;b09bb10d-6bf2-4001-8029-6eb6235ecc52;new_meeting;📅 Meeting Baru Dijadwalkan;"Meeting ""Alur Proses Pembayaran Jasa Medis"" dijadwalkan pada 2026-02-25 pukul 13:00:00.";/timeline;false;"{""meetingDate"":""2026-02-25"",""meetingTitle"":""Alur Proses Pembayaran Jasa Medis"",""projectId"":null}";2026-02-24 08:25:17.359847+00
1e6ff97b-f328-41bb-84bb-b072b3bcd3ae;9cdd2ef8-9811-4ba9-9d19-12e599da16df;new_meeting;📅 Meeting Baru Dijadwalkan;"Meeting ""Alur Proses Pembayaran Jasa Medis"" dijadwalkan pada 2026-02-25 pukul 13:00:00.";/timeline;false;"{""meetingDate"":""2026-02-25"",""meetingTitle"":""Alur Proses Pembayaran Jasa Medis"",""projectId"":null}";2026-02-24 08:25:18.139811+00
541be341-5ed2-42a0-a82c-aa2c1c998945;3d2d7772-2bc6-424c-aada-e31e8edef8d0;new_meeting;📅 Meeting Baru Dijadwalkan;"Meeting ""Alur Proses Pembayaran Jasa Medis"" dijadwalkan pada 2026-02-25 pukul 13:00:00.";/timeline;false;"{""meetingDate"":""2026-02-25"",""meetingTitle"":""Alur Proses Pembayaran Jasa Medis"",""projectId"":null}";2026-02-24 08:25:18.896369+00
902aaee0-9509-4fa0-a00c-c941679b4634;186eb126-6bf5-45af-901f-0ea7b2c1018d;new_meeting;📅 Meeting Baru Dijadwalkan;"Meeting ""Alur Proses Pembayaran Jasa Medis"" dijadwalkan pada 2026-02-25 pukul 13:00:00.";/timeline;false;"{""meetingDate"":""2026-02-25"",""meetingTitle"":""Alur Proses Pembayaran Jasa Medis"",""projectId"":null}";2026-02-24 08:25:19.671201+00
da03f111-90ce-47f0-8ae1-c8706530f059;ab1cfc35-47bb-41f6-9640-a2c55e70c2b2;new_meeting;📅 Meeting Baru Dijadwalkan;"Meeting ""Alur Proses Pembayaran Jasa Medis"" dijadwalkan pada 2026-02-25 pukul 13:00:00.";/timeline;false;"{""meetingDate"":""2026-02-25"",""meetingTitle"":""Alur Proses Pembayaran Jasa Medis"",""projectId"":null}";2026-02-24 08:25:20.419555+00
7a7998ed-ebee-468f-b6a9-e0623992100d;44366c00-c707-46e9-bc25-a6e0009a77b0;new_meeting;📅 Meeting Baru Dijadwalkan;"Meeting ""Alur Proses Pembayaran Jasa Medis"" dijadwalkan pada 2026-02-25 pukul 13:00:00.";/timeline;false;"{""meetingDate"":""2026-02-25"",""meetingTitle"":""Alur Proses Pembayaran Jasa Medis"",""projectId"":null}";2026-02-24 08:25:21.880476+00
5b65c0a8-1879-4277-a8f4-a9c19b37c191;29fb61f4-2fba-45eb-ac0b-c31e1beba126;new_meeting;📅 Meeting Baru Dijadwalkan;"Meeting ""Alur Proses Pembayaran Jasa Medis"" dijadwalkan pada 2026-02-25 pukul 13:00:00.";/timeline;false;"{""meetingDate"":""2026-02-25"",""meetingTitle"":""Alur Proses Pembayaran Jasa Medis"",""projectId"":null}";2026-02-24 08:25:22.65234+00
f20fd095-3c9b-4472-be44-38af15756e51;ae199846-f8f2-4f4b-998d-ea5f88b6a520;meeting_reminder;⏰ Reminder Meeting;"Meeting ""Meet dengan Pak edhi"" akan dilaksanakan dalam 1 hari.";/timeline;true;"{""meetingDate"":""2026-02-25"",""meetingTitle"":""Meet dengan Pak edhi"",""projectId"":null}";2026-02-24 07:00:15.020533+00
32df0adb-d957-4300-8ec9-1977531df8ca;ae199846-f8f2-4f4b-998d-ea5f88b6a520;meeting_reminder;⏰ Reminder Meeting;"Meeting ""Migrasi Data EHR HIS"" akan dilaksanakan dalam 1 hari.";/timeline;true;"{""meetingDate"":""2026-02-25"",""meetingTitle"":""Migrasi Data EHR HIS"",""projectId"":null}";2026-02-24 07:00:17.599274+00
8f88f9c7-52e0-44ae-8a50-958677072913;ae199846-f8f2-4f4b-998d-ea5f88b6a520;new_meeting;📅 Meeting Baru Dijadwalkan;"Meeting ""Koordinasi dan FGD Departemen RSCM"" dijadwalkan pada 2026-02-25 pukul 10:00:00.";/timeline;true;"{""meetingDate"":""2026-02-25"",""meetingTitle"":""Koordinasi dan FGD Departemen RSCM"",""projectId"":null}";2026-02-24 08:23:53.497168+00
8a92871e-a40f-4406-8c2f-64206509a275;b09bb10d-6bf2-4001-8029-6eb6235ecc52;meeting_reminder;⏰ Reminder Meeting;"Meeting ""Pembahasan Jasa Medis IPTOR"" akan dilaksanakan hari ini.";/timeline;false;"{""meetingDate"":""2026-06-17"",""meetingTitle"":""Pembahasan Jasa Medis IPTOR"",""projectId"":null}";2026-06-17 07:00:16.467338+00
9a1991f3-dd14-4bb6-bf02-b2547785dcbb;b09bb10d-6bf2-4001-8029-6eb6235ecc52;new_meeting;📅 Meeting Baru Dijadwalkan;"Meeting ""Pra Kontrak kinerja"" dijadwalkan pada 2026-02-26 pukul 11:00:00.";/timeline;false;"{""meetingDate"":""2026-02-26"",""meetingTitle"":""Pra Kontrak kinerja"",""projectId"":null}";2026-02-25 03:51:01.670616+00
c60897da-918a-476f-bdcd-418c3d3f5caf;9cdd2ef8-9811-4ba9-9d19-12e599da16df;new_meeting;📅 Meeting Baru Dijadwalkan;"Meeting ""Pra Kontrak kinerja"" dijadwalkan pada 2026-02-26 pukul 11:00:00.";/timeline;false;"{""meetingDate"":""2026-02-26"",""meetingTitle"":""Pra Kontrak kinerja"",""projectId"":null}";2026-02-25 03:51:02.550128+00
5ee3354a-ac66-4eef-8eac-40422a332c56;3d2d7772-2bc6-424c-aada-e31e8edef8d0;new_meeting;📅 Meeting Baru Dijadwalkan;"Meeting ""Pra Kontrak kinerja"" dijadwalkan pada 2026-02-26 pukul 11:00:00.";/timeline;false;"{""meetingDate"":""2026-02-26"",""meetingTitle"":""Pra Kontrak kinerja"",""projectId"":null}";2026-02-25 03:51:03.381058+00
05e69484-0529-4a37-92a4-13070f6b04f2;186eb126-6bf5-45af-901f-0ea7b2c1018d;new_meeting;📅 Meeting Baru Dijadwalkan;"Meeting ""Pra Kontrak kinerja"" dijadwalkan pada 2026-02-26 pukul 11:00:00.";/timeline;false;"{""meetingDate"":""2026-02-26"",""meetingTitle"":""Pra Kontrak kinerja"",""projectId"":null}";2026-02-25 03:51:04.208462+00
2f5f2b4b-75ef-4638-9bcf-f99b2ef31e02;ab1cfc35-47bb-41f6-9640-a2c55e70c2b2;new_meeting;📅 Meeting Baru Dijadwalkan;"Meeting ""Pra Kontrak kinerja"" dijadwalkan pada 2026-02-26 pukul 11:00:00.";/timeline;false;"{""meetingDate"":""2026-02-26"",""meetingTitle"":""Pra Kontrak kinerja"",""projectId"":null}";2026-02-25 03:51:05.025685+00
7eac1163-99eb-4e4c-954f-8f909c8894df;9cdd2ef8-9811-4ba9-9d19-12e599da16df;meeting_reminder;⏰ Reminder Meeting;"Meeting ""Pembahasan Jasa Medis IPTOR"" akan dilaksanakan hari ini.";/timeline;false;"{""meetingDate"":""2026-06-17"",""meetingTitle"":""Pembahasan Jasa Medis IPTOR"",""projectId"":null}";2026-06-17 07:00:17.608776+00
cfdf005b-3579-48f4-8a03-d36f73060cef;44366c00-c707-46e9-bc25-a6e0009a77b0;new_meeting;📅 Meeting Baru Dijadwalkan;"Meeting ""Pra Kontrak kinerja"" dijadwalkan pada 2026-02-26 pukul 11:00:00.";/timeline;false;"{""meetingDate"":""2026-02-26"",""meetingTitle"":""Pra Kontrak kinerja"",""projectId"":null}";2026-02-25 03:51:12.37205+00
19eb943c-b866-4203-b073-34d9a6eee90b;29fb61f4-2fba-45eb-ac0b-c31e1beba126;new_meeting;📅 Meeting Baru Dijadwalkan;"Meeting ""Pra Kontrak kinerja"" dijadwalkan pada 2026-02-26 pukul 11:00:00.";/timeline;false;"{""meetingDate"":""2026-02-26"",""meetingTitle"":""Pra Kontrak kinerja"",""projectId"":null}";2026-02-25 03:51:13.252301+00
c674dd10-7470-4de9-a978-f7eb66701fd6;3d2d7772-2bc6-424c-aada-e31e8edef8d0;meeting_reminder;⏰ Reminder Meeting;"Meeting ""Pembahasan Jasa Medis IPTOR"" akan dilaksanakan hari ini.";/timeline;false;"{""meetingDate"":""2026-06-17"",""meetingTitle"":""Pembahasan Jasa Medis IPTOR"",""projectId"":null}";2026-06-17 07:00:17.951704+00
7dd8ccaf-ca05-41c9-a6dc-0e1e530f9a88;b09bb10d-6bf2-4001-8029-6eb6235ecc52;meeting_reminder;⏰ Reminder Meeting;"Meeting ""Migrasi Data EHR HIS"" akan dilaksanakan hari ini.";/timeline;false;"{""meetingDate"":""2026-02-25"",""meetingTitle"":""Migrasi Data EHR HIS"",""projectId"":null}";2026-02-25 07:00:13.90073+00
387802b8-8815-412f-a984-d50b377ec931;9cdd2ef8-9811-4ba9-9d19-12e599da16df;meeting_reminder;⏰ Reminder Meeting;"Meeting ""Migrasi Data EHR HIS"" akan dilaksanakan hari ini.";/timeline;false;"{""meetingDate"":""2026-02-25"",""meetingTitle"":""Migrasi Data EHR HIS"",""projectId"":null}";2026-02-25 07:00:14.397864+00
39f8dff7-cfcb-40f5-83e8-4fed1fd4cb9f;3d2d7772-2bc6-424c-aada-e31e8edef8d0;meeting_reminder;⏰ Reminder Meeting;"Meeting ""Migrasi Data EHR HIS"" akan dilaksanakan hari ini.";/timeline;false;"{""meetingDate"":""2026-02-25"",""meetingTitle"":""Migrasi Data EHR HIS"",""projectId"":null}";2026-02-25 07:00:14.8631+00
1dc92ec4-2bd5-4d59-b473-23f959798fd5;186eb126-6bf5-45af-901f-0ea7b2c1018d;meeting_reminder;⏰ Reminder Meeting;"Meeting ""Migrasi Data EHR HIS"" akan dilaksanakan hari ini.";/timeline;false;"{""meetingDate"":""2026-02-25"",""meetingTitle"":""Migrasi Data EHR HIS"",""projectId"":null}";2026-02-25 07:00:15.151854+00
0f722aec-7a48-48ab-8c60-c8cd320b9deb;ab1cfc35-47bb-41f6-9640-a2c55e70c2b2;meeting_reminder;⏰ Reminder Meeting;"Meeting ""Migrasi Data EHR HIS"" akan dilaksanakan hari ini.";/timeline;false;"{""meetingDate"":""2026-02-25"",""meetingTitle"":""Migrasi Data EHR HIS"",""projectId"":null}";2026-02-25 07:00:15.556585+00
04c627dd-84f6-45f5-99ce-d6242ed1bcc8;ab1cfc35-47bb-41f6-9640-a2c55e70c2b2;meeting_reminder;⏰ Reminder Meeting;"Meeting ""Pembahasan Jasa Medis IPTOR"" akan dilaksanakan hari ini.";/timeline;false;"{""meetingDate"":""2026-06-17"",""meetingTitle"":""Pembahasan Jasa Medis IPTOR"",""projectId"":null}";2026-06-17 07:00:18.289086+00
85ff05fc-b575-4fc7-903f-7156ad37e699;44366c00-c707-46e9-bc25-a6e0009a77b0;meeting_reminder;⏰ Reminder Meeting;"Meeting ""Migrasi Data EHR HIS"" akan dilaksanakan hari ini.";/timeline;false;"{""meetingDate"":""2026-02-25"",""meetingTitle"":""Migrasi Data EHR HIS"",""projectId"":null}";2026-02-25 07:00:16.197746+00
bd11c632-3519-4dbb-a83d-4ca18c59770e;29fb61f4-2fba-45eb-ac0b-c31e1beba126;meeting_reminder;⏰ Reminder Meeting;"Meeting ""Migrasi Data EHR HIS"" akan dilaksanakan hari ini.";/timeline;false;"{""meetingDate"":""2026-02-25"",""meetingTitle"":""Migrasi Data EHR HIS"",""projectId"":null}";2026-02-25 07:00:16.896843+00
54385cb3-c715-480e-8f54-9904a9cfc550;b09bb10d-6bf2-4001-8029-6eb6235ecc52;meeting_reminder;⏰ Reminder Meeting;"Meeting ""Alur Proses Pembayaran Jasa Medis"" akan dilaksanakan hari ini.";/timeline;false;"{""meetingDate"":""2026-02-25"",""meetingTitle"":""Alur Proses Pembayaran Jasa Medis"",""projectId"":null}";2026-02-25 07:00:17.680882+00
33a58875-1811-4aab-8f1e-b2f11414e93f;9cdd2ef8-9811-4ba9-9d19-12e599da16df;meeting_reminder;⏰ Reminder Meeting;"Meeting ""Alur Proses Pembayaran Jasa Medis"" akan dilaksanakan hari ini.";/timeline;false;"{""meetingDate"":""2026-02-25"",""meetingTitle"":""Alur Proses Pembayaran Jasa Medis"",""projectId"":null}";2026-02-25 07:00:17.990015+00
684a129f-9371-42f9-9047-a975fd95edf3;3d2d7772-2bc6-424c-aada-e31e8edef8d0;meeting_reminder;⏰ Reminder Meeting;"Meeting ""Alur Proses Pembayaran Jasa Medis"" akan dilaksanakan hari ini.";/timeline;false;"{""meetingDate"":""2026-02-25"",""meetingTitle"":""Alur Proses Pembayaran Jasa Medis"",""projectId"":null}";2026-02-25 07:00:18.248081+00
795562de-c43c-4cc2-8506-a5f1836b07a4;186eb126-6bf5-45af-901f-0ea7b2c1018d;meeting_reminder;⏰ Reminder Meeting;"Meeting ""Alur Proses Pembayaran Jasa Medis"" akan dilaksanakan hari ini.";/timeline;false;"{""meetingDate"":""2026-02-25"",""meetingTitle"":""Alur Proses Pembayaran Jasa Medis"",""projectId"":null}";2026-02-25 07:00:18.481818+00
7fb4b38e-1718-46b4-b6f3-dcc3d8125507;ab1cfc35-47bb-41f6-9640-a2c55e70c2b2;meeting_reminder;⏰ Reminder Meeting;"Meeting ""Alur Proses Pembayaran Jasa Medis"" akan dilaksanakan hari ini.";/timeline;false;"{""meetingDate"":""2026-02-25"",""meetingTitle"":""Alur Proses Pembayaran Jasa Medis"",""projectId"":null}";2026-02-25 07:00:18.725247+00
00a3cd47-93f4-47bd-b4ea-769110e2cab2;44366c00-c707-46e9-bc25-a6e0009a77b0;meeting_reminder;⏰ Reminder Meeting;"Meeting ""Alur Proses Pembayaran Jasa Medis"" akan dilaksanakan hari ini.";/timeline;false;"{""meetingDate"":""2026-02-25"",""meetingTitle"":""Alur Proses Pembayaran Jasa Medis"",""projectId"":null}";2026-02-25 07:00:19.259553+00
5f2f2fcb-dfa1-48b3-945a-7bd93f8602d3;29fb61f4-2fba-45eb-ac0b-c31e1beba126;meeting_reminder;⏰ Reminder Meeting;"Meeting ""Alur Proses Pembayaran Jasa Medis"" akan dilaksanakan hari ini.";/timeline;false;"{""meetingDate"":""2026-02-25"",""meetingTitle"":""Alur Proses Pembayaran Jasa Medis"",""projectId"":null}";2026-02-25 07:00:19.463585+00
471a88e3-4f26-40a3-a8ef-b13e0d179805;ae199846-f8f2-4f4b-998d-ea5f88b6a520;new_meeting;📅 Meeting Baru Dijadwalkan;"Meeting ""Alur Proses Pembayaran Jasa Medis"" dijadwalkan pada 2026-02-25 pukul 13:00:00.";/timeline;true;"{""meetingDate"":""2026-02-25"",""meetingTitle"":""Alur Proses Pembayaran Jasa Medis"",""projectId"":null}";2026-02-24 08:25:23.440026+00
b367f8c0-6977-4bf7-b684-6707f8e4a295;ae199846-f8f2-4f4b-998d-ea5f88b6a520;new_meeting;📅 Meeting Baru Dijadwalkan;"Meeting ""Pra Kontrak kinerja"" dijadwalkan pada 2026-02-26 pukul 11:00:00.";/timeline;true;"{""meetingDate"":""2026-02-26"",""meetingTitle"":""Pra Kontrak kinerja"",""projectId"":null}";2026-02-25 03:51:14.864506+00
f146afed-72aa-4657-b370-73435960f902;ae199846-f8f2-4f4b-998d-ea5f88b6a520;meeting_reminder;⏰ Reminder Meeting;"Meeting ""Migrasi Data EHR HIS"" akan dilaksanakan hari ini.";/timeline;true;"{""meetingDate"":""2026-02-25"",""meetingTitle"":""Migrasi Data EHR HIS"",""projectId"":null}";2026-02-25 07:00:17.171409+00
b8b9dbc9-e614-4811-9d04-f437c9505de9;b09bb10d-6bf2-4001-8029-6eb6235ecc52;meeting_reminder;⏰ Reminder Meeting;"Meeting ""Koordinasi dan FGD Departemen RSCM"" akan dilaksanakan hari ini.";/timeline;false;"{""meetingDate"":""2026-02-25"",""meetingTitle"":""Koordinasi dan FGD Departemen RSCM"",""projectId"":null}";2026-02-25 07:00:20.33738+00
18942221-8d9f-446d-a46a-e2580be180d0;9cdd2ef8-9811-4ba9-9d19-12e599da16df;meeting_reminder;⏰ Reminder Meeting;"Meeting ""Koordinasi dan FGD Departemen RSCM"" akan dilaksanakan hari ini.";/timeline;false;"{""meetingDate"":""2026-02-25"",""meetingTitle"":""Koordinasi dan FGD Departemen RSCM"",""projectId"":null}";2026-02-25 07:00:20.610917+00
bd22d0aa-8f5a-45b3-a486-4a377afc5301;3d2d7772-2bc6-424c-aada-e31e8edef8d0;meeting_reminder;⏰ Reminder Meeting;"Meeting ""Koordinasi dan FGD Departemen RSCM"" akan dilaksanakan hari ini.";/timeline;false;"{""meetingDate"":""2026-02-25"",""meetingTitle"":""Koordinasi dan FGD Departemen RSCM"",""projectId"":null}";2026-02-25 07:00:20.976462+00
047c12ee-220a-4a79-9b36-dbdadf823e5d;186eb126-6bf5-45af-901f-0ea7b2c1018d;meeting_reminder;⏰ Reminder Meeting;"Meeting ""Koordinasi dan FGD Departemen RSCM"" akan dilaksanakan hari ini.";/timeline;false;"{""meetingDate"":""2026-02-25"",""meetingTitle"":""Koordinasi dan FGD Departemen RSCM"",""projectId"":null}";2026-02-25 07:00:21.206489+00
7fe2319e-1f92-4c91-9582-e15745eb352f;ab1cfc35-47bb-41f6-9640-a2c55e70c2b2;meeting_reminder;⏰ Reminder Meeting;"Meeting ""Koordinasi dan FGD Departemen RSCM"" akan dilaksanakan hari ini.";/timeline;false;"{""meetingDate"":""2026-02-25"",""meetingTitle"":""Koordinasi dan FGD Departemen RSCM"",""projectId"":null}";2026-02-25 07:00:21.462538+00
f3467c52-2fb1-4377-822e-ce43b25cb9a1;44366c00-c707-46e9-bc25-a6e0009a77b0;meeting_reminder;⏰ Reminder Meeting;"Meeting ""Koordinasi dan FGD Departemen RSCM"" akan dilaksanakan hari ini.";/timeline;false;"{""meetingDate"":""2026-02-25"",""meetingTitle"":""Koordinasi dan FGD Departemen RSCM"",""projectId"":null}";2026-02-25 07:00:21.951087+00
2fb38da8-d0d4-4a37-9ae9-173e61dbd454;29fb61f4-2fba-45eb-ac0b-c31e1beba126;meeting_reminder;⏰ Reminder Meeting;"Meeting ""Koordinasi dan FGD Departemen RSCM"" akan dilaksanakan hari ini.";/timeline;false;"{""meetingDate"":""2026-02-25"",""meetingTitle"":""Koordinasi dan FGD Departemen RSCM"",""projectId"":null}";2026-02-25 07:00:22.182643+00
3bf9f51a-4392-47e7-8526-669d87975e49;44366c00-c707-46e9-bc25-a6e0009a77b0;meeting_reminder;⏰ Reminder Meeting;"Meeting ""Pembahasan Jasa Medis IPTOR"" akan dilaksanakan hari ini.";/timeline;false;"{""meetingDate"":""2026-06-17"",""meetingTitle"":""Pembahasan Jasa Medis IPTOR"",""projectId"":null}";2026-06-17 07:00:19.352626+00
0ab4ba17-fb4e-47f9-b7a4-9fe04ebe9e0f;b09bb10d-6bf2-4001-8029-6eb6235ecc52;meeting_reminder;⏰ Reminder Meeting;"Meeting ""Bahas Tarif dengan IPSTI"" akan dilaksanakan dalam 1 hari.";/timeline;false;"{""meetingDate"":""2026-02-26"",""meetingTitle"":""Bahas Tarif dengan IPSTI"",""projectId"":null}";2026-02-25 07:00:22.903925+00
240da0fe-e181-4509-92ba-8a06c6856995;9cdd2ef8-9811-4ba9-9d19-12e599da16df;meeting_reminder;⏰ Reminder Meeting;"Meeting ""Bahas Tarif dengan IPSTI"" akan dilaksanakan dalam 1 hari.";/timeline;false;"{""meetingDate"":""2026-02-26"",""meetingTitle"":""Bahas Tarif dengan IPSTI"",""projectId"":null}";2026-02-25 07:00:23.169641+00
d8c3218f-fa64-4a68-b599-3067226ca568;3d2d7772-2bc6-424c-aada-e31e8edef8d0;meeting_reminder;⏰ Reminder Meeting;"Meeting ""Bahas Tarif dengan IPSTI"" akan dilaksanakan dalam 1 hari.";/timeline;false;"{""meetingDate"":""2026-02-26"",""meetingTitle"":""Bahas Tarif dengan IPSTI"",""projectId"":null}";2026-02-25 07:00:23.394008+00
13ee8350-dbfe-49c6-9310-d53be3fd3a99;186eb126-6bf5-45af-901f-0ea7b2c1018d;meeting_reminder;⏰ Reminder Meeting;"Meeting ""Bahas Tarif dengan IPSTI"" akan dilaksanakan dalam 1 hari.";/timeline;false;"{""meetingDate"":""2026-02-26"",""meetingTitle"":""Bahas Tarif dengan IPSTI"",""projectId"":null}";2026-02-25 07:00:23.63221+00
52633c1c-6fb3-493d-809f-d6c2d68e8c6f;ab1cfc35-47bb-41f6-9640-a2c55e70c2b2;meeting_reminder;⏰ Reminder Meeting;"Meeting ""Bahas Tarif dengan IPSTI"" akan dilaksanakan dalam 1 hari.";/timeline;false;"{""meetingDate"":""2026-02-26"",""meetingTitle"":""Bahas Tarif dengan IPSTI"",""projectId"":null}";2026-02-25 07:00:23.868817+00
bcdeef38-c3e0-4b93-aa95-30b589cb0d75;29fb61f4-2fba-45eb-ac0b-c31e1beba126;meeting_reminder;⏰ Reminder Meeting;"Meeting ""Pembahasan Jasa Medis IPTOR"" akan dilaksanakan hari ini.";/timeline;false;"{""meetingDate"":""2026-06-17"",""meetingTitle"":""Pembahasan Jasa Medis IPTOR"",""projectId"":null}";2026-06-17 07:00:20.072815+00
951981f9-e9a5-4afd-b107-f8068a4db4a2;44366c00-c707-46e9-bc25-a6e0009a77b0;meeting_reminder;⏰ Reminder Meeting;"Meeting ""Bahas Tarif dengan IPSTI"" akan dilaksanakan dalam 1 hari.";/timeline;false;"{""meetingDate"":""2026-02-26"",""meetingTitle"":""Bahas Tarif dengan IPSTI"",""projectId"":null}";2026-02-25 07:00:24.31167+00
458cb392-6da1-46a2-b338-3380ef7977f4;29fb61f4-2fba-45eb-ac0b-c31e1beba126;meeting_reminder;⏰ Reminder Meeting;"Meeting ""Bahas Tarif dengan IPSTI"" akan dilaksanakan dalam 1 hari.";/timeline;false;"{""meetingDate"":""2026-02-26"",""meetingTitle"":""Bahas Tarif dengan IPSTI"",""projectId"":null}";2026-02-25 07:00:24.564757+00
93ba37b9-be4b-4000-8fa8-45c4bfdef7bf;b09bb10d-6bf2-4001-8029-6eb6235ecc52;meeting_reminder;⏰ Reminder Meeting;"Meeting ""Pra Kontrak kinerja"" akan dilaksanakan dalam 1 hari.";/timeline;false;"{""meetingDate"":""2026-02-26"",""meetingTitle"":""Pra Kontrak kinerja"",""projectId"":null}";2026-02-25 07:00:25.28612+00
a8bb5938-0285-4f25-ac02-eb7fbc16c938;9cdd2ef8-9811-4ba9-9d19-12e599da16df;meeting_reminder;⏰ Reminder Meeting;"Meeting ""Pra Kontrak kinerja"" akan dilaksanakan dalam 1 hari.";/timeline;false;"{""meetingDate"":""2026-02-26"",""meetingTitle"":""Pra Kontrak kinerja"",""projectId"":null}";2026-02-25 07:00:25.545701+00
01325e0b-8220-4a60-bfea-8d9295c0d5f8;3d2d7772-2bc6-424c-aada-e31e8edef8d0;meeting_reminder;⏰ Reminder Meeting;"Meeting ""Pra Kontrak kinerja"" akan dilaksanakan dalam 1 hari.";/timeline;false;"{""meetingDate"":""2026-02-26"",""meetingTitle"":""Pra Kontrak kinerja"",""projectId"":null}";2026-02-25 07:00:25.817199+00
d6694a72-9e6c-4e63-80a9-cd79cd6894dc;186eb126-6bf5-45af-901f-0ea7b2c1018d;meeting_reminder;⏰ Reminder Meeting;"Meeting ""Pra Kontrak kinerja"" akan dilaksanakan dalam 1 hari.";/timeline;false;"{""meetingDate"":""2026-02-26"",""meetingTitle"":""Pra Kontrak kinerja"",""projectId"":null}";2026-02-25 07:00:26.039675+00
e3d541d9-5ca0-43ec-9c53-9d66dad7aa08;ab1cfc35-47bb-41f6-9640-a2c55e70c2b2;meeting_reminder;⏰ Reminder Meeting;"Meeting ""Pra Kontrak kinerja"" akan dilaksanakan dalam 1 hari.";/timeline;false;"{""meetingDate"":""2026-02-26"",""meetingTitle"":""Pra Kontrak kinerja"",""projectId"":null}";2026-02-25 07:00:26.279023+00
6f41ee1e-e2a4-4c0e-ae7e-ccc1a3616009;44366c00-c707-46e9-bc25-a6e0009a77b0;meeting_reminder;⏰ Reminder Meeting;"Meeting ""Pra Kontrak kinerja"" akan dilaksanakan dalam 1 hari.";/timeline;false;"{""meetingDate"":""2026-02-26"",""meetingTitle"":""Pra Kontrak kinerja"",""projectId"":null}";2026-02-25 07:00:26.750416+00
47faf1bf-a2a1-47cd-b675-23eb718a43fc;29fb61f4-2fba-45eb-ac0b-c31e1beba126;meeting_reminder;⏰ Reminder Meeting;"Meeting ""Pra Kontrak kinerja"" akan dilaksanakan dalam 1 hari.";/timeline;false;"{""meetingDate"":""2026-02-26"",""meetingTitle"":""Pra Kontrak kinerja"",""projectId"":null}";2026-02-25 07:00:27.010888+00
479f0ac4-a9df-42b4-b659-da6e0213ec3d;186eb126-6bf5-45af-901f-0ea7b2c1018d;meeting_reminder;⏰ Reminder Meeting;"Meeting ""Meet dengan Pak edhi"" akan dilaksanakan hari ini.";/timeline;false;"{""meetingDate"":""2026-02-25"",""meetingTitle"":""Meet dengan Pak edhi"",""projectId"":null}";2026-02-25 07:00:27.818287+00
ed68df9d-67db-42fd-b38a-eeaef37807da;f33e6211-8ffc-4be9-9e4b-848ce613bdc0;meeting_reminder;⏰ Reminder Meeting;"Meeting ""Koordinasi dan FGD Departemen RSCM"" akan dilaksanakan hari ini.";/timeline;true;"{""meetingDate"":""2026-02-25"",""meetingTitle"":""Koordinasi dan FGD Departemen RSCM"",""projectId"":null}";2026-02-25 07:00:21.720045+00
1ebf65ac-5510-44f3-a5a1-72b5892e1e8f;ae199846-f8f2-4f4b-998d-ea5f88b6a520;meeting_reminder;⏰ Reminder Meeting;"Meeting ""Koordinasi dan FGD Departemen RSCM"" akan dilaksanakan hari ini.";/timeline;true;"{""meetingDate"":""2026-02-25"",""meetingTitle"":""Koordinasi dan FGD Departemen RSCM"",""projectId"":null}";2026-02-25 07:00:22.473534+00
33ce7c39-2ecf-425a-b322-a034b758aa1e;ae199846-f8f2-4f4b-998d-ea5f88b6a520;meeting_reminder;⏰ Reminder Meeting;"Meeting ""Bahas Tarif dengan IPSTI"" akan dilaksanakan dalam 1 hari.";/timeline;true;"{""meetingDate"":""2026-02-26"",""meetingTitle"":""Bahas Tarif dengan IPSTI"",""projectId"":null}";2026-02-25 07:00:24.764831+00
8285099d-e3a5-4411-8fd3-a1067627d5fa;29fb61f4-2fba-45eb-ac0b-c31e1beba126;meeting_reminder;⏰ Reminder Meeting;"Meeting ""Meet dengan Pak edhi"" akan dilaksanakan hari ini.";/timeline;false;"{""meetingDate"":""2026-02-25"",""meetingTitle"":""Meet dengan Pak edhi"",""projectId"":null}";2026-02-25 07:00:28.071366+00
1b0a605d-5165-4da8-8515-df197e5a9d31;3d2d7772-2bc6-424c-aada-e31e8edef8d0;meeting_reminder;⏰ Reminder Meeting;"Meeting ""Meet dengan Pak edhi"" akan dilaksanakan hari ini.";/timeline;false;"{""meetingDate"":""2026-02-25"",""meetingTitle"":""Meet dengan Pak edhi"",""projectId"":null}";2026-02-25 07:00:28.305224+00
90f2fa94-af3a-47c2-80c1-8f80c18e18b5;44366c00-c707-46e9-bc25-a6e0009a77b0;meeting_reminder;⏰ Reminder Meeting;"Meeting ""Meet dengan Pak edhi"" akan dilaksanakan hari ini.";/timeline;false;"{""meetingDate"":""2026-02-25"",""meetingTitle"":""Meet dengan Pak edhi"",""projectId"":null}";2026-02-25 07:00:28.573423+00
ea0c448f-6c9a-4a63-a3a9-ce1b95b63772;9cdd2ef8-9811-4ba9-9d19-12e599da16df;meeting_reminder;⏰ Reminder Meeting;"Meeting ""Meet dengan Pak edhi"" akan dilaksanakan hari ini.";/timeline;false;"{""meetingDate"":""2026-02-25"",""meetingTitle"":""Meet dengan Pak edhi"",""projectId"":null}";2026-02-25 07:00:28.783793+00
20b26b9f-aeb7-41e4-b7dd-51f077fb8a2d;ab1cfc35-47bb-41f6-9640-a2c55e70c2b2;meeting_reminder;⏰ Reminder Meeting;"Meeting ""Meet dengan Pak edhi"" akan dilaksanakan hari ini.";/timeline;false;"{""meetingDate"":""2026-02-25"",""meetingTitle"":""Meet dengan Pak edhi"",""projectId"":null}";2026-02-25 07:00:28.985897+00
f9817853-2c20-477d-837f-b656a6ce3c47;b09bb10d-6bf2-4001-8029-6eb6235ecc52;meeting_reminder;⏰ Reminder Meeting;"Meeting ""Meet dengan Pak edhi"" akan dilaksanakan hari ini.";/timeline;false;"{""meetingDate"":""2026-02-25"",""meetingTitle"":""Meet dengan Pak edhi"",""projectId"":null}";2026-02-25 07:00:29.420862+00
ec4830ba-a395-4f50-9a50-30edd5d1dec1;186eb126-6bf5-45af-901f-0ea7b2c1018d;meeting_reminder;⏰ Reminder Meeting;"Meeting ""Pembahasan Jasa Medis IPTOR"" akan dilaksanakan hari ini.";/timeline;false;"{""meetingDate"":""2026-06-17"",""meetingTitle"":""Pembahasan Jasa Medis IPTOR"",""projectId"":null}";2026-06-17 07:00:38.992623+00
3a5ed46a-c214-4c3c-bec8-83e4fe65a732;f33e6211-8ffc-4be9-9e4b-848ce613bdc0;meeting_reminder;⏰ Reminder Meeting;"Meeting ""Meet dengan Pak edhi"" akan dilaksanakan hari ini.";/timeline;true;"{""meetingDate"":""2026-02-25"",""meetingTitle"":""Meet dengan Pak edhi"",""projectId"":null}";2026-02-25 07:00:29.656195+00
57c59199-7ec5-4354-a149-29c140890867;f33e6211-8ffc-4be9-9e4b-848ce613bdc0;meeting_reminder;⏰ Reminder Meeting;"Meeting ""Pra Kontrak kinerja"" akan dilaksanakan dalam 1 hari.";/timeline;true;"{""meetingDate"":""2026-02-26"",""meetingTitle"":""Pra Kontrak kinerja"",""projectId"":null}";2026-02-25 07:00:26.496833+00
ce4823aa-3b26-4686-a032-ce786c460463;f33e6211-8ffc-4be9-9e4b-848ce613bdc0;new_meeting;📅 Meeting Baru Dijadwalkan;"Meeting ""Migrasi Data EHR HIS"" dijadwalkan pada 2026-02-25 pukul 13:00:00.";/timeline;true;"{""meetingDate"":""2026-02-25"",""meetingTitle"":""Migrasi Data EHR HIS"",""projectId"":null}";2026-02-23 04:30:12.942245+00
b3b8a906-cf80-4d24-8eda-d0bf3d9a9130;f33e6211-8ffc-4be9-9e4b-848ce613bdc0;new_meeting;📅 Meeting Baru Dijadwalkan;"Meeting ""bahas Tarif dengan IPSTI"" dijadwalkan pada 2026-02-26 pukul 10:00:00.";/timeline;true;"{""meetingDate"":""2026-02-26"",""meetingTitle"":""bahas Tarif dengan IPSTI"",""projectId"":null}";2026-02-23 04:40:13.241258+00
02aec12f-f52d-4481-95ba-e2c7d51876a5;f33e6211-8ffc-4be9-9e4b-848ce613bdc0;meeting_reminder;⏰ Reminder Meeting;"Meeting ""Konsolidasi dengan IPSTI"" akan dilaksanakan hari ini.";/timeline;true;"{""meetingDate"":""2026-02-23"",""meetingTitle"":""Konsolidasi dengan IPSTI"",""projectId"":null}";2026-02-23 07:00:18.142317+00
b510c83a-4109-4919-ab61-43cf1923ce46;f33e6211-8ffc-4be9-9e4b-848ce613bdc0;meeting_reminder;⏰ Reminder Meeting;"Meeting ""Meet dengan Pak edhi"" akan dilaksanakan dalam 1 hari.";/timeline;true;"{""meetingDate"":""2026-02-25"",""meetingTitle"":""Meet dengan Pak edhi"",""projectId"":null}";2026-02-24 07:00:14.365688+00
5d3f9f63-ef6c-4ed6-b6b7-04f8ae7540b6;f33e6211-8ffc-4be9-9e4b-848ce613bdc0;meeting_reminder;⏰ Reminder Meeting;"Meeting ""Migrasi Data EHR HIS"" akan dilaksanakan dalam 1 hari.";/timeline;true;"{""meetingDate"":""2026-02-25"",""meetingTitle"":""Migrasi Data EHR HIS"",""projectId"":null}";2026-02-24 07:00:16.814921+00
b9234ddd-c5c2-47ea-9016-bd0c9f43f6af;f33e6211-8ffc-4be9-9e4b-848ce613bdc0;new_meeting;📅 Meeting Baru Dijadwalkan;"Meeting ""Koordinasi dan FGD Departemen RSCM"" dijadwalkan pada 2026-02-25 pukul 10:00:00.";/timeline;true;"{""meetingDate"":""2026-02-25"",""meetingTitle"":""Koordinasi dan FGD Departemen RSCM"",""projectId"":null}";2026-02-24 08:23:51.037594+00
6552c50c-371e-4011-ad56-81aa24fb9fbc;f33e6211-8ffc-4be9-9e4b-848ce613bdc0;new_meeting;📅 Meeting Baru Dijadwalkan;"Meeting ""Alur Proses Pembayaran Jasa Medis"" dijadwalkan pada 2026-02-25 pukul 13:00:00.";/timeline;true;"{""meetingDate"":""2026-02-25"",""meetingTitle"":""Alur Proses Pembayaran Jasa Medis"",""projectId"":null}";2026-02-24 08:25:21.140098+00
5b3381f8-1c7e-4675-997a-e47e1d7325b8;f33e6211-8ffc-4be9-9e4b-848ce613bdc0;new_meeting;📅 Meeting Baru Dijadwalkan;"Meeting ""Pra Kontrak kinerja"" dijadwalkan pada 2026-02-26 pukul 11:00:00.";/timeline;true;"{""meetingDate"":""2026-02-26"",""meetingTitle"":""Pra Kontrak kinerja"",""projectId"":null}";2026-02-25 03:51:11.560622+00
ba9d0afa-11f3-4c81-9545-cbb941318091;f33e6211-8ffc-4be9-9e4b-848ce613bdc0;meeting_reminder;⏰ Reminder Meeting;"Meeting ""Migrasi Data EHR HIS"" akan dilaksanakan hari ini.";/timeline;true;"{""meetingDate"":""2026-02-25"",""meetingTitle"":""Migrasi Data EHR HIS"",""projectId"":null}";2026-02-25 07:00:15.823585+00
307d937e-1ac9-4185-858a-7467ce5d14eb;f33e6211-8ffc-4be9-9e4b-848ce613bdc0;meeting_reminder;⏰ Reminder Meeting;"Meeting ""Alur Proses Pembayaran Jasa Medis"" akan dilaksanakan hari ini.";/timeline;true;"{""meetingDate"":""2026-02-25"",""meetingTitle"":""Alur Proses Pembayaran Jasa Medis"",""projectId"":null}";2026-02-25 07:00:19.026784+00
a7691342-49cd-4f1e-8b8e-dd61fc48fd2d;f33e6211-8ffc-4be9-9e4b-848ce613bdc0;meeting_reminder;⏰ Reminder Meeting;"Meeting ""Bahas Tarif dengan IPSTI"" akan dilaksanakan dalam 1 hari.";/timeline;true;"{""meetingDate"":""2026-02-26"",""meetingTitle"":""Bahas Tarif dengan IPSTI"",""projectId"":null}";2026-02-25 07:00:24.082737+00
833d07d3-8375-417d-a8c1-cf94cc854bdf;b09bb10d-6bf2-4001-8029-6eb6235ecc52;meeting_reminder;⏰ Reminder Meeting;"Meeting ""Pra Kontrak kinerja"" akan dilaksanakan hari ini.";/timeline;false;"{""meetingDate"":""2026-02-26"",""meetingTitle"":""Pra Kontrak kinerja"",""projectId"":null}";2026-02-26 07:00:12.602171+00
2d682fa5-ba35-4db8-87d4-1993d112ad6b;9cdd2ef8-9811-4ba9-9d19-12e599da16df;meeting_reminder;⏰ Reminder Meeting;"Meeting ""Pra Kontrak kinerja"" akan dilaksanakan hari ini.";/timeline;false;"{""meetingDate"":""2026-02-26"",""meetingTitle"":""Pra Kontrak kinerja"",""projectId"":null}";2026-02-26 07:00:13.189745+00
19f64823-fcb5-4080-baa5-5dd61c961c26;3d2d7772-2bc6-424c-aada-e31e8edef8d0;meeting_reminder;⏰ Reminder Meeting;"Meeting ""Pra Kontrak kinerja"" akan dilaksanakan hari ini.";/timeline;false;"{""meetingDate"":""2026-02-26"",""meetingTitle"":""Pra Kontrak kinerja"",""projectId"":null}";2026-02-26 07:00:13.518856+00
97c6eb63-8ea3-4c16-867a-f6945a099c4a;186eb126-6bf5-45af-901f-0ea7b2c1018d;meeting_reminder;⏰ Reminder Meeting;"Meeting ""Pra Kontrak kinerja"" akan dilaksanakan hari ini.";/timeline;false;"{""meetingDate"":""2026-02-26"",""meetingTitle"":""Pra Kontrak kinerja"",""projectId"":null}";2026-02-26 07:00:13.781153+00
1a673c41-4767-4f2c-ba64-e36fa3e18034;ab1cfc35-47bb-41f6-9640-a2c55e70c2b2;meeting_reminder;⏰ Reminder Meeting;"Meeting ""Pra Kontrak kinerja"" akan dilaksanakan hari ini.";/timeline;false;"{""meetingDate"":""2026-02-26"",""meetingTitle"":""Pra Kontrak kinerja"",""projectId"":null}";2026-02-26 07:00:14.082246+00
594ed5db-255c-47bc-a64c-996778774f1a;44366c00-c707-46e9-bc25-a6e0009a77b0;meeting_reminder;⏰ Reminder Meeting;"Meeting ""Pra Kontrak kinerja"" akan dilaksanakan hari ini.";/timeline;false;"{""meetingDate"":""2026-02-26"",""meetingTitle"":""Pra Kontrak kinerja"",""projectId"":null}";2026-02-26 07:00:14.722041+00
c92de2ef-35ca-476a-a9a3-24f194f6e12b;29fb61f4-2fba-45eb-ac0b-c31e1beba126;meeting_reminder;⏰ Reminder Meeting;"Meeting ""Pra Kontrak kinerja"" akan dilaksanakan hari ini.";/timeline;false;"{""meetingDate"":""2026-02-26"",""meetingTitle"":""Pra Kontrak kinerja"",""projectId"":null}";2026-02-26 07:00:14.986327+00
1e378c19-ee56-4ccd-9570-93fc249149eb;ae199846-f8f2-4f4b-998d-ea5f88b6a520;meeting_reminder;⏰ Reminder Meeting;"Meeting ""Meet dengan Pak edhi"" akan dilaksanakan hari ini.";/timeline;true;"{""meetingDate"":""2026-02-25"",""meetingTitle"":""Meet dengan Pak edhi"",""projectId"":null}";2026-02-25 07:00:29.198555+00
b22e555b-4a10-4752-8b18-bb1afff5e31f;b09bb10d-6bf2-4001-8029-6eb6235ecc52;meeting_reminder;⏰ Reminder Meeting;"Meeting ""Bahas Tarif dengan IPSTI"" akan dilaksanakan hari ini.";/timeline;false;"{""meetingDate"":""2026-02-26"",""meetingTitle"":""Bahas Tarif dengan IPSTI"",""projectId"":null}";2026-02-26 07:00:16.340885+00
05764ba0-5b14-4fd8-8960-bc20619ad7ec;b09bb10d-6bf2-4001-8029-6eb6235ecc52;meeting_reminder;⏰ Reminder Meeting;"Meeting ""Meet dengan Serenic"" akan dilaksanakan hari ini.";/timeline;false;"{""meetingDate"":""2026-06-17"",""meetingTitle"":""Meet dengan Serenic"",""projectId"":null}";2026-06-17 07:00:42.929792+00
6f2e9189-2a07-44af-b577-658c491de558;9cdd2ef8-9811-4ba9-9d19-12e599da16df;meeting_reminder;⏰ Reminder Meeting;"Meeting ""Meet dengan Serenic"" akan dilaksanakan hari ini.";/timeline;false;"{""meetingDate"":""2026-06-17"",""meetingTitle"":""Meet dengan Serenic"",""projectId"":null}";2026-06-17 07:00:43.248724+00
970a6ffa-f5d2-442f-93a1-515c806b8f07;3d2d7772-2bc6-424c-aada-e31e8edef8d0;meeting_reminder;⏰ Reminder Meeting;"Meeting ""Meet dengan Serenic"" akan dilaksanakan hari ini.";/timeline;false;"{""meetingDate"":""2026-06-17"",""meetingTitle"":""Meet dengan Serenic"",""projectId"":null}";2026-06-17 07:00:43.531095+00
6d206fb4-63cc-4aad-a18d-a0bfd87c08d3;ab1cfc35-47bb-41f6-9640-a2c55e70c2b2;meeting_reminder;⏰ Reminder Meeting;"Meeting ""Meet dengan Serenic"" akan dilaksanakan hari ini.";/timeline;false;"{""meetingDate"":""2026-06-17"",""meetingTitle"":""Meet dengan Serenic"",""projectId"":null}";2026-06-17 07:00:43.760178+00
90e4561f-c66b-4368-ac19-ff2df3c97dc9;44366c00-c707-46e9-bc25-a6e0009a77b0;meeting_reminder;⏰ Reminder Meeting;"Meeting ""Meet dengan Serenic"" akan dilaksanakan hari ini.";/timeline;false;"{""meetingDate"":""2026-06-17"",""meetingTitle"":""Meet dengan Serenic"",""projectId"":null}";2026-06-17 07:00:44.340682+00
98181b39-ec22-489c-bb33-df1dc6647ae0;29fb61f4-2fba-45eb-ac0b-c31e1beba126;meeting_reminder;⏰ Reminder Meeting;"Meeting ""Meet dengan Serenic"" akan dilaksanakan hari ini.";/timeline;false;"{""meetingDate"":""2026-06-17"",""meetingTitle"":""Meet dengan Serenic"",""projectId"":null}";2026-06-17 07:00:44.588043+00
55a45070-f916-411b-bc80-05cf6df7d1ed;186eb126-6bf5-45af-901f-0ea7b2c1018d;meeting_reminder;⏰ Reminder Meeting;"Meeting ""Meet dengan Serenic"" akan dilaksanakan hari ini.";/timeline;false;"{""meetingDate"":""2026-06-17"",""meetingTitle"":""Meet dengan Serenic"",""projectId"":null}";2026-06-17 07:00:45.045831+00
34659fbb-b23d-48d3-a52d-0a2f6513a808;b09bb10d-6bf2-4001-8029-6eb6235ecc52;meeting_reminder;⏰ Reminder Meeting;"Meeting ""Pembahasan Capaian Antrian Online, Validasi Biometrik, dan Surat Kontrol JKN"" akan dilaksanakan dalam 1 hari.";/timeline;false;"{""meetingDate"":""2026-06-18"",""meetingTitle"":""Pembahasan Capaian Antrian Online, Validasi Biometrik, dan Surat Kontrol JKN"",""projectId"":null}";2026-06-17 07:00:45.486127+00
579f4821-7a12-45c5-9f34-ee0c9c21f509;9cdd2ef8-9811-4ba9-9d19-12e599da16df;meeting_reminder;⏰ Reminder Meeting;"Meeting ""Pembahasan Capaian Antrian Online, Validasi Biometrik, dan Surat Kontrol JKN"" akan dilaksanakan dalam 1 hari.";/timeline;false;"{""meetingDate"":""2026-06-18"",""meetingTitle"":""Pembahasan Capaian Antrian Online, Validasi Biometrik, dan Surat Kontrol JKN"",""projectId"":null}";2026-06-17 07:00:45.729548+00
ae884fd4-a158-47f9-99f4-2b5297cee36c;3d2d7772-2bc6-424c-aada-e31e8edef8d0;meeting_reminder;⏰ Reminder Meeting;"Meeting ""Pembahasan Capaian Antrian Online, Validasi Biometrik, dan Surat Kontrol JKN"" akan dilaksanakan dalam 1 hari.";/timeline;false;"{""meetingDate"":""2026-06-18"",""meetingTitle"":""Pembahasan Capaian Antrian Online, Validasi Biometrik, dan Surat Kontrol JKN"",""projectId"":null}";2026-06-17 07:00:45.945284+00
69b2d638-fab6-47f0-a952-769c1709d0ac;ab1cfc35-47bb-41f6-9640-a2c55e70c2b2;meeting_reminder;⏰ Reminder Meeting;"Meeting ""Pembahasan Capaian Antrian Online, Validasi Biometrik, dan Surat Kontrol JKN"" akan dilaksanakan dalam 1 hari.";/timeline;false;"{""meetingDate"":""2026-06-18"",""meetingTitle"":""Pembahasan Capaian Antrian Online, Validasi Biometrik, dan Surat Kontrol JKN"",""projectId"":null}";2026-06-17 07:00:46.171803+00
ac7b63a3-8a53-407b-a6e3-e947fa87768f;44366c00-c707-46e9-bc25-a6e0009a77b0;meeting_reminder;⏰ Reminder Meeting;"Meeting ""Pembahasan Capaian Antrian Online, Validasi Biometrik, dan Surat Kontrol JKN"" akan dilaksanakan dalam 1 hari.";/timeline;false;"{""meetingDate"":""2026-06-18"",""meetingTitle"":""Pembahasan Capaian Antrian Online, Validasi Biometrik, dan Surat Kontrol JKN"",""projectId"":null}";2026-06-17 07:00:47.076753+00
2adee510-3547-452c-9fc1-e34004ab2750;29fb61f4-2fba-45eb-ac0b-c31e1beba126;meeting_reminder;⏰ Reminder Meeting;"Meeting ""Pembahasan Capaian Antrian Online, Validasi Biometrik, dan Surat Kontrol JKN"" akan dilaksanakan dalam 1 hari.";/timeline;false;"{""meetingDate"":""2026-06-18"",""meetingTitle"":""Pembahasan Capaian Antrian Online, Validasi Biometrik, dan Surat Kontrol JKN"",""projectId"":null}";2026-06-17 07:00:47.287674+00
d47fc262-39d9-4066-87ee-89cb4937a579;186eb126-6bf5-45af-901f-0ea7b2c1018d;meeting_reminder;⏰ Reminder Meeting;"Meeting ""Pembahasan Capaian Antrian Online, Validasi Biometrik, dan Surat Kontrol JKN"" akan dilaksanakan dalam 1 hari.";/timeline;false;"{""meetingDate"":""2026-06-18"",""meetingTitle"":""Pembahasan Capaian Antrian Online, Validasi Biometrik, dan Surat Kontrol JKN"",""projectId"":null}";2026-06-17 07:00:47.773323+00
8f08e587-2595-4715-97a6-a6a452b319db;ae199846-f8f2-4f4b-998d-ea5f88b6a520;meeting_reminder;⏰ Reminder Meeting;"Meeting ""Meet dengan Serenic"" akan dilaksanakan hari ini.";/timeline;true;"{""meetingDate"":""2026-06-17"",""meetingTitle"":""Meet dengan Serenic"",""projectId"":null}";2026-06-17 07:00:44.822421+00
0fda2e5c-ca20-42ff-8da8-4743316b972d;ae199846-f8f2-4f4b-998d-ea5f88b6a520;meeting_reminder;⏰ Reminder Meeting;"Meeting ""Pembahasan Capaian Antrian Online, Validasi Biometrik, dan Surat Kontrol JKN"" akan dilaksanakan dalam 1 hari.";/timeline;true;"{""meetingDate"":""2026-06-18"",""meetingTitle"":""Pembahasan Capaian Antrian Online, Validasi Biometrik, dan Surat Kontrol JKN"",""projectId"":null}";2026-06-17 07:00:47.520297+00
25dbd447-8808-4136-b40c-ad14b9576689;f33e6211-8ffc-4be9-9e4b-848ce613bdc0;meeting_reminder;⏰ Reminder Meeting;"Meeting ""Meet dengan Serenic"" akan dilaksanakan hari ini.";/timeline;true;"{""meetingDate"":""2026-06-17"",""meetingTitle"":""Meet dengan Serenic"",""projectId"":null}";2026-06-17 07:00:44.134369+00
4c0c87a1-71ac-42aa-87bd-8cc52c24e1e7;f33e6211-8ffc-4be9-9e4b-848ce613bdc0;meeting_reminder;⏰ Reminder Meeting;"Meeting ""Pembahasan Capaian Antrian Online, Validasi Biometrik, dan Surat Kontrol JKN"" akan dilaksanakan dalam 1 hari.";/timeline;true;"{""meetingDate"":""2026-06-18"",""meetingTitle"":""Pembahasan Capaian Antrian Online, Validasi Biometrik, dan Surat Kontrol JKN"",""projectId"":null}";2026-06-17 07:00:46.839058+00
8b8df6ce-9e05-42eb-808f-da4176424c56;9cdd2ef8-9811-4ba9-9d19-12e599da16df;meeting_reminder;⏰ Reminder Meeting;"Meeting ""Bahas Tarif dengan IPSTI"" akan dilaksanakan hari ini.";/timeline;false;"{""meetingDate"":""2026-02-26"",""meetingTitle"":""Bahas Tarif dengan IPSTI"",""projectId"":null}";2026-02-26 07:00:16.592884+00
d5923262-4010-4864-ac87-c4e79b3ca57c;44366c00-c707-46e9-bc25-a6e0009a77b0;meeting_reminder;⏰ Reminder Meeting;"Meeting ""Bahas Tarif dengan IPSTI"" akan dilaksanakan hari ini.";/timeline;false;"{""meetingDate"":""2026-02-26"",""meetingTitle"":""Bahas Tarif dengan IPSTI"",""projectId"":null}";2026-02-26 07:00:17.802259+00
96350486-d53f-4295-8633-6e6457ab035f;ae199846-f8f2-4f4b-998d-ea5f88b6a520;meeting_reminder;⏰ Reminder Meeting;"Meeting ""Pembahasan Jasa Medis IPTOR"" akan dilaksanakan hari ini.";/timeline;true;"{""meetingDate"":""2026-06-17"",""meetingTitle"":""Pembahasan Jasa Medis IPTOR"",""projectId"":null}";2026-06-17 07:00:20.581883+00
45b4e705-3793-420c-8fe0-74df5e705a03;3d2d7772-2bc6-424c-aada-e31e8edef8d0;meeting_reminder;⏰ Reminder Meeting;"Meeting ""Bahas Tarif dengan IPSTI"" akan dilaksanakan hari ini.";/timeline;false;"{""meetingDate"":""2026-02-26"",""meetingTitle"":""Bahas Tarif dengan IPSTI"",""projectId"":null}";2026-02-26 07:00:16.857333+00
038970d7-88bd-449f-82fe-5e314f61d2c2;29fb61f4-2fba-45eb-ac0b-c31e1beba126;meeting_reminder;⏰ Reminder Meeting;"Meeting ""Bahas Tarif dengan IPSTI"" akan dilaksanakan hari ini.";/timeline;false;"{""meetingDate"":""2026-02-26"",""meetingTitle"":""Bahas Tarif dengan IPSTI"",""projectId"":null}";2026-02-26 07:00:18.028988+00
4aa0d85c-9f09-4a8d-be96-63bfd3a2fb2c;b09bb10d-6bf2-4001-8029-6eb6235ecc52;meeting_reminder;⏰ Reminder Meeting;"Meeting ""Pembahasan Capaian Antrian Online, Validasi Biometrik, dan Surat Kontrol JKN"" akan dilaksanakan hari ini.";/timeline;false;"{""meetingDate"":""2026-06-18"",""meetingTitle"":""Pembahasan Capaian Antrian Online, Validasi Biometrik, dan Surat Kontrol JKN"",""projectId"":null}";2026-06-18 07:00:10.197014+00
7c9f5612-c5b0-4a62-9822-489b5bcf1719;9cdd2ef8-9811-4ba9-9d19-12e599da16df;meeting_reminder;⏰ Reminder Meeting;"Meeting ""Pembahasan Capaian Antrian Online, Validasi Biometrik, dan Surat Kontrol JKN"" akan dilaksanakan hari ini.";/timeline;false;"{""meetingDate"":""2026-06-18"",""meetingTitle"":""Pembahasan Capaian Antrian Online, Validasi Biometrik, dan Surat Kontrol JKN"",""projectId"":null}";2026-06-18 07:00:10.604676+00
e95c8f56-8ad2-4423-9b80-169b10131f27;3d2d7772-2bc6-424c-aada-e31e8edef8d0;meeting_reminder;⏰ Reminder Meeting;"Meeting ""Pembahasan Capaian Antrian Online, Validasi Biometrik, dan Surat Kontrol JKN"" akan dilaksanakan hari ini.";/timeline;false;"{""meetingDate"":""2026-06-18"",""meetingTitle"":""Pembahasan Capaian Antrian Online, Validasi Biometrik, dan Surat Kontrol JKN"",""projectId"":null}";2026-06-18 07:00:11.070899+00
19fdaae7-9da6-4427-bc23-d159a8885b49;ab1cfc35-47bb-41f6-9640-a2c55e70c2b2;meeting_reminder;⏰ Reminder Meeting;"Meeting ""Pembahasan Capaian Antrian Online, Validasi Biometrik, dan Surat Kontrol JKN"" akan dilaksanakan hari ini.";/timeline;false;"{""meetingDate"":""2026-06-18"",""meetingTitle"":""Pembahasan Capaian Antrian Online, Validasi Biometrik, dan Surat Kontrol JKN"",""projectId"":null}";2026-06-18 07:00:11.579276+00
568b5820-fc13-48dd-b62c-c66fa78c8929;44366c00-c707-46e9-bc25-a6e0009a77b0;meeting_reminder;⏰ Reminder Meeting;"Meeting ""Pembahasan Capaian Antrian Online, Validasi Biometrik, dan Surat Kontrol JKN"" akan dilaksanakan hari ini.";/timeline;false;"{""meetingDate"":""2026-06-18"",""meetingTitle"":""Pembahasan Capaian Antrian Online, Validasi Biometrik, dan Surat Kontrol JKN"",""projectId"":null}";2026-06-18 07:00:12.176282+00
bbaf9f8a-66b2-47a6-bb2c-e805b1d9c0ab;29fb61f4-2fba-45eb-ac0b-c31e1beba126;meeting_reminder;⏰ Reminder Meeting;"Meeting ""Pembahasan Capaian Antrian Online, Validasi Biometrik, dan Surat Kontrol JKN"" akan dilaksanakan hari ini.";/timeline;false;"{""meetingDate"":""2026-06-18"",""meetingTitle"":""Pembahasan Capaian Antrian Online, Validasi Biometrik, dan Surat Kontrol JKN"",""projectId"":null}";2026-06-18 07:00:12.415783+00
1294c33c-1c3a-4da8-9328-9487cfa0c28f;186eb126-6bf5-45af-901f-0ea7b2c1018d;meeting_reminder;⏰ Reminder Meeting;"Meeting ""Pembahasan Capaian Antrian Online, Validasi Biometrik, dan Surat Kontrol JKN"" akan dilaksanakan hari ini.";/timeline;false;"{""meetingDate"":""2026-06-18"",""meetingTitle"":""Pembahasan Capaian Antrian Online, Validasi Biometrik, dan Surat Kontrol JKN"",""projectId"":null}";2026-06-18 07:00:13.087284+00
045016ff-30a4-431b-bb2b-76c34df49c17;f33e6211-8ffc-4be9-9e4b-848ce613bdc0;meeting_reminder;⏰ Reminder Meeting;"Meeting ""Pembahasan Capaian Antrian Online, Validasi Biometrik, dan Surat Kontrol JKN"" akan dilaksanakan hari ini.";/timeline;true;"{""meetingDate"":""2026-06-18"",""meetingTitle"":""Pembahasan Capaian Antrian Online, Validasi Biometrik, dan Surat Kontrol JKN"",""projectId"":null}";2026-06-18 07:00:11.895929+00
4b21c4c2-43a1-4392-8935-b0b886f89d83;ae199846-f8f2-4f4b-998d-ea5f88b6a520;meeting_reminder;⏰ Reminder Meeting;"Meeting ""Pembahasan Capaian Antrian Online, Validasi Biometrik, dan Surat Kontrol JKN"" akan dilaksanakan hari ini.";/timeline;true;"{""meetingDate"":""2026-06-18"",""meetingTitle"":""Pembahasan Capaian Antrian Online, Validasi Biometrik, dan Surat Kontrol JKN"",""projectId"":null}";2026-06-18 07:00:12.833175+00
f16db4ef-4d0e-497f-a3f6-a8bcb688cf75;186eb126-6bf5-45af-901f-0ea7b2c1018d;meeting_reminder;⏰ Reminder Meeting;"Meeting ""Bahas Tarif dengan IPSTI"" akan dilaksanakan hari ini.";/timeline;false;"{""meetingDate"":""2026-02-26"",""meetingTitle"":""Bahas Tarif dengan IPSTI"",""projectId"":null}";2026-02-26 07:00:17.082431+00
cfdcdc64-d4a2-4e6d-b71a-a43a2310e0f3;b09bb10d-6bf2-4001-8029-6eb6235ecc52;new_meeting;📅 Meeting Baru Dijadwalkan;"Meeting ""Meet dengan BPJS"" dijadwalkan pada 2026-06-23 pukul 10:00:00.";/timeline;false;"{""meetingDate"":""2026-06-23"",""meetingTitle"":""Meet dengan BPJS"",""projectId"":null}";2026-06-19 02:18:30.61725+00
203413ac-f597-4cd9-b5ea-6f9fa3732d12;ae199846-f8f2-4f4b-998d-ea5f88b6a520;meeting_reminder;⏰ Reminder Meeting;"Meeting ""Bahas Tarif dengan IPSTI"" akan dilaksanakan hari ini.";/timeline;true;"{""meetingDate"":""2026-02-26"",""meetingTitle"":""Bahas Tarif dengan IPSTI"",""projectId"":null}";2026-02-26 07:00:18.230935+00
26fbd732-b008-4feb-b037-50bf2853aad5;3d2d7772-2bc6-424c-aada-e31e8edef8d0;new_meeting;📅 Meeting Baru Dijadwalkan;"Meeting ""Meet dengan BPJS"" dijadwalkan pada 2026-06-23 pukul 10:00:00.";/timeline;false;"{""meetingDate"":""2026-06-23"",""meetingTitle"":""Meet dengan BPJS"",""projectId"":null}";2026-06-19 02:18:32.120057+00
edfd8d60-49b7-48a6-8eb1-0f46ff3f987c;29fb61f4-2fba-45eb-ac0b-c31e1beba126;new_meeting;📅 Meeting Baru Dijadwalkan;"Meeting ""Meet dengan BPJS"" dijadwalkan pada 2026-06-23 pukul 10:00:00.";/timeline;false;"{""meetingDate"":""2026-06-23"",""meetingTitle"":""Meet dengan BPJS"",""projectId"":null}";2026-06-19 02:18:35.51611+00
527713ac-e72d-48a2-92fc-6837d5b0d58c;186eb126-6bf5-45af-901f-0ea7b2c1018d;new_meeting;📅 Meeting Baru Dijadwalkan;"Meeting ""Meet dengan BPJS"" dijadwalkan pada 2026-06-23 pukul 10:00:00.";/timeline;false;"{""meetingDate"":""2026-06-23"",""meetingTitle"":""Meet dengan BPJS"",""projectId"":null}";2026-06-19 02:18:36.986882+00
a0e4bf7e-721f-444e-92d5-db47efa002cc;f33e6211-8ffc-4be9-9e4b-848ce613bdc0;new_meeting;📅 Meeting Baru Dijadwalkan;"Meeting ""Meet dengan BPJS"" dijadwalkan pada 2026-06-23 pukul 10:00:00.";/timeline;true;"{""meetingDate"":""2026-06-23"",""meetingTitle"":""Meet dengan BPJS"",""projectId"":null}";2026-06-19 02:18:34.066162+00
52a59910-d003-406c-8c58-7470cd28c70a;ab1cfc35-47bb-41f6-9640-a2c55e70c2b2;meeting_reminder;⏰ Reminder Meeting;"Meeting ""Bahas Tarif dengan IPSTI"" akan dilaksanakan hari ini.";/timeline;false;"{""meetingDate"":""2026-02-26"",""meetingTitle"":""Bahas Tarif dengan IPSTI"",""projectId"":null}";2026-02-26 07:00:17.305566+00
9a7abe8c-a64a-4106-a176-8c293a03a919;b09bb10d-6bf2-4001-8029-6eb6235ecc52;new_meeting;📅 Meeting Baru Dijadwalkan;"Meeting ""Menyamakan timeline tarif dan unifikasi dengan IPSTI"" dijadwalkan pada 2026-03-04 pukul 09:00:00.";/timeline;false;"{""meetingDate"":""2026-03-04"",""meetingTitle"":""Menyamakan timeline tarif dan unifikasi dengan IPSTI"",""projectId"":null}";2026-03-03 03:30:07.684612+00
bd63bb6f-270d-4752-9c92-5ae4ed2039a6;9cdd2ef8-9811-4ba9-9d19-12e599da16df;new_meeting;📅 Meeting Baru Dijadwalkan;"Meeting ""Menyamakan timeline tarif dan unifikasi dengan IPSTI"" dijadwalkan pada 2026-03-04 pukul 09:00:00.";/timeline;false;"{""meetingDate"":""2026-03-04"",""meetingTitle"":""Menyamakan timeline tarif dan unifikasi dengan IPSTI"",""projectId"":null}";2026-03-03 03:30:08.533954+00
c7627d79-9809-47d5-a210-58335b21f43b;3d2d7772-2bc6-424c-aada-e31e8edef8d0;new_meeting;📅 Meeting Baru Dijadwalkan;"Meeting ""Menyamakan timeline tarif dan unifikasi dengan IPSTI"" dijadwalkan pada 2026-03-04 pukul 09:00:00.";/timeline;false;"{""meetingDate"":""2026-03-04"",""meetingTitle"":""Menyamakan timeline tarif dan unifikasi dengan IPSTI"",""projectId"":null}";2026-03-03 03:30:09.384957+00
6c4e7302-30d4-4323-8bb0-808c3c51b4af;186eb126-6bf5-45af-901f-0ea7b2c1018d;new_meeting;📅 Meeting Baru Dijadwalkan;"Meeting ""Menyamakan timeline tarif dan unifikasi dengan IPSTI"" dijadwalkan pada 2026-03-04 pukul 09:00:00.";/timeline;false;"{""meetingDate"":""2026-03-04"",""meetingTitle"":""Menyamakan timeline tarif dan unifikasi dengan IPSTI"",""projectId"":null}";2026-03-03 03:30:10.125195+00
681a46ae-2b83-49f3-a793-c5de975783dc;ab1cfc35-47bb-41f6-9640-a2c55e70c2b2;new_meeting;📅 Meeting Baru Dijadwalkan;"Meeting ""Menyamakan timeline tarif dan unifikasi dengan IPSTI"" dijadwalkan pada 2026-03-04 pukul 09:00:00.";/timeline;false;"{""meetingDate"":""2026-03-04"",""meetingTitle"":""Menyamakan timeline tarif dan unifikasi dengan IPSTI"",""projectId"":null}";2026-03-03 03:30:10.898785+00
34ed20f8-1762-42a1-94c1-f6cc5e7da180;9cdd2ef8-9811-4ba9-9d19-12e599da16df;new_meeting;📅 Meeting Baru Dijadwalkan;"Meeting ""Meet dengan BPJS"" dijadwalkan pada 2026-06-23 pukul 10:00:00.";/timeline;false;"{""meetingDate"":""2026-06-23"",""meetingTitle"":""Meet dengan BPJS"",""projectId"":null}";2026-06-19 02:18:31.416726+00
40ce1f02-4011-4851-a9d4-8526c4b5cdd1;44366c00-c707-46e9-bc25-a6e0009a77b0;new_meeting;📅 Meeting Baru Dijadwalkan;"Meeting ""Menyamakan timeline tarif dan unifikasi dengan IPSTI"" dijadwalkan pada 2026-03-04 pukul 09:00:00.";/timeline;false;"{""meetingDate"":""2026-03-04"",""meetingTitle"":""Menyamakan timeline tarif dan unifikasi dengan IPSTI"",""projectId"":null}";2026-03-03 03:30:13.577694+00
4cecfad8-24a8-4330-a755-6220bd013d91;29fb61f4-2fba-45eb-ac0b-c31e1beba126;new_meeting;📅 Meeting Baru Dijadwalkan;"Meeting ""Menyamakan timeline tarif dan unifikasi dengan IPSTI"" dijadwalkan pada 2026-03-04 pukul 09:00:00.";/timeline;false;"{""meetingDate"":""2026-03-04"",""meetingTitle"":""Menyamakan timeline tarif dan unifikasi dengan IPSTI"",""projectId"":null}";2026-03-03 03:30:14.30531+00
22905ee0-0031-4341-b39a-453babe683c6;ab1cfc35-47bb-41f6-9640-a2c55e70c2b2;new_meeting;📅 Meeting Baru Dijadwalkan;"Meeting ""Meet dengan BPJS"" dijadwalkan pada 2026-06-23 pukul 10:00:00.";/timeline;false;"{""meetingDate"":""2026-06-23"",""meetingTitle"":""Meet dengan BPJS"",""projectId"":null}";2026-06-19 02:18:33.327839+00
09cf22d6-7107-4c1f-a84c-1bc889fae332;f33e6211-8ffc-4be9-9e4b-848ce613bdc0;new_meeting;📅 Meeting Baru Dijadwalkan;"Meeting ""Menyamakan timeline tarif dan unifikasi dengan IPSTI"" dijadwalkan pada 2026-03-04 pukul 09:00:00.";/timeline;true;"{""meetingDate"":""2026-03-04"",""meetingTitle"":""Menyamakan timeline tarif dan unifikasi dengan IPSTI"",""projectId"":null}";2026-03-03 03:30:11.608751+00
9617d424-d382-46a9-af30-093d08000977;b09bb10d-6bf2-4001-8029-6eb6235ecc52;meeting_reminder;⏰ Reminder Meeting;"Meeting ""Menyamakan timeline tarif dan unifikasi dengan IPSTI"" akan dilaksanakan dalam 1 hari.";/timeline;false;"{""meetingDate"":""2026-03-04"",""meetingTitle"":""Menyamakan timeline tarif dan unifikasi dengan IPSTI"",""projectId"":null}";2026-03-03 07:00:12.584502+00
96e4cfb5-38b8-4872-8b99-a28b49c0b694;9cdd2ef8-9811-4ba9-9d19-12e599da16df;meeting_reminder;⏰ Reminder Meeting;"Meeting ""Menyamakan timeline tarif dan unifikasi dengan IPSTI"" akan dilaksanakan dalam 1 hari.";/timeline;false;"{""meetingDate"":""2026-03-04"",""meetingTitle"":""Menyamakan timeline tarif dan unifikasi dengan IPSTI"",""projectId"":null}";2026-03-03 07:00:14.077778+00
013cbee3-6752-4575-86fb-f3ee20069e1f;3d2d7772-2bc6-424c-aada-e31e8edef8d0;meeting_reminder;⏰ Reminder Meeting;"Meeting ""Menyamakan timeline tarif dan unifikasi dengan IPSTI"" akan dilaksanakan dalam 1 hari.";/timeline;false;"{""meetingDate"":""2026-03-04"",""meetingTitle"":""Menyamakan timeline tarif dan unifikasi dengan IPSTI"",""projectId"":null}";2026-03-03 07:00:14.592237+00
ce61e473-a7a2-4c2d-893f-22522f641d40;186eb126-6bf5-45af-901f-0ea7b2c1018d;meeting_reminder;⏰ Reminder Meeting;"Meeting ""Menyamakan timeline tarif dan unifikasi dengan IPSTI"" akan dilaksanakan dalam 1 hari.";/timeline;false;"{""meetingDate"":""2026-03-04"",""meetingTitle"":""Menyamakan timeline tarif dan unifikasi dengan IPSTI"",""projectId"":null}";2026-03-03 07:00:14.869155+00
0c002fa0-8fc0-4bb7-b79d-b207483388fa;ab1cfc35-47bb-41f6-9640-a2c55e70c2b2;meeting_reminder;⏰ Reminder Meeting;"Meeting ""Menyamakan timeline tarif dan unifikasi dengan IPSTI"" akan dilaksanakan dalam 1 hari.";/timeline;false;"{""meetingDate"":""2026-03-04"",""meetingTitle"":""Menyamakan timeline tarif dan unifikasi dengan IPSTI"",""projectId"":null}";2026-03-03 07:00:15.130244+00
b3d6b5a9-43f1-4032-8af2-79c61fd07214;44366c00-c707-46e9-bc25-a6e0009a77b0;meeting_reminder;⏰ Reminder Meeting;"Meeting ""Menyamakan timeline tarif dan unifikasi dengan IPSTI"" akan dilaksanakan dalam 1 hari.";/timeline;false;"{""meetingDate"":""2026-03-04"",""meetingTitle"":""Menyamakan timeline tarif dan unifikasi dengan IPSTI"",""projectId"":null}";2026-03-03 07:00:15.638446+00
adad01d2-7cb9-4a08-8592-587dde571f50;29fb61f4-2fba-45eb-ac0b-c31e1beba126;meeting_reminder;⏰ Reminder Meeting;"Meeting ""Menyamakan timeline tarif dan unifikasi dengan IPSTI"" akan dilaksanakan dalam 1 hari.";/timeline;false;"{""meetingDate"":""2026-03-04"",""meetingTitle"":""Menyamakan timeline tarif dan unifikasi dengan IPSTI"",""projectId"":null}";2026-03-03 07:00:15.890919+00
6ff4175c-c8d6-4d9c-b45d-a6c23808b38b;f33e6211-8ffc-4be9-9e4b-848ce613bdc0;meeting_reminder;⏰ Reminder Meeting;"Meeting ""Menyamakan timeline tarif dan unifikasi dengan IPSTI"" akan dilaksanakan dalam 1 hari.";/timeline;true;"{""meetingDate"":""2026-03-04"",""meetingTitle"":""Menyamakan timeline tarif dan unifikasi dengan IPSTI"",""projectId"":null}";2026-03-03 07:00:15.395929+00
7f265515-5459-40ac-8184-9f184846c8a6;b09bb10d-6bf2-4001-8029-6eb6235ecc52;meeting_reminder;⏰ Reminder Meeting;"Meeting ""Menyamakan timeline tarif dan unifikasi dengan IPSTI"" akan dilaksanakan hari ini.";/timeline;false;"{""meetingDate"":""2026-03-04"",""meetingTitle"":""Menyamakan timeline tarif dan unifikasi dengan IPSTI"",""projectId"":null}";2026-03-04 07:00:12.488803+00
15e45792-de57-42f3-97ef-2f76d1c433f6;9cdd2ef8-9811-4ba9-9d19-12e599da16df;meeting_reminder;⏰ Reminder Meeting;"Meeting ""Menyamakan timeline tarif dan unifikasi dengan IPSTI"" akan dilaksanakan hari ini.";/timeline;false;"{""meetingDate"":""2026-03-04"",""meetingTitle"":""Menyamakan timeline tarif dan unifikasi dengan IPSTI"",""projectId"":null}";2026-03-04 07:00:13.290841+00
a85eed46-f5da-4ee2-8cde-5f0a88c1ceaf;ae199846-f8f2-4f4b-998d-ea5f88b6a520;new_meeting;📅 Meeting Baru Dijadwalkan;"Meeting ""Menyamakan timeline tarif dan unifikasi dengan IPSTI"" dijadwalkan pada 2026-03-04 pukul 09:00:00.";/timeline;true;"{""meetingDate"":""2026-03-04"",""meetingTitle"":""Menyamakan timeline tarif dan unifikasi dengan IPSTI"",""projectId"":null}";2026-03-03 03:30:15.080424+00
40dc61ce-9a68-4e8b-b022-8185751d2652;ae199846-f8f2-4f4b-998d-ea5f88b6a520;meeting_reminder;⏰ Reminder Meeting;"Meeting ""Menyamakan timeline tarif dan unifikasi dengan IPSTI"" akan dilaksanakan dalam 1 hari.";/timeline;true;"{""meetingDate"":""2026-03-04"",""meetingTitle"":""Menyamakan timeline tarif dan unifikasi dengan IPSTI"",""projectId"":null}";2026-03-03 07:00:16.136666+00
d44cefbb-7a74-4870-b9ea-0945fcdc92cb;3d2d7772-2bc6-424c-aada-e31e8edef8d0;public_submission;Pengajuan Proyek Eksternal Baru;Pengajuan baru dari tyo (admin rscm): coba coba;/public-submissions;true;{};2026-04-27 03:16:54.590827+00
82dd52e1-4bfd-4a0e-8ac6-4c1b46996163;3d2d7772-2bc6-424c-aada-e31e8edef8d0;meeting_reminder;⏰ Reminder Meeting;"Meeting ""Menyamakan timeline tarif dan unifikasi dengan IPSTI"" akan dilaksanakan hari ini.";/timeline;false;"{""meetingDate"":""2026-03-04"",""meetingTitle"":""Menyamakan timeline tarif dan unifikasi dengan IPSTI"",""projectId"":null}";2026-03-04 07:00:13.668233+00
6d521c7a-721b-4a89-a115-77c5a54f3f11;186eb126-6bf5-45af-901f-0ea7b2c1018d;meeting_reminder;⏰ Reminder Meeting;"Meeting ""Menyamakan timeline tarif dan unifikasi dengan IPSTI"" akan dilaksanakan hari ini.";/timeline;false;"{""meetingDate"":""2026-03-04"",""meetingTitle"":""Menyamakan timeline tarif dan unifikasi dengan IPSTI"",""projectId"":null}";2026-03-04 07:00:13.949219+00
3b1ad915-fbda-474e-8b6c-988b49a957c3;ab1cfc35-47bb-41f6-9640-a2c55e70c2b2;meeting_reminder;⏰ Reminder Meeting;"Meeting ""Menyamakan timeline tarif dan unifikasi dengan IPSTI"" akan dilaksanakan hari ini.";/timeline;false;"{""meetingDate"":""2026-03-04"",""meetingTitle"":""Menyamakan timeline tarif dan unifikasi dengan IPSTI"",""projectId"":null}";2026-03-04 07:00:14.18004+00
b49ea6ff-48c7-405e-8e9e-f21d764ac330;44366c00-c707-46e9-bc25-a6e0009a77b0;meeting_reminder;⏰ Reminder Meeting;"Meeting ""Menyamakan timeline tarif dan unifikasi dengan IPSTI"" akan dilaksanakan hari ini.";/timeline;false;"{""meetingDate"":""2026-03-04"",""meetingTitle"":""Menyamakan timeline tarif dan unifikasi dengan IPSTI"",""projectId"":null}";2026-03-04 07:00:14.850081+00
92af97d7-0b85-4b4a-b140-e296b5b40d8f;29fb61f4-2fba-45eb-ac0b-c31e1beba126;meeting_reminder;⏰ Reminder Meeting;"Meeting ""Menyamakan timeline tarif dan unifikasi dengan IPSTI"" akan dilaksanakan hari ini.";/timeline;false;"{""meetingDate"":""2026-03-04"",""meetingTitle"":""Menyamakan timeline tarif dan unifikasi dengan IPSTI"",""projectId"":null}";2026-03-04 07:00:15.153079+00
39ccdbde-0293-4cf4-b1b0-fa704725c0fe;b09bb10d-6bf2-4001-8029-6eb6235ecc52;new_meeting;📅 Meeting Baru Dijadwalkan;"Meeting ""Pra konkin"" dijadwalkan pada 2026-03-05 pukul 09:30:00.";/timeline;false;"{""meetingDate"":""2026-03-05"",""meetingTitle"":""Pra konkin"",""projectId"":null}";2026-03-05 01:27:33.258224+00
a6e44c82-0aef-4590-896c-90289d53e0e1;9cdd2ef8-9811-4ba9-9d19-12e599da16df;new_meeting;📅 Meeting Baru Dijadwalkan;"Meeting ""Pra konkin"" dijadwalkan pada 2026-03-05 pukul 09:30:00.";/timeline;false;"{""meetingDate"":""2026-03-05"",""meetingTitle"":""Pra konkin"",""projectId"":null}";2026-03-05 01:27:34.041549+00
9271099a-cecb-4197-a202-27626ce76e7d;3d2d7772-2bc6-424c-aada-e31e8edef8d0;new_meeting;📅 Meeting Baru Dijadwalkan;"Meeting ""Pra konkin"" dijadwalkan pada 2026-03-05 pukul 09:30:00.";/timeline;false;"{""meetingDate"":""2026-03-05"",""meetingTitle"":""Pra konkin"",""projectId"":null}";2026-03-05 01:27:34.793912+00
b550e89b-b737-4d0c-8a15-b9913b900fc3;186eb126-6bf5-45af-901f-0ea7b2c1018d;new_meeting;📅 Meeting Baru Dijadwalkan;"Meeting ""Pra konkin"" dijadwalkan pada 2026-03-05 pukul 09:30:00.";/timeline;false;"{""meetingDate"":""2026-03-05"",""meetingTitle"":""Pra konkin"",""projectId"":null}";2026-03-05 01:27:35.553109+00
6e94f2cf-1f49-4b53-9c12-aad5e40fe4ca;ab1cfc35-47bb-41f6-9640-a2c55e70c2b2;new_meeting;📅 Meeting Baru Dijadwalkan;"Meeting ""Pra konkin"" dijadwalkan pada 2026-03-05 pukul 09:30:00.";/timeline;false;"{""meetingDate"":""2026-03-05"",""meetingTitle"":""Pra konkin"",""projectId"":null}";2026-03-05 01:27:36.332749+00
878ee806-0384-4590-a855-efb1ffd79d29;44366c00-c707-46e9-bc25-a6e0009a77b0;new_meeting;📅 Meeting Baru Dijadwalkan;"Meeting ""Pra konkin"" dijadwalkan pada 2026-03-05 pukul 09:30:00.";/timeline;false;"{""meetingDate"":""2026-03-05"",""meetingTitle"":""Pra konkin"",""projectId"":null}";2026-03-05 01:27:37.783849+00
8b00ef04-71b6-4b78-98ac-daf6bf3a7789;29fb61f4-2fba-45eb-ac0b-c31e1beba126;new_meeting;📅 Meeting Baru Dijadwalkan;"Meeting ""Pra konkin"" dijadwalkan pada 2026-03-05 pukul 09:30:00.";/timeline;false;"{""meetingDate"":""2026-03-05"",""meetingTitle"":""Pra konkin"",""projectId"":null}";2026-03-05 01:27:38.54333+00
6110cad9-847c-4883-92b6-dcb32af88054;b09bb10d-6bf2-4001-8029-6eb6235ecc52;meeting_reminder;⏰ Reminder Meeting;"Meeting ""Pra konkin"" akan dilaksanakan hari ini.";/timeline;false;"{""meetingDate"":""2026-03-05"",""meetingTitle"":""Pra konkin"",""projectId"":null}";2026-03-05 07:00:12.021151+00
99187a7c-310e-492c-b1d8-3750f38107bc;9cdd2ef8-9811-4ba9-9d19-12e599da16df;meeting_reminder;⏰ Reminder Meeting;"Meeting ""Pra konkin"" akan dilaksanakan hari ini.";/timeline;false;"{""meetingDate"":""2026-03-05"",""meetingTitle"":""Pra konkin"",""projectId"":null}";2026-03-05 07:00:12.683224+00
6690c9da-ee60-4f50-b98a-2bdfbd32635f;3d2d7772-2bc6-424c-aada-e31e8edef8d0;meeting_reminder;⏰ Reminder Meeting;"Meeting ""Pra konkin"" akan dilaksanakan hari ini.";/timeline;false;"{""meetingDate"":""2026-03-05"",""meetingTitle"":""Pra konkin"",""projectId"":null}";2026-03-05 07:00:13.026127+00
eb337dc6-b8da-4d0f-97f3-4dce7e60dc80;186eb126-6bf5-45af-901f-0ea7b2c1018d;meeting_reminder;⏰ Reminder Meeting;"Meeting ""Pra konkin"" akan dilaksanakan hari ini.";/timeline;false;"{""meetingDate"":""2026-03-05"",""meetingTitle"":""Pra konkin"",""projectId"":null}";2026-03-05 07:00:13.268782+00
66b5c65c-eac7-4791-9290-e95ae385e165;ab1cfc35-47bb-41f6-9640-a2c55e70c2b2;meeting_reminder;⏰ Reminder Meeting;"Meeting ""Pra konkin"" akan dilaksanakan hari ini.";/timeline;false;"{""meetingDate"":""2026-03-05"",""meetingTitle"":""Pra konkin"",""projectId"":null}";2026-03-05 07:00:13.564933+00
28e298bf-a803-499d-9348-9061f9292859;44366c00-c707-46e9-bc25-a6e0009a77b0;meeting_reminder;⏰ Reminder Meeting;"Meeting ""Pra konkin"" akan dilaksanakan hari ini.";/timeline;false;"{""meetingDate"":""2026-03-05"",""meetingTitle"":""Pra konkin"",""projectId"":null}";2026-03-05 07:00:14.356102+00
cf2b1370-d588-4d15-92c1-b76acdf66d14;29fb61f4-2fba-45eb-ac0b-c31e1beba126;meeting_reminder;⏰ Reminder Meeting;"Meeting ""Pra konkin"" akan dilaksanakan hari ini.";/timeline;false;"{""meetingDate"":""2026-03-05"",""meetingTitle"":""Pra konkin"",""projectId"":null}";2026-03-05 07:00:14.61537+00
58e0d52d-0738-4eb4-a9fe-07855ab691fb;b09bb10d-6bf2-4001-8029-6eb6235ecc52;new_meeting;📅 Meeting Baru Dijadwalkan;"Meeting ""SITE VISIT KE RS JONGGOL"" dijadwalkan pada 2026-03-10 pukul 13:00:00.";/timeline;false;"{""meetingDate"":""2026-03-10"",""meetingTitle"":""SITE VISIT KE RS JONGGOL"",""projectId"":null}";2026-03-06 06:56:23.545503+00
dbae5623-4396-4ca0-90cf-0de40a101105;9cdd2ef8-9811-4ba9-9d19-12e599da16df;new_meeting;📅 Meeting Baru Dijadwalkan;"Meeting ""SITE VISIT KE RS JONGGOL"" dijadwalkan pada 2026-03-10 pukul 13:00:00.";/timeline;false;"{""meetingDate"":""2026-03-10"",""meetingTitle"":""SITE VISIT KE RS JONGGOL"",""projectId"":null}";2026-03-06 06:56:24.359592+00
add64bdb-47c3-480d-86fb-cc157fc3ae04;3d2d7772-2bc6-424c-aada-e31e8edef8d0;new_meeting;📅 Meeting Baru Dijadwalkan;"Meeting ""SITE VISIT KE RS JONGGOL"" dijadwalkan pada 2026-03-10 pukul 13:00:00.";/timeline;false;"{""meetingDate"":""2026-03-10"",""meetingTitle"":""SITE VISIT KE RS JONGGOL"",""projectId"":null}";2026-03-06 06:56:25.129313+00
120f0546-f239-45ba-8879-174be09a20dd;ae199846-f8f2-4f4b-998d-ea5f88b6a520;meeting_reminder;⏰ Reminder Meeting;"Meeting ""Menyamakan timeline tarif dan unifikasi dengan IPSTI"" akan dilaksanakan hari ini.";/timeline;true;"{""meetingDate"":""2026-03-04"",""meetingTitle"":""Menyamakan timeline tarif dan unifikasi dengan IPSTI"",""projectId"":null}";2026-03-04 07:00:15.379233+00
52d7dc18-fce9-4c33-9df6-c4e6c8ce8b5d;ae199846-f8f2-4f4b-998d-ea5f88b6a520;new_meeting;📅 Meeting Baru Dijadwalkan;"Meeting ""Pra konkin"" dijadwalkan pada 2026-03-05 pukul 09:30:00.";/timeline;true;"{""meetingDate"":""2026-03-05"",""meetingTitle"":""Pra konkin"",""projectId"":null}";2026-03-05 01:27:39.309329+00
b2f742af-7df9-49d3-abd2-a811430d60d0;ae199846-f8f2-4f4b-998d-ea5f88b6a520;meeting_reminder;⏰ Reminder Meeting;"Meeting ""Pra konkin"" akan dilaksanakan hari ini.";/timeline;true;"{""meetingDate"":""2026-03-05"",""meetingTitle"":""Pra konkin"",""projectId"":null}";2026-03-05 07:00:14.852124+00
0558e512-3e4f-4254-a1ab-fe592690432a;ae199846-f8f2-4f4b-998d-ea5f88b6a520;public_submission;Pengajuan Proyek Eksternal Baru;Pengajuan baru dari tyo (admin rscm): coba coba;/public-submissions;true;{};2026-04-27 03:16:54.590827+00
7344a68b-1768-4459-a5aa-1933d443d585;ae199846-f8f2-4f4b-998d-ea5f88b6a520;meeting_reminder;⏰ Reminder Meeting;"Meeting ""Pembahasan alur remun"" akan dilaksanakan hari ini.";/timeline;true;"{""meetingDate"":""2026-04-22"",""meetingTitle"":""Pembahasan alur remun"",""projectId"":null}";2026-04-22 07:00:14.638615+00
13e598e6-03dd-4562-b080-ca66dd652ed3;ae199846-f8f2-4f4b-998d-ea5f88b6a520;new_meeting;📅 Meeting Baru Dijadwalkan;"Meeting ""Weekly report unifikasi HIS bersama direksi"" dijadwalkan pada 2026-04-23 pukul 09:00:00.";/timeline;true;"{""meetingDate"":""2026-04-23"",""meetingTitle"":""Weekly report unifikasi HIS bersama direksi"",""projectId"":null}";2026-04-20 02:39:31.233778+00
68c32ffe-b811-4a4c-b9f8-5b99a4a5f486;186eb126-6bf5-45af-901f-0ea7b2c1018d;new_meeting;📅 Meeting Baru Dijadwalkan;"Meeting ""SITE VISIT KE RS JONGGOL"" dijadwalkan pada 2026-03-10 pukul 13:00:00.";/timeline;false;"{""meetingDate"":""2026-03-10"",""meetingTitle"":""SITE VISIT KE RS JONGGOL"",""projectId"":null}";2026-03-06 06:56:25.9092+00
20de7b2e-64eb-470b-b166-d8381b710ea0;ab1cfc35-47bb-41f6-9640-a2c55e70c2b2;new_meeting;📅 Meeting Baru Dijadwalkan;"Meeting ""SITE VISIT KE RS JONGGOL"" dijadwalkan pada 2026-03-10 pukul 13:00:00.";/timeline;false;"{""meetingDate"":""2026-03-10"",""meetingTitle"":""SITE VISIT KE RS JONGGOL"",""projectId"":null}";2026-03-06 06:56:26.680727+00
a89be713-c23c-4604-92ab-c96ffe092a81;44366c00-c707-46e9-bc25-a6e0009a77b0;new_meeting;📅 Meeting Baru Dijadwalkan;"Meeting ""Meet dengan BPJS"" dijadwalkan pada 2026-06-23 pukul 10:00:00.";/timeline;false;"{""meetingDate"":""2026-06-23"",""meetingTitle"":""Meet dengan BPJS"",""projectId"":null}";2026-06-19 02:18:34.782976+00
de3b4eaa-5ee0-4273-9665-f78aebe89a21;ae199846-f8f2-4f4b-998d-ea5f88b6a520;new_meeting;📅 Meeting Baru Dijadwalkan;"Meeting ""SITE VISIT KE RS JONGGOL"" dijadwalkan pada 2026-03-10 pukul 13:00:00.";/timeline;true;"{""meetingDate"":""2026-03-10"",""meetingTitle"":""SITE VISIT KE RS JONGGOL"",""projectId"":null}";2026-03-06 06:56:29.761112+00
1ec3c9e2-342d-402d-a27e-aceaf8d8de86;ae199846-f8f2-4f4b-998d-ea5f88b6a520;new_meeting;📅 Meeting Baru Dijadwalkan;"Meeting ""Meet dengan BPJS"" dijadwalkan pada 2026-06-23 pukul 10:00:00.";/timeline;true;"{""meetingDate"":""2026-06-23"",""meetingTitle"":""Meet dengan BPJS"",""projectId"":null}";2026-06-19 02:18:36.241418+00
a0f2c7e3-1065-488f-a957-f28fe9c03190;b09bb10d-6bf2-4001-8029-6eb6235ecc52;new_meeting;📅 Meeting Baru Dijadwalkan;"Meeting ""Sutrol Antrol BPJS"" dijadwalkan pada 2026-06-19 pukul 09:00:00.";/timeline;false;"{""meetingDate"":""2026-06-19"",""meetingTitle"":""Sutrol Antrol BPJS"",""projectId"":null}";2026-06-19 08:38:36.162891+00
f2beef2b-ed8c-40e1-9e53-9cb5370356cd;b09bb10d-6bf2-4001-8029-6eb6235ecc52;monev_summary;📊 Rangkuman Monev Diperbarui;"Rangkuman monev untuk proyek ""Remunerasi Radiologi Anak"" telah diperbarui.";/project/47b80538-4a09-4399-a492-57513cef8d91;false;"{""projectId"":""47b80538-4a09-4399-a492-57513cef8d91"",""projectTitle"":""Remunerasi Radiologi Anak""}";2026-06-23 09:07:28.177172+00
bcda683f-6c6e-4add-8b0d-3e9c5c284966;ae199846-f8f2-4f4b-998d-ea5f88b6a520;new_meeting;📅 Meeting Baru Dijadwalkan;"Meeting ""Sutrol Antrol BPJS"" dijadwalkan pada 2026-06-19 pukul 09:00:00.";/timeline;true;"{""meetingDate"":""2026-06-19"",""meetingTitle"":""Sutrol Antrol BPJS"",""projectId"":null}";2026-06-19 08:38:41.44022+00
b4490b32-a4d3-43ae-82a6-3748e3cad73c;44366c00-c707-46e9-bc25-a6e0009a77b0;new_meeting;📅 Meeting Baru Dijadwalkan;"Meeting ""SITE VISIT KE RS JONGGOL"" dijadwalkan pada 2026-03-10 pukul 13:00:00.";/timeline;false;"{""meetingDate"":""2026-03-10"",""meetingTitle"":""SITE VISIT KE RS JONGGOL"",""projectId"":null}";2026-03-06 06:56:28.260183+00
3591f82b-2d3b-4b0f-85d0-ac805963193e;9cdd2ef8-9811-4ba9-9d19-12e599da16df;new_meeting;📅 Meeting Baru Dijadwalkan;"Meeting ""Sutrol Antrol BPJS"" dijadwalkan pada 2026-06-19 pukul 09:00:00.";/timeline;false;"{""meetingDate"":""2026-06-19"",""meetingTitle"":""Sutrol Antrol BPJS"",""projectId"":null}";2026-06-19 08:38:36.970749+00
5f28b96d-c846-44bb-9462-5bd443992fde;186eb126-6bf5-45af-901f-0ea7b2c1018d;new_meeting;📅 Meeting Baru Dijadwalkan;"Meeting ""Sutrol Antrol BPJS"" dijadwalkan pada 2026-06-19 pukul 09:00:00.";/timeline;false;"{""meetingDate"":""2026-06-19"",""meetingTitle"":""Sutrol Antrol BPJS"",""projectId"":null}";2026-06-19 08:38:42.177591+00
c9768d41-24a4-410f-9844-6a6c2f565cff;9cdd2ef8-9811-4ba9-9d19-12e599da16df;monev_summary;📊 Rangkuman Monev Diperbarui;"Rangkuman monev untuk proyek ""Remunerasi Radiologi Anak"" telah diperbarui.";/project/47b80538-4a09-4399-a492-57513cef8d91;false;"{""projectId"":""47b80538-4a09-4399-a492-57513cef8d91"",""projectTitle"":""Remunerasi Radiologi Anak""}";2026-06-23 09:07:29.221411+00
b281e1f0-4686-4312-8a8e-a25d8a92c670;29fb61f4-2fba-45eb-ac0b-c31e1beba126;new_meeting;📅 Meeting Baru Dijadwalkan;"Meeting ""SITE VISIT KE RS JONGGOL"" dijadwalkan pada 2026-03-10 pukul 13:00:00.";/timeline;false;"{""meetingDate"":""2026-03-10"",""meetingTitle"":""SITE VISIT KE RS JONGGOL"",""projectId"":null}";2026-03-06 06:56:29.017433+00
ad3e6065-9150-4682-8e22-cafb255c7f91;b09bb10d-6bf2-4001-8029-6eb6235ecc52;new_meeting;📅 Meeting Baru Dijadwalkan;"Meeting ""Meet dengan Pak Dirut"" dijadwalkan pada 2026-03-09 pukul 13:00:00.";/timeline;false;"{""meetingDate"":""2026-03-09"",""meetingTitle"":""Meet dengan Pak Dirut"",""projectId"":null}";2026-03-09 01:32:13.476742+00
ae41acdc-15db-4b45-a180-5a1b76fe691b;9cdd2ef8-9811-4ba9-9d19-12e599da16df;new_meeting;📅 Meeting Baru Dijadwalkan;"Meeting ""Meet dengan Pak Dirut"" dijadwalkan pada 2026-03-09 pukul 13:00:00.";/timeline;false;"{""meetingDate"":""2026-03-09"",""meetingTitle"":""Meet dengan Pak Dirut"",""projectId"":null}";2026-03-09 01:32:14.237448+00
d0145150-e84c-49a4-bd83-d3fcb4433bcd;3d2d7772-2bc6-424c-aada-e31e8edef8d0;new_meeting;📅 Meeting Baru Dijadwalkan;"Meeting ""Meet dengan Pak Dirut"" dijadwalkan pada 2026-03-09 pukul 13:00:00.";/timeline;false;"{""meetingDate"":""2026-03-09"",""meetingTitle"":""Meet dengan Pak Dirut"",""projectId"":null}";2026-03-09 01:32:14.944366+00
9fa57762-59a7-43dc-8403-f44ea833cd1b;186eb126-6bf5-45af-901f-0ea7b2c1018d;new_meeting;📅 Meeting Baru Dijadwalkan;"Meeting ""Meet dengan Pak Dirut"" dijadwalkan pada 2026-03-09 pukul 13:00:00.";/timeline;false;"{""meetingDate"":""2026-03-09"",""meetingTitle"":""Meet dengan Pak Dirut"",""projectId"":null}";2026-03-09 01:32:15.66295+00
cd030c56-3139-4445-bb4c-5b9fd3b18427;ab1cfc35-47bb-41f6-9640-a2c55e70c2b2;new_meeting;📅 Meeting Baru Dijadwalkan;"Meeting ""Meet dengan Pak Dirut"" dijadwalkan pada 2026-03-09 pukul 13:00:00.";/timeline;false;"{""meetingDate"":""2026-03-09"",""meetingTitle"":""Meet dengan Pak Dirut"",""projectId"":null}";2026-03-09 01:32:16.367132+00
86793086-bc68-42e8-a9f5-f625e065ac48;3d2d7772-2bc6-424c-aada-e31e8edef8d0;new_meeting;📅 Meeting Baru Dijadwalkan;"Meeting ""Sutrol Antrol BPJS"" dijadwalkan pada 2026-06-19 pukul 09:00:00.";/timeline;false;"{""meetingDate"":""2026-06-19"",""meetingTitle"":""Sutrol Antrol BPJS"",""projectId"":null}";2026-06-19 08:38:37.764396+00
eb3eb841-827a-4e28-9b7b-04f8ec19cdda;44366c00-c707-46e9-bc25-a6e0009a77b0;new_meeting;📅 Meeting Baru Dijadwalkan;"Meeting ""Meet dengan Pak Dirut"" dijadwalkan pada 2026-03-09 pukul 13:00:00.";/timeline;false;"{""meetingDate"":""2026-03-09"",""meetingTitle"":""Meet dengan Pak Dirut"",""projectId"":null}";2026-03-09 01:32:17.812415+00
e7e97e0a-02c2-4377-8a3e-6feae9369bdb;29fb61f4-2fba-45eb-ac0b-c31e1beba126;new_meeting;📅 Meeting Baru Dijadwalkan;"Meeting ""Meet dengan Pak Dirut"" dijadwalkan pada 2026-03-09 pukul 13:00:00.";/timeline;false;"{""meetingDate"":""2026-03-09"",""meetingTitle"":""Meet dengan Pak Dirut"",""projectId"":null}";2026-03-09 01:32:18.533084+00
b9f07bb6-477c-4f4a-8df9-de3ad4acc10a;f33e6211-8ffc-4be9-9e4b-848ce613bdc0;meeting_reminder;⏰ Reminder Meeting;"Meeting ""Pembahasan Jasa Medis IPTOR"" akan dilaksanakan hari ini.";/timeline;true;"{""meetingDate"":""2026-06-17"",""meetingTitle"":""Pembahasan Jasa Medis IPTOR"",""projectId"":null}";2026-06-17 07:00:19.012643+00
2bf5fe76-17de-4a03-ab36-102657406e76;b09bb10d-6bf2-4001-8029-6eb6235ecc52;meeting_reminder;⏰ Reminder Meeting;"Meeting ""SITE VISIT KE RS JONGGOL"" akan dilaksanakan dalam 1 hari.";/timeline;false;"{""meetingDate"":""2026-03-10"",""meetingTitle"":""SITE VISIT KE RS JONGGOL"",""projectId"":null}";2026-03-09 07:00:09.257251+00
8fb0a566-2bf1-4b41-8a5e-fe206bbb83de;9cdd2ef8-9811-4ba9-9d19-12e599da16df;meeting_reminder;⏰ Reminder Meeting;"Meeting ""SITE VISIT KE RS JONGGOL"" akan dilaksanakan dalam 1 hari.";/timeline;false;"{""meetingDate"":""2026-03-10"",""meetingTitle"":""SITE VISIT KE RS JONGGOL"",""projectId"":null}";2026-03-09 07:00:13.436127+00
027ee116-2ca7-46e1-88fe-d7489f09279d;3d2d7772-2bc6-424c-aada-e31e8edef8d0;meeting_reminder;⏰ Reminder Meeting;"Meeting ""SITE VISIT KE RS JONGGOL"" akan dilaksanakan dalam 1 hari.";/timeline;false;"{""meetingDate"":""2026-03-10"",""meetingTitle"":""SITE VISIT KE RS JONGGOL"",""projectId"":null}";2026-03-09 07:00:14.219595+00
ec91d940-a0f1-493f-ae22-dae8b522c7d1;186eb126-6bf5-45af-901f-0ea7b2c1018d;meeting_reminder;⏰ Reminder Meeting;"Meeting ""SITE VISIT KE RS JONGGOL"" akan dilaksanakan dalam 1 hari.";/timeline;false;"{""meetingDate"":""2026-03-10"",""meetingTitle"":""SITE VISIT KE RS JONGGOL"",""projectId"":null}";2026-03-09 07:00:14.675993+00
7b97fb39-cba9-4e23-a05b-e153d890b1d4;ab1cfc35-47bb-41f6-9640-a2c55e70c2b2;meeting_reminder;⏰ Reminder Meeting;"Meeting ""SITE VISIT KE RS JONGGOL"" akan dilaksanakan dalam 1 hari.";/timeline;false;"{""meetingDate"":""2026-03-10"",""meetingTitle"":""SITE VISIT KE RS JONGGOL"",""projectId"":null}";2026-03-09 07:00:14.945777+00
b4b90e36-10f3-45aa-ad8c-76fcdce401ab;44366c00-c707-46e9-bc25-a6e0009a77b0;meeting_reminder;⏰ Reminder Meeting;"Meeting ""SITE VISIT KE RS JONGGOL"" akan dilaksanakan dalam 1 hari.";/timeline;false;"{""meetingDate"":""2026-03-10"",""meetingTitle"":""SITE VISIT KE RS JONGGOL"",""projectId"":null}";2026-03-09 07:00:15.496778+00
5a7c506d-5250-41b2-96b7-56977bc0482e;29fb61f4-2fba-45eb-ac0b-c31e1beba126;meeting_reminder;⏰ Reminder Meeting;"Meeting ""SITE VISIT KE RS JONGGOL"" akan dilaksanakan dalam 1 hari.";/timeline;false;"{""meetingDate"":""2026-03-10"",""meetingTitle"":""SITE VISIT KE RS JONGGOL"",""projectId"":null}";2026-03-09 07:00:24.869488+00
c6199bf8-d573-4d39-89c5-62b2db6bed66;b09bb10d-6bf2-4001-8029-6eb6235ecc52;meeting_reminder;⏰ Reminder Meeting;"Meeting ""Meet dengan Pak Dirut"" akan dilaksanakan hari ini.";/timeline;false;"{""meetingDate"":""2026-03-09"",""meetingTitle"":""Meet dengan Pak Dirut"",""projectId"":null}";2026-03-09 07:00:34.271985+00
db9f3361-1f71-4275-899a-5127697467f2;9cdd2ef8-9811-4ba9-9d19-12e599da16df;meeting_reminder;⏰ Reminder Meeting;"Meeting ""Meet dengan Pak Dirut"" akan dilaksanakan hari ini.";/timeline;false;"{""meetingDate"":""2026-03-09"",""meetingTitle"":""Meet dengan Pak Dirut"",""projectId"":null}";2026-03-09 07:00:34.541172+00
75280e07-c1e9-430b-b963-96ab38d2cafc;3d2d7772-2bc6-424c-aada-e31e8edef8d0;meeting_reminder;⏰ Reminder Meeting;"Meeting ""Meet dengan Pak Dirut"" akan dilaksanakan hari ini.";/timeline;false;"{""meetingDate"":""2026-03-09"",""meetingTitle"":""Meet dengan Pak Dirut"",""projectId"":null}";2026-03-09 07:00:34.80317+00
e6c730e4-d5ae-48d5-a628-316bd79d7ee2;186eb126-6bf5-45af-901f-0ea7b2c1018d;meeting_reminder;⏰ Reminder Meeting;"Meeting ""Meet dengan Pak Dirut"" akan dilaksanakan hari ini.";/timeline;false;"{""meetingDate"":""2026-03-09"",""meetingTitle"":""Meet dengan Pak Dirut"",""projectId"":null}";2026-03-09 07:00:35.057269+00
542a3832-f2ca-4e06-b41f-e37d2673767f;ab1cfc35-47bb-41f6-9640-a2c55e70c2b2;meeting_reminder;⏰ Reminder Meeting;"Meeting ""Meet dengan Pak Dirut"" akan dilaksanakan hari ini.";/timeline;false;"{""meetingDate"":""2026-03-09"",""meetingTitle"":""Meet dengan Pak Dirut"",""projectId"":null}";2026-03-09 07:00:35.287122+00
cb43df88-1639-4027-90e0-96d1808dbe25;44366c00-c707-46e9-bc25-a6e0009a77b0;meeting_reminder;⏰ Reminder Meeting;"Meeting ""Meet dengan Pak Dirut"" akan dilaksanakan hari ini.";/timeline;false;"{""meetingDate"":""2026-03-09"",""meetingTitle"":""Meet dengan Pak Dirut"",""projectId"":null}";2026-03-09 07:00:35.787933+00
e6710ee3-9a10-4954-a69b-4cfcee53b3f6;29fb61f4-2fba-45eb-ac0b-c31e1beba126;meeting_reminder;⏰ Reminder Meeting;"Meeting ""Meet dengan Pak Dirut"" akan dilaksanakan hari ini.";/timeline;false;"{""meetingDate"":""2026-03-09"",""meetingTitle"":""Meet dengan Pak Dirut"",""projectId"":null}";2026-03-09 07:00:36.041463+00
367b5545-7b08-4ed4-85b9-6a7fcc8b63b0;f33e6211-8ffc-4be9-9e4b-848ce613bdc0;meeting_reminder;⏰ Reminder Meeting;"Meeting ""SITE VISIT KE RS JONGGOL"" akan dilaksanakan dalam 1 hari.";/timeline;true;"{""meetingDate"":""2026-03-10"",""meetingTitle"":""SITE VISIT KE RS JONGGOL"",""projectId"":null}";2026-03-09 07:00:15.216924+00
b7cbfa39-0d52-4509-8d8a-04bbc6b89ab8;ae199846-f8f2-4f4b-998d-ea5f88b6a520;new_meeting;📅 Meeting Baru Dijadwalkan;"Meeting ""Meet dengan Pak Dirut"" dijadwalkan pada 2026-03-09 pukul 13:00:00.";/timeline;true;"{""meetingDate"":""2026-03-09"",""meetingTitle"":""Meet dengan Pak Dirut"",""projectId"":null}";2026-03-09 01:32:19.242224+00
1c5d492c-af6c-4dca-bf51-ef2b78a1a757;ae199846-f8f2-4f4b-998d-ea5f88b6a520;meeting_reminder;⏰ Reminder Meeting;"Meeting ""SITE VISIT KE RS JONGGOL"" akan dilaksanakan dalam 1 hari.";/timeline;true;"{""meetingDate"":""2026-03-10"",""meetingTitle"":""SITE VISIT KE RS JONGGOL"",""projectId"":null}";2026-03-09 07:00:25.526966+00
b02e0276-fa3b-4b8c-bf2c-9f57aee54cf0;b09bb10d-6bf2-4001-8029-6eb6235ecc52;meeting_reminder;⏰ Reminder Meeting;"Meeting ""SITE VISIT KE RS JONGGOL"" akan dilaksanakan hari ini.";/timeline;false;"{""meetingDate"":""2026-03-10"",""meetingTitle"":""SITE VISIT KE RS JONGGOL"",""projectId"":null}";2026-03-10 07:00:11.121715+00
4a804a13-0e84-4212-afeb-6c443d745195;9cdd2ef8-9811-4ba9-9d19-12e599da16df;meeting_reminder;⏰ Reminder Meeting;"Meeting ""SITE VISIT KE RS JONGGOL"" akan dilaksanakan hari ini.";/timeline;false;"{""meetingDate"":""2026-03-10"",""meetingTitle"":""SITE VISIT KE RS JONGGOL"",""projectId"":null}";2026-03-10 07:00:11.706771+00
a4624883-903d-439c-9a4f-4987f833a440;3d2d7772-2bc6-424c-aada-e31e8edef8d0;meeting_reminder;⏰ Reminder Meeting;"Meeting ""SITE VISIT KE RS JONGGOL"" akan dilaksanakan hari ini.";/timeline;false;"{""meetingDate"":""2026-03-10"",""meetingTitle"":""SITE VISIT KE RS JONGGOL"",""projectId"":null}";2026-03-10 07:00:12.504901+00
fb4f0a13-4849-4513-a7ba-772c12297cea;186eb126-6bf5-45af-901f-0ea7b2c1018d;meeting_reminder;⏰ Reminder Meeting;"Meeting ""SITE VISIT KE RS JONGGOL"" akan dilaksanakan hari ini.";/timeline;false;"{""meetingDate"":""2026-03-10"",""meetingTitle"":""SITE VISIT KE RS JONGGOL"",""projectId"":null}";2026-03-10 07:00:13.421681+00
d4425b2b-1b3e-45aa-953d-9b6dec8f214e;ab1cfc35-47bb-41f6-9640-a2c55e70c2b2;meeting_reminder;⏰ Reminder Meeting;"Meeting ""SITE VISIT KE RS JONGGOL"" akan dilaksanakan hari ini.";/timeline;false;"{""meetingDate"":""2026-03-10"",""meetingTitle"":""SITE VISIT KE RS JONGGOL"",""projectId"":null}";2026-03-10 07:00:13.872611+00
366a8267-00da-4de2-9637-cb6aa198b462;ab1cfc35-47bb-41f6-9640-a2c55e70c2b2;new_meeting;📅 Meeting Baru Dijadwalkan;"Meeting ""Sutrol Antrol BPJS"" dijadwalkan pada 2026-06-19 pukul 09:00:00.";/timeline;false;"{""meetingDate"":""2026-06-19"",""meetingTitle"":""Sutrol Antrol BPJS"",""projectId"":null}";2026-06-19 08:38:38.515102+00
dbb5e1d1-9a60-4683-a84a-17563f052ff3;44366c00-c707-46e9-bc25-a6e0009a77b0;meeting_reminder;⏰ Reminder Meeting;"Meeting ""SITE VISIT KE RS JONGGOL"" akan dilaksanakan hari ini.";/timeline;false;"{""meetingDate"":""2026-03-10"",""meetingTitle"":""SITE VISIT KE RS JONGGOL"",""projectId"":null}";2026-03-10 07:00:14.406115+00
ccf0a447-072a-4b7b-baf4-c6b913cc51b5;29fb61f4-2fba-45eb-ac0b-c31e1beba126;meeting_reminder;⏰ Reminder Meeting;"Meeting ""SITE VISIT KE RS JONGGOL"" akan dilaksanakan hari ini.";/timeline;false;"{""meetingDate"":""2026-03-10"",""meetingTitle"":""SITE VISIT KE RS JONGGOL"",""projectId"":null}";2026-03-10 07:00:14.626084+00
ba03e61b-d552-46c1-9cce-1e35c089895e;26303945-9cdc-4afa-9ffe-de7d83ab8fea;proposal_approved;🎉 Proposal Disetujui;"Proposal ""Implementasi Jasa Medika"" telah disetujui dan siap untuk dieksekusi.";/project/9dab0e20-b695-4976-97e7-d1e491f3d74a;false;"{""adminNote"":"""",""projectId"":""9dab0e20-b695-4976-97e7-d1e491f3d74a"",""projectTitle"":""Implementasi Jasa Medika""}";2026-06-23 09:25:19.074778+00
ce7f6208-fc0e-4fbe-a280-9a2b2f73460d;b09bb10d-6bf2-4001-8029-6eb6235ecc52;new_meeting;📅 Meeting Baru Dijadwalkan;"Meeting ""Prakonkin"" dijadwalkan pada 2026-03-12 pukul 13:00:00.";/timeline;false;"{""meetingDate"":""2026-03-12"",""meetingTitle"":""Prakonkin"",""projectId"":null}";2026-03-12 01:24:05.958658+00
fb19a0f0-76cd-4da4-a850-0dace0bed566;9cdd2ef8-9811-4ba9-9d19-12e599da16df;new_meeting;📅 Meeting Baru Dijadwalkan;"Meeting ""Prakonkin"" dijadwalkan pada 2026-03-12 pukul 13:00:00.";/timeline;false;"{""meetingDate"":""2026-03-12"",""meetingTitle"":""Prakonkin"",""projectId"":null}";2026-03-12 01:24:06.773537+00
8cdcf346-536e-4111-b03c-467fd1e57b6c;3d2d7772-2bc6-424c-aada-e31e8edef8d0;new_meeting;📅 Meeting Baru Dijadwalkan;"Meeting ""Prakonkin"" dijadwalkan pada 2026-03-12 pukul 13:00:00.";/timeline;false;"{""meetingDate"":""2026-03-12"",""meetingTitle"":""Prakonkin"",""projectId"":null}";2026-03-12 01:24:07.507233+00
2d912c2f-2e0e-4a3f-b7e9-b3ad972c3228;186eb126-6bf5-45af-901f-0ea7b2c1018d;new_meeting;📅 Meeting Baru Dijadwalkan;"Meeting ""Prakonkin"" dijadwalkan pada 2026-03-12 pukul 13:00:00.";/timeline;false;"{""meetingDate"":""2026-03-12"",""meetingTitle"":""Prakonkin"",""projectId"":null}";2026-03-12 01:24:08.236304+00
c0093444-2fb5-4b80-8fe0-01c57266d10c;ab1cfc35-47bb-41f6-9640-a2c55e70c2b2;new_meeting;📅 Meeting Baru Dijadwalkan;"Meeting ""Prakonkin"" dijadwalkan pada 2026-03-12 pukul 13:00:00.";/timeline;false;"{""meetingDate"":""2026-03-12"",""meetingTitle"":""Prakonkin"",""projectId"":null}";2026-03-12 01:24:08.991094+00
34813fe5-9219-4f4b-9116-83df6466867f;44366c00-c707-46e9-bc25-a6e0009a77b0;new_meeting;📅 Meeting Baru Dijadwalkan;"Meeting ""Prakonkin"" dijadwalkan pada 2026-03-12 pukul 13:00:00.";/timeline;false;"{""meetingDate"":""2026-03-12"",""meetingTitle"":""Prakonkin"",""projectId"":null}";2026-03-12 01:24:10.413186+00
7498b8c0-1e2a-4eba-813d-1516088929ae;29fb61f4-2fba-45eb-ac0b-c31e1beba126;new_meeting;📅 Meeting Baru Dijadwalkan;"Meeting ""Prakonkin"" dijadwalkan pada 2026-03-12 pukul 13:00:00.";/timeline;false;"{""meetingDate"":""2026-03-12"",""meetingTitle"":""Prakonkin"",""projectId"":null}";2026-03-12 01:24:11.166483+00
42f5a6d2-a84e-46e2-979f-cea49ed98610;b09bb10d-6bf2-4001-8029-6eb6235ecc52;meeting_reminder;⏰ Reminder Meeting;"Meeting ""Prakonkin"" akan dilaksanakan hari ini.";/timeline;false;"{""meetingDate"":""2026-03-12"",""meetingTitle"":""Prakonkin"",""projectId"":null}";2026-03-12 07:00:17.010577+00
ecd826af-1c06-403d-8760-d3a502c05701;9cdd2ef8-9811-4ba9-9d19-12e599da16df;meeting_reminder;⏰ Reminder Meeting;"Meeting ""Prakonkin"" akan dilaksanakan hari ini.";/timeline;false;"{""meetingDate"":""2026-03-12"",""meetingTitle"":""Prakonkin"",""projectId"":null}";2026-03-12 07:00:18.649634+00
4cc5768a-9aa7-4207-8299-3a7ec16f0f00;3d2d7772-2bc6-424c-aada-e31e8edef8d0;meeting_reminder;⏰ Reminder Meeting;"Meeting ""Prakonkin"" akan dilaksanakan hari ini.";/timeline;false;"{""meetingDate"":""2026-03-12"",""meetingTitle"":""Prakonkin"",""projectId"":null}";2026-03-12 07:00:19.108196+00
ba8dbd16-d05a-492b-8b57-7f13b1062bd1;186eb126-6bf5-45af-901f-0ea7b2c1018d;meeting_reminder;⏰ Reminder Meeting;"Meeting ""Prakonkin"" akan dilaksanakan hari ini.";/timeline;false;"{""meetingDate"":""2026-03-12"",""meetingTitle"":""Prakonkin"",""projectId"":null}";2026-03-12 07:00:19.426112+00
38806d4d-00a0-4e5f-b6f7-02a1614f2241;ab1cfc35-47bb-41f6-9640-a2c55e70c2b2;meeting_reminder;⏰ Reminder Meeting;"Meeting ""Prakonkin"" akan dilaksanakan hari ini.";/timeline;false;"{""meetingDate"":""2026-03-12"",""meetingTitle"":""Prakonkin"",""projectId"":null}";2026-03-12 07:00:19.642685+00
69e8f44f-0a34-4b41-a416-1df4d7bbf17d;44366c00-c707-46e9-bc25-a6e0009a77b0;meeting_reminder;⏰ Reminder Meeting;"Meeting ""Prakonkin"" akan dilaksanakan hari ini.";/timeline;false;"{""meetingDate"":""2026-03-12"",""meetingTitle"":""Prakonkin"",""projectId"":null}";2026-03-12 07:00:20.18069+00
e43cfe1c-f706-483e-b4ee-10cdb06534d6;29fb61f4-2fba-45eb-ac0b-c31e1beba126;meeting_reminder;⏰ Reminder Meeting;"Meeting ""Prakonkin"" akan dilaksanakan hari ini.";/timeline;false;"{""meetingDate"":""2026-03-12"",""meetingTitle"":""Prakonkin"",""projectId"":null}";2026-03-12 07:00:20.485205+00
65692394-9acd-409f-ae50-ef23b24908e2;b09bb10d-6bf2-4001-8029-6eb6235ecc52;new_meeting;📅 Meeting Baru Dijadwalkan;"Meeting ""FS Perawat dan nakes"" dijadwalkan pada 2026-03-12 pukul 13:00:00.";/timeline;false;"{""meetingDate"":""2026-03-12"",""meetingTitle"":""FS Perawat dan nakes"",""projectId"":null}";2026-03-12 07:37:37.897766+00
ee9bd215-905f-4643-937e-5630f1573022;9cdd2ef8-9811-4ba9-9d19-12e599da16df;new_meeting;📅 Meeting Baru Dijadwalkan;"Meeting ""FS Perawat dan nakes"" dijadwalkan pada 2026-03-12 pukul 13:00:00.";/timeline;false;"{""meetingDate"":""2026-03-12"",""meetingTitle"":""FS Perawat dan nakes"",""projectId"":null}";2026-03-12 07:37:38.69109+00
c12f37a9-71e4-43c0-938d-34b57cb4e180;3d2d7772-2bc6-424c-aada-e31e8edef8d0;new_meeting;📅 Meeting Baru Dijadwalkan;"Meeting ""FS Perawat dan nakes"" dijadwalkan pada 2026-03-12 pukul 13:00:00.";/timeline;false;"{""meetingDate"":""2026-03-12"",""meetingTitle"":""FS Perawat dan nakes"",""projectId"":null}";2026-03-12 07:37:39.409932+00
d89020f5-25ec-4bcb-bf46-b5bca27e999b;ae199846-f8f2-4f4b-998d-ea5f88b6a520;meeting_reminder;⏰ Reminder Meeting;"Meeting ""SITE VISIT KE RS JONGGOL"" akan dilaksanakan hari ini.";/timeline;true;"{""meetingDate"":""2026-03-10"",""meetingTitle"":""SITE VISIT KE RS JONGGOL"",""projectId"":null}";2026-03-10 07:00:16.369515+00
ca002290-e952-434e-9ea9-e5ce1f3ea986;ae199846-f8f2-4f4b-998d-ea5f88b6a520;new_meeting;📅 Meeting Baru Dijadwalkan;"Meeting ""Prakonkin"" dijadwalkan pada 2026-03-12 pukul 13:00:00.";/timeline;true;"{""meetingDate"":""2026-03-12"",""meetingTitle"":""Prakonkin"",""projectId"":null}";2026-03-12 01:24:11.933456+00
99e7eb01-3a8c-4c83-a64e-920b4251d3cc;ae199846-f8f2-4f4b-998d-ea5f88b6a520;meeting_reminder;⏰ Reminder Meeting;"Meeting ""Prakonkin"" akan dilaksanakan hari ini.";/timeline;true;"{""meetingDate"":""2026-03-12"",""meetingTitle"":""Prakonkin"",""projectId"":null}";2026-03-12 07:00:21.272291+00
6a917727-97f2-4e5c-92db-c4f4ffbc3767;186eb126-6bf5-45af-901f-0ea7b2c1018d;new_meeting;📅 Meeting Baru Dijadwalkan;"Meeting ""FS Perawat dan nakes"" dijadwalkan pada 2026-03-12 pukul 13:00:00.";/timeline;false;"{""meetingDate"":""2026-03-12"",""meetingTitle"":""FS Perawat dan nakes"",""projectId"":null}";2026-03-12 07:37:40.183307+00
27458e45-594c-4fdc-b783-c2fb9d4a2a57;29fb61f4-2fba-45eb-ac0b-c31e1beba126;new_meeting;📅 Meeting Baru Dijadwalkan;"Meeting ""FS Perawat dan nakes"" dijadwalkan pada 2026-03-12 pukul 13:00:00.";/timeline;false;"{""meetingDate"":""2026-03-12"",""meetingTitle"":""FS Perawat dan nakes"",""projectId"":null}";2026-03-12 07:37:43.161371+00
a1cf81e0-2d2c-44e4-8dc4-949b859f44a5;f33e6211-8ffc-4be9-9e4b-848ce613bdc0;new_meeting;📅 Meeting Baru Dijadwalkan;"Meeting ""FS Perawat dan nakes"" dijadwalkan pada 2026-03-12 pukul 13:00:00.";/timeline;true;"{""meetingDate"":""2026-03-12"",""meetingTitle"":""FS Perawat dan nakes"",""projectId"":null}";2026-03-12 07:37:41.667811+00
5f7e50be-8bdf-4054-baa2-3977c18118cf;f33e6211-8ffc-4be9-9e4b-848ce613bdc0;new_meeting;📅 Meeting Baru Dijadwalkan;"Meeting ""Sutrol Antrol BPJS"" dijadwalkan pada 2026-06-19 pukul 09:00:00.";/timeline;true;"{""meetingDate"":""2026-06-19"",""meetingTitle"":""Sutrol Antrol BPJS"",""projectId"":null}";2026-06-19 08:38:39.227651+00
d53a3780-dbd5-4cee-a5dc-2761c9c6259d;ab1cfc35-47bb-41f6-9640-a2c55e70c2b2;new_meeting;📅 Meeting Baru Dijadwalkan;"Meeting ""FS Perawat dan nakes"" dijadwalkan pada 2026-03-12 pukul 13:00:00.";/timeline;false;"{""meetingDate"":""2026-03-12"",""meetingTitle"":""FS Perawat dan nakes"",""projectId"":null}";2026-03-12 07:37:40.935532+00
98a57ecd-c6ae-46ae-8780-614b2238ac70;44366c00-c707-46e9-bc25-a6e0009a77b0;new_meeting;📅 Meeting Baru Dijadwalkan;"Meeting ""FS Perawat dan nakes"" dijadwalkan pada 2026-03-12 pukul 13:00:00.";/timeline;false;"{""meetingDate"":""2026-03-12"",""meetingTitle"":""FS Perawat dan nakes"",""projectId"":null}";2026-03-12 07:37:42.441645+00
8c8b550c-72bc-4c5c-9f8f-a649405407fb;44366c00-c707-46e9-bc25-a6e0009a77b0;new_meeting;📅 Meeting Baru Dijadwalkan;"Meeting ""Sutrol Antrol BPJS"" dijadwalkan pada 2026-06-19 pukul 09:00:00.";/timeline;false;"{""meetingDate"":""2026-06-19"",""meetingTitle"":""Sutrol Antrol BPJS"",""projectId"":null}";2026-06-19 08:38:39.949799+00
fa149c98-f54c-4ded-8638-c479b2c21884;b09bb10d-6bf2-4001-8029-6eb6235ecc52;new_meeting;📅 Meeting Baru Dijadwalkan;"Meeting ""gdhgh"" dijadwalkan pada 2026-03-16 pukul 09:00:00.";/timeline;false;"{""meetingDate"":""2026-03-16"",""meetingTitle"":""gdhgh"",""projectId"":null}";2026-03-16 01:27:06.639272+00
58ccaa0d-6016-4526-85d3-35377b1280bf;9cdd2ef8-9811-4ba9-9d19-12e599da16df;new_meeting;📅 Meeting Baru Dijadwalkan;"Meeting ""gdhgh"" dijadwalkan pada 2026-03-16 pukul 09:00:00.";/timeline;false;"{""meetingDate"":""2026-03-16"",""meetingTitle"":""gdhgh"",""projectId"":null}";2026-03-16 01:27:07.432799+00
c1269b3d-dee0-4532-80b3-ca6a4fe5b554;3d2d7772-2bc6-424c-aada-e31e8edef8d0;new_meeting;📅 Meeting Baru Dijadwalkan;"Meeting ""gdhgh"" dijadwalkan pada 2026-03-16 pukul 09:00:00.";/timeline;false;"{""meetingDate"":""2026-03-16"",""meetingTitle"":""gdhgh"",""projectId"":null}";2026-03-16 01:27:08.226322+00
897af8cd-a82d-4a7f-8ce2-5ef6eaa12fa3;186eb126-6bf5-45af-901f-0ea7b2c1018d;new_meeting;📅 Meeting Baru Dijadwalkan;"Meeting ""gdhgh"" dijadwalkan pada 2026-03-16 pukul 09:00:00.";/timeline;false;"{""meetingDate"":""2026-03-16"",""meetingTitle"":""gdhgh"",""projectId"":null}";2026-03-16 01:27:09.636426+00
06895be4-4303-44c1-aeac-a09ec577e82c;ab1cfc35-47bb-41f6-9640-a2c55e70c2b2;new_meeting;📅 Meeting Baru Dijadwalkan;"Meeting ""gdhgh"" dijadwalkan pada 2026-03-16 pukul 09:00:00.";/timeline;false;"{""meetingDate"":""2026-03-16"",""meetingTitle"":""gdhgh"",""projectId"":null}";2026-03-16 01:27:10.350084+00
e883663e-e4b9-4103-835f-1d063f479f93;44366c00-c707-46e9-bc25-a6e0009a77b0;new_meeting;📅 Meeting Baru Dijadwalkan;"Meeting ""gdhgh"" dijadwalkan pada 2026-03-16 pukul 09:00:00.";/timeline;false;"{""meetingDate"":""2026-03-16"",""meetingTitle"":""gdhgh"",""projectId"":null}";2026-03-16 01:27:11.890468+00
a3d90318-844b-4ad4-bb65-9d02ced78e6b;29fb61f4-2fba-45eb-ac0b-c31e1beba126;new_meeting;📅 Meeting Baru Dijadwalkan;"Meeting ""gdhgh"" dijadwalkan pada 2026-03-16 pukul 09:00:00.";/timeline;false;"{""meetingDate"":""2026-03-16"",""meetingTitle"":""gdhgh"",""projectId"":null}";2026-03-16 01:27:12.658245+00
7192ffa1-4832-4efa-8633-fa7b4b16a03c;b09bb10d-6bf2-4001-8029-6eb6235ecc52;meeting_reminder;⏰ Reminder Meeting;"Meeting ""gdhgh"" akan dilaksanakan hari ini.";/timeline;false;"{""meetingDate"":""2026-03-16"",""meetingTitle"":""gdhgh"",""projectId"":null}";2026-03-16 07:00:10.914995+00
cc8ff91b-0e5c-4ead-b75a-ec71d04d0576;9cdd2ef8-9811-4ba9-9d19-12e599da16df;meeting_reminder;⏰ Reminder Meeting;"Meeting ""gdhgh"" akan dilaksanakan hari ini.";/timeline;false;"{""meetingDate"":""2026-03-16"",""meetingTitle"":""gdhgh"",""projectId"":null}";2026-03-16 07:00:11.655274+00
0a48e1a4-f61d-482d-9862-a9fbd0afce14;3d2d7772-2bc6-424c-aada-e31e8edef8d0;meeting_reminder;⏰ Reminder Meeting;"Meeting ""gdhgh"" akan dilaksanakan hari ini.";/timeline;false;"{""meetingDate"":""2026-03-16"",""meetingTitle"":""gdhgh"",""projectId"":null}";2026-03-16 07:00:12.181789+00
f9f68d0d-b9c9-48fb-8653-e1b71b4a6ffc;186eb126-6bf5-45af-901f-0ea7b2c1018d;meeting_reminder;⏰ Reminder Meeting;"Meeting ""gdhgh"" akan dilaksanakan hari ini.";/timeline;false;"{""meetingDate"":""2026-03-16"",""meetingTitle"":""gdhgh"",""projectId"":null}";2026-03-16 07:00:12.726452+00
5e1f0ef6-67b5-4a96-85d2-7b99c524d2f5;ab1cfc35-47bb-41f6-9640-a2c55e70c2b2;meeting_reminder;⏰ Reminder Meeting;"Meeting ""gdhgh"" akan dilaksanakan hari ini.";/timeline;false;"{""meetingDate"":""2026-03-16"",""meetingTitle"":""gdhgh"",""projectId"":null}";2026-03-16 07:00:14.071365+00
2235d17c-a9f5-425f-b9b7-b66f3e18949b;44366c00-c707-46e9-bc25-a6e0009a77b0;meeting_reminder;⏰ Reminder Meeting;"Meeting ""gdhgh"" akan dilaksanakan hari ini.";/timeline;false;"{""meetingDate"":""2026-03-16"",""meetingTitle"":""gdhgh"",""projectId"":null}";2026-03-16 07:00:15.547289+00
9cf0548e-4776-437c-b85a-5493380e34a1;29fb61f4-2fba-45eb-ac0b-c31e1beba126;meeting_reminder;⏰ Reminder Meeting;"Meeting ""gdhgh"" akan dilaksanakan hari ini.";/timeline;false;"{""meetingDate"":""2026-03-16"",""meetingTitle"":""gdhgh"",""projectId"":null}";2026-03-16 07:00:15.932535+00
fde39a9d-6c7b-41ad-a1da-1f6ed1d4ec9e;b09bb10d-6bf2-4001-8029-6eb6235ecc52;new_meeting;📅 Meeting Baru Dijadwalkan;"Meeting ""Meet dengan IPSTI"" dijadwalkan pada 2026-03-26 pukul 10:00:00.";/timeline;false;"{""meetingDate"":""2026-03-26"",""meetingTitle"":""Meet dengan IPSTI"",""projectId"":null}";2026-03-26 02:30:53.988198+00
e6152902-f899-4f17-b2bf-382fbc30394d;9cdd2ef8-9811-4ba9-9d19-12e599da16df;new_meeting;📅 Meeting Baru Dijadwalkan;"Meeting ""Meet dengan IPSTI"" dijadwalkan pada 2026-03-26 pukul 10:00:00.";/timeline;false;"{""meetingDate"":""2026-03-26"",""meetingTitle"":""Meet dengan IPSTI"",""projectId"":null}";2026-03-26 02:30:54.745116+00
8425b6d1-3ea1-478e-b19c-917332d80ff9;3d2d7772-2bc6-424c-aada-e31e8edef8d0;new_meeting;📅 Meeting Baru Dijadwalkan;"Meeting ""Meet dengan IPSTI"" dijadwalkan pada 2026-03-26 pukul 10:00:00.";/timeline;false;"{""meetingDate"":""2026-03-26"",""meetingTitle"":""Meet dengan IPSTI"",""projectId"":null}";2026-03-26 02:30:55.467454+00
505439cd-0edb-4255-8749-29405dcca7f8;186eb126-6bf5-45af-901f-0ea7b2c1018d;new_meeting;📅 Meeting Baru Dijadwalkan;"Meeting ""Meet dengan IPSTI"" dijadwalkan pada 2026-03-26 pukul 10:00:00.";/timeline;false;"{""meetingDate"":""2026-03-26"",""meetingTitle"":""Meet dengan IPSTI"",""projectId"":null}";2026-03-26 02:30:56.184835+00
846483fe-18e2-4511-9b48-92b4b7802995;ab1cfc35-47bb-41f6-9640-a2c55e70c2b2;new_meeting;📅 Meeting Baru Dijadwalkan;"Meeting ""Meet dengan IPSTI"" dijadwalkan pada 2026-03-26 pukul 10:00:00.";/timeline;false;"{""meetingDate"":""2026-03-26"",""meetingTitle"":""Meet dengan IPSTI"",""projectId"":null}";2026-03-26 02:30:56.87457+00
9e48baf2-1477-4fef-9698-f7bf0d67dd6f;44366c00-c707-46e9-bc25-a6e0009a77b0;new_meeting;📅 Meeting Baru Dijadwalkan;"Meeting ""Meet dengan IPSTI"" dijadwalkan pada 2026-03-26 pukul 10:00:00.";/timeline;false;"{""meetingDate"":""2026-03-26"",""meetingTitle"":""Meet dengan IPSTI"",""projectId"":null}";2026-03-26 02:30:58.287005+00
be0b2a59-71d6-4eda-8d3d-b47066622115;29fb61f4-2fba-45eb-ac0b-c31e1beba126;new_meeting;📅 Meeting Baru Dijadwalkan;"Meeting ""Meet dengan IPSTI"" dijadwalkan pada 2026-03-26 pukul 10:00:00.";/timeline;false;"{""meetingDate"":""2026-03-26"",""meetingTitle"":""Meet dengan IPSTI"",""projectId"":null}";2026-03-26 02:30:58.998233+00
44a5463d-eb49-4917-b683-a62a5185fc38;ae199846-f8f2-4f4b-998d-ea5f88b6a520;new_meeting;📅 Meeting Baru Dijadwalkan;"Meeting ""FS Perawat dan nakes"" dijadwalkan pada 2026-03-12 pukul 13:00:00.";/timeline;true;"{""meetingDate"":""2026-03-12"",""meetingTitle"":""FS Perawat dan nakes"",""projectId"":null}";2026-03-12 07:37:43.96933+00
e4d6897d-9980-4f49-b559-d7087ea030a8;ae199846-f8f2-4f4b-998d-ea5f88b6a520;new_meeting;📅 Meeting Baru Dijadwalkan;"Meeting ""gdhgh"" dijadwalkan pada 2026-03-16 pukul 09:00:00.";/timeline;true;"{""meetingDate"":""2026-03-16"",""meetingTitle"":""gdhgh"",""projectId"":null}";2026-03-16 01:27:13.405853+00
2de20cb4-d29b-41f5-acf8-dbc46d15761a;ae199846-f8f2-4f4b-998d-ea5f88b6a520;meeting_reminder;⏰ Reminder Meeting;"Meeting ""gdhgh"" akan dilaksanakan hari ini.";/timeline;true;"{""meetingDate"":""2026-03-16"",""meetingTitle"":""gdhgh"",""projectId"":null}";2026-03-16 07:00:16.180608+00
9deb6ba1-4f2f-4c37-a3aa-24f1cfe33fe2;f33e6211-8ffc-4be9-9e4b-848ce613bdc0;meeting_reminder;⏰ Reminder Meeting;"Meeting ""Meet dengan Pak Dirut"" akan dilaksanakan hari ini.";/timeline;true;"{""meetingDate"":""2026-03-09"",""meetingTitle"":""Meet dengan Pak Dirut"",""projectId"":null}";2026-03-09 07:00:35.534935+00
29d5255b-b14e-4c30-bd95-564a6eb3d461;f33e6211-8ffc-4be9-9e4b-848ce613bdc0;meeting_reminder;⏰ Reminder Meeting;"Meeting ""SITE VISIT KE RS JONGGOL"" akan dilaksanakan hari ini.";/timeline;true;"{""meetingDate"":""2026-03-10"",""meetingTitle"":""SITE VISIT KE RS JONGGOL"",""projectId"":null}";2026-03-10 07:00:14.143384+00
3c1d3301-2889-4bfb-9ac7-7c3a7161f1a6;f33e6211-8ffc-4be9-9e4b-848ce613bdc0;new_meeting;📅 Meeting Baru Dijadwalkan;"Meeting ""Prakonkin"" dijadwalkan pada 2026-03-12 pukul 13:00:00.";/timeline;true;"{""meetingDate"":""2026-03-12"",""meetingTitle"":""Prakonkin"",""projectId"":null}";2026-03-12 01:24:09.72057+00
44535dd3-1c0c-4463-a179-be4c9d2ce23d;f33e6211-8ffc-4be9-9e4b-848ce613bdc0;meeting_reminder;⏰ Reminder Meeting;"Meeting ""Prakonkin"" akan dilaksanakan hari ini.";/timeline;true;"{""meetingDate"":""2026-03-12"",""meetingTitle"":""Prakonkin"",""projectId"":null}";2026-03-12 07:00:19.903867+00
842a89c2-7f43-42bf-bcce-d74bb2ea0802;f33e6211-8ffc-4be9-9e4b-848ce613bdc0;new_meeting;📅 Meeting Baru Dijadwalkan;"Meeting ""gdhgh"" dijadwalkan pada 2026-03-16 pukul 09:00:00.";/timeline;true;"{""meetingDate"":""2026-03-16"",""meetingTitle"":""gdhgh"",""projectId"":null}";2026-03-16 01:27:11.088498+00
d2d70959-c054-4c94-9539-e586b0ab71d2;f33e6211-8ffc-4be9-9e4b-848ce613bdc0;meeting_reminder;⏰ Reminder Meeting;"Meeting ""gdhgh"" akan dilaksanakan hari ini.";/timeline;true;"{""meetingDate"":""2026-03-16"",""meetingTitle"":""gdhgh"",""projectId"":null}";2026-03-16 07:00:15.033644+00
a371c444-abaa-43ce-a3f1-3805a528a8ae;f33e6211-8ffc-4be9-9e4b-848ce613bdc0;new_meeting;📅 Meeting Baru Dijadwalkan;"Meeting ""Meet dengan IPSTI"" dijadwalkan pada 2026-03-26 pukul 10:00:00.";/timeline;true;"{""meetingDate"":""2026-03-26"",""meetingTitle"":""Meet dengan IPSTI"",""projectId"":null}";2026-03-26 02:30:57.584526+00
7fe14955-8356-47ee-b58c-3091dc545194;b09bb10d-6bf2-4001-8029-6eb6235ecc52;meeting_reminder;⏰ Reminder Meeting;"Meeting ""Meet dengan IPSTI"" akan dilaksanakan hari ini.";/timeline;false;"{""meetingDate"":""2026-03-26"",""meetingTitle"":""Meet dengan IPSTI"",""projectId"":null}";2026-03-26 07:00:13.563901+00
d4d1f47f-cba9-42aa-967a-8ab80abbafe3;9cdd2ef8-9811-4ba9-9d19-12e599da16df;meeting_reminder;⏰ Reminder Meeting;"Meeting ""Meet dengan IPSTI"" akan dilaksanakan hari ini.";/timeline;false;"{""meetingDate"":""2026-03-26"",""meetingTitle"":""Meet dengan IPSTI"",""projectId"":null}";2026-03-26 07:00:14.161723+00
31c725bd-7bc4-4f82-bf57-101dffa2caa1;3d2d7772-2bc6-424c-aada-e31e8edef8d0;meeting_reminder;⏰ Reminder Meeting;"Meeting ""Meet dengan IPSTI"" akan dilaksanakan hari ini.";/timeline;false;"{""meetingDate"":""2026-03-26"",""meetingTitle"":""Meet dengan IPSTI"",""projectId"":null}";2026-03-26 07:00:14.43066+00
a27c93ec-a48d-4a06-b63b-16a82e094cc1;186eb126-6bf5-45af-901f-0ea7b2c1018d;meeting_reminder;⏰ Reminder Meeting;"Meeting ""Meet dengan IPSTI"" akan dilaksanakan hari ini.";/timeline;false;"{""meetingDate"":""2026-03-26"",""meetingTitle"":""Meet dengan IPSTI"",""projectId"":null}";2026-03-26 07:00:14.783265+00
77125cb7-2761-4edc-95af-87b956ce3fd5;ab1cfc35-47bb-41f6-9640-a2c55e70c2b2;meeting_reminder;⏰ Reminder Meeting;"Meeting ""Meet dengan IPSTI"" akan dilaksanakan hari ini.";/timeline;false;"{""meetingDate"":""2026-03-26"",""meetingTitle"":""Meet dengan IPSTI"",""projectId"":null}";2026-03-26 07:00:15.095176+00
4e6e73a3-85af-44e2-a576-b795d9bd2062;29fb61f4-2fba-45eb-ac0b-c31e1beba126;new_meeting;📅 Meeting Baru Dijadwalkan;"Meeting ""Sutrol Antrol BPJS"" dijadwalkan pada 2026-06-19 pukul 09:00:00.";/timeline;false;"{""meetingDate"":""2026-06-19"",""meetingTitle"":""Sutrol Antrol BPJS"",""projectId"":null}";2026-06-19 08:38:40.715174+00
bd2fd80a-ebe0-4b3e-879e-02add313ca9d;44366c00-c707-46e9-bc25-a6e0009a77b0;meeting_reminder;⏰ Reminder Meeting;"Meeting ""Meet dengan IPSTI"" akan dilaksanakan hari ini.";/timeline;false;"{""meetingDate"":""2026-03-26"",""meetingTitle"":""Meet dengan IPSTI"",""projectId"":null}";2026-03-26 07:00:15.680651+00
0687ed2d-2cf7-4c4e-be87-78d65567deec;29fb61f4-2fba-45eb-ac0b-c31e1beba126;meeting_reminder;⏰ Reminder Meeting;"Meeting ""Meet dengan IPSTI"" akan dilaksanakan hari ini.";/timeline;false;"{""meetingDate"":""2026-03-26"",""meetingTitle"":""Meet dengan IPSTI"",""projectId"":null}";2026-03-26 07:00:15.923242+00
7dff311d-7ee8-49ab-a845-b83e60659d05;b09bb10d-6bf2-4001-8029-6eb6235ecc52;new_meeting;📅 Meeting Baru Dijadwalkan;"Meeting ""Meet dengan Pak Edhi"" dijadwalkan pada 2026-04-07 pukul 10:00:00.";/timeline;false;"{""meetingDate"":""2026-04-07"",""meetingTitle"":""Meet dengan Pak Edhi"",""projectId"":null}";2026-04-07 07:26:16.464711+00
0cdea7e1-5184-42e6-b0ac-bee679684402;9cdd2ef8-9811-4ba9-9d19-12e599da16df;new_meeting;📅 Meeting Baru Dijadwalkan;"Meeting ""Meet dengan Pak Edhi"" dijadwalkan pada 2026-04-07 pukul 10:00:00.";/timeline;false;"{""meetingDate"":""2026-04-07"",""meetingTitle"":""Meet dengan Pak Edhi"",""projectId"":null}";2026-04-07 07:26:17.886468+00
f80abf46-1cff-4cdc-864c-5ddec3d50315;3d2d7772-2bc6-424c-aada-e31e8edef8d0;new_meeting;📅 Meeting Baru Dijadwalkan;"Meeting ""Meet dengan Pak Edhi"" dijadwalkan pada 2026-04-07 pukul 10:00:00.";/timeline;false;"{""meetingDate"":""2026-04-07"",""meetingTitle"":""Meet dengan Pak Edhi"",""projectId"":null}";2026-04-07 07:26:18.626414+00
57847bdd-2f86-47f2-a671-7fa52bd6c990;186eb126-6bf5-45af-901f-0ea7b2c1018d;new_meeting;📅 Meeting Baru Dijadwalkan;"Meeting ""Meet dengan Pak Edhi"" dijadwalkan pada 2026-04-07 pukul 10:00:00.";/timeline;false;"{""meetingDate"":""2026-04-07"",""meetingTitle"":""Meet dengan Pak Edhi"",""projectId"":null}";2026-04-07 07:26:19.372969+00
39ffd4c2-cf72-4cc0-a492-b20a6493eb87;ab1cfc35-47bb-41f6-9640-a2c55e70c2b2;new_meeting;📅 Meeting Baru Dijadwalkan;"Meeting ""Meet dengan Pak Edhi"" dijadwalkan pada 2026-04-07 pukul 10:00:00.";/timeline;false;"{""meetingDate"":""2026-04-07"",""meetingTitle"":""Meet dengan Pak Edhi"",""projectId"":null}";2026-04-07 07:26:20.123619+00
851d890a-c40b-4558-8d9d-163505082952;44366c00-c707-46e9-bc25-a6e0009a77b0;new_meeting;📅 Meeting Baru Dijadwalkan;"Meeting ""Meet dengan Pak Edhi"" dijadwalkan pada 2026-04-07 pukul 10:00:00.";/timeline;false;"{""meetingDate"":""2026-04-07"",""meetingTitle"":""Meet dengan Pak Edhi"",""projectId"":null}";2026-04-07 07:26:21.909867+00
20a06f05-dd7d-4a58-aa1f-3dd7ac7785f5;29fb61f4-2fba-45eb-ac0b-c31e1beba126;new_meeting;📅 Meeting Baru Dijadwalkan;"Meeting ""Meet dengan Pak Edhi"" dijadwalkan pada 2026-04-07 pukul 10:00:00.";/timeline;false;"{""meetingDate"":""2026-04-07"",""meetingTitle"":""Meet dengan Pak Edhi"",""projectId"":null}";2026-04-07 07:26:22.639592+00
41ba865d-7ce6-432a-81ad-3c7905b45e4e;b09bb10d-6bf2-4001-8029-6eb6235ecc52;meeting_reminder;⏰ Reminder Meeting;"Meeting ""Meet dengan Pak Edhi"" akan dilaksanakan hari ini.";/timeline;false;"{""meetingDate"":""2026-04-08"",""meetingTitle"":""Meet dengan Pak Edhi"",""projectId"":null}";2026-04-08 07:00:08.243289+00
ce147825-66ff-4a16-b5f5-3618fe4cb0cd;9cdd2ef8-9811-4ba9-9d19-12e599da16df;meeting_reminder;⏰ Reminder Meeting;"Meeting ""Meet dengan Pak Edhi"" akan dilaksanakan hari ini.";/timeline;false;"{""meetingDate"":""2026-04-08"",""meetingTitle"":""Meet dengan Pak Edhi"",""projectId"":null}";2026-04-08 07:00:09.384748+00
48aa9de6-9441-4bcb-bde0-e0204ce6cab2;3d2d7772-2bc6-424c-aada-e31e8edef8d0;meeting_reminder;⏰ Reminder Meeting;"Meeting ""Meet dengan Pak Edhi"" akan dilaksanakan hari ini.";/timeline;false;"{""meetingDate"":""2026-04-08"",""meetingTitle"":""Meet dengan Pak Edhi"",""projectId"":null}";2026-04-08 07:00:09.697095+00
05873e2e-d30e-43f4-b57f-9f62891e9c50;186eb126-6bf5-45af-901f-0ea7b2c1018d;meeting_reminder;⏰ Reminder Meeting;"Meeting ""Meet dengan Pak Edhi"" akan dilaksanakan hari ini.";/timeline;false;"{""meetingDate"":""2026-04-08"",""meetingTitle"":""Meet dengan Pak Edhi"",""projectId"":null}";2026-04-08 07:00:09.96719+00
ad1d26d4-9a5b-44b1-809d-a348f88f2982;ae199846-f8f2-4f4b-998d-ea5f88b6a520;meeting_reminder;⏰ Reminder Meeting;"Meeting ""Meet dengan IPSTI"" akan dilaksanakan hari ini.";/timeline;true;"{""meetingDate"":""2026-03-26"",""meetingTitle"":""Meet dengan IPSTI"",""projectId"":null}";2026-03-26 07:00:16.149757+00
91eb1fb0-cf04-4141-90c0-4c4f171db829;f33e6211-8ffc-4be9-9e4b-848ce613bdc0;new_meeting;📅 Meeting Baru Dijadwalkan;"Meeting ""Meet dengan Pak Edhi"" dijadwalkan pada 2026-04-07 pukul 10:00:00.";/timeline;true;"{""meetingDate"":""2026-04-07"",""meetingTitle"":""Meet dengan Pak Edhi"",""projectId"":null}";2026-04-07 07:26:21.171934+00
87b19cc3-d82c-44c5-9e92-3e2c5119e839;ab1cfc35-47bb-41f6-9640-a2c55e70c2b2;meeting_reminder;⏰ Reminder Meeting;"Meeting ""Meet dengan Pak Edhi"" akan dilaksanakan hari ini.";/timeline;false;"{""meetingDate"":""2026-04-08"",""meetingTitle"":""Meet dengan Pak Edhi"",""projectId"":null}";2026-04-08 07:00:10.625675+00
81863cbd-1e52-4256-99e2-13fa71de7a96;44366c00-c707-46e9-bc25-a6e0009a77b0;meeting_reminder;⏰ Reminder Meeting;"Meeting ""Meet dengan Pak Edhi"" akan dilaksanakan hari ini.";/timeline;false;"{""meetingDate"":""2026-04-08"",""meetingTitle"":""Meet dengan Pak Edhi"",""projectId"":null}";2026-04-08 07:00:11.911745+00
318c4443-f3c2-44a4-ae67-97c212f0eeef;29fb61f4-2fba-45eb-ac0b-c31e1beba126;meeting_reminder;⏰ Reminder Meeting;"Meeting ""Meet dengan Pak Edhi"" akan dilaksanakan hari ini.";/timeline;false;"{""meetingDate"":""2026-04-08"",""meetingTitle"":""Meet dengan Pak Edhi"",""projectId"":null}";2026-04-08 07:00:12.499221+00
b6e1c87a-3b14-4814-b08a-0dfa2a468554;b09bb10d-6bf2-4001-8029-6eb6235ecc52;monev_summary;📊 Rangkuman Monev Diperbarui;"Rangkuman monev untuk proyek ""Perubahan Waktu Pembayaran Remunerasi Medis Berdasarkan Kepdirjen 286"" telah diperbarui.";/project/be7a5e00-f9a2-460f-91cb-73b6e8110345;false;"{""projectId"":""be7a5e00-f9a2-460f-91cb-73b6e8110345"",""projectTitle"":""Perubahan Waktu Pembayaran Remunerasi Medis Berdasarkan Kepdirjen 286""}";2026-04-11 09:13:49.892466+00
9ef05677-5a54-4e12-ab1b-a5aba2f98665;b8464af6-6e1b-4325-bea1-ff79be9d493b;proposal_approved;🎉 Proposal Disetujui;"Proposal ""Perhitungan Remunerasi berdasarkan Kepdirjen 286"" telah disetujui dan siap untuk dieksekusi.";/project/9ddeeee4-63d9-4833-981d-c32090d07b19;false;"{""adminNote"":"""",""projectId"":""9ddeeee4-63d9-4833-981d-c32090d07b19"",""projectTitle"":""Perhitungan Remunerasi berdasarkan Kepdirjen 286""}";2026-04-13 08:00:33.483663+00
873930ef-730c-422b-a7a8-c01e422cfa83;b8464af6-6e1b-4325-bea1-ff79be9d493b;proposal_approved;🎉 Proposal Disetujui;"Proposal ""Unifikasi SIMRS"" telah disetujui dan siap untuk dieksekusi.";/project/d49f4fa5-bdf1-42f2-948f-ff11bec67b33;false;"{""adminNote"":"""",""projectId"":""d49f4fa5-bdf1-42f2-948f-ff11bec67b33"",""projectTitle"":""Unifikasi SIMRS""}";2026-04-13 08:19:20.497805+00
601bff67-a226-4382-a525-07698667961e;b09bb10d-6bf2-4001-8029-6eb6235ecc52;new_meeting;📅 Meeting Baru Dijadwalkan;"Meeting ""Membahas Progres EHR HIS"" dijadwalkan pada 2026-04-15 pukul 14:00:00.";/timeline;false;"{""meetingDate"":""2026-04-15"",""meetingTitle"":""Membahas Progres EHR HIS"",""projectId"":null}";2026-04-14 03:36:11.074705+00
6922ae2e-b107-4341-9bd0-d277d8e00ae6;9cdd2ef8-9811-4ba9-9d19-12e599da16df;new_meeting;📅 Meeting Baru Dijadwalkan;"Meeting ""Membahas Progres EHR HIS"" dijadwalkan pada 2026-04-15 pukul 14:00:00.";/timeline;false;"{""meetingDate"":""2026-04-15"",""meetingTitle"":""Membahas Progres EHR HIS"",""projectId"":null}";2026-04-14 03:36:11.864006+00
b0c1d6d7-3772-4d1e-92f5-ea88f50e9060;3d2d7772-2bc6-424c-aada-e31e8edef8d0;new_meeting;📅 Meeting Baru Dijadwalkan;"Meeting ""Membahas Progres EHR HIS"" dijadwalkan pada 2026-04-15 pukul 14:00:00.";/timeline;false;"{""meetingDate"":""2026-04-15"",""meetingTitle"":""Membahas Progres EHR HIS"",""projectId"":null}";2026-04-14 03:36:12.603286+00
b7e4e3a2-46c6-457b-a2b8-93a3b03bd384;ab1cfc35-47bb-41f6-9640-a2c55e70c2b2;new_meeting;📅 Meeting Baru Dijadwalkan;"Meeting ""Membahas Progres EHR HIS"" dijadwalkan pada 2026-04-15 pukul 14:00:00.";/timeline;false;"{""meetingDate"":""2026-04-15"",""meetingTitle"":""Membahas Progres EHR HIS"",""projectId"":null}";2026-04-14 03:36:13.398993+00
2612650a-fd1d-4986-951f-209633957faf;44366c00-c707-46e9-bc25-a6e0009a77b0;new_meeting;📅 Meeting Baru Dijadwalkan;"Meeting ""Membahas Progres EHR HIS"" dijadwalkan pada 2026-04-15 pukul 14:00:00.";/timeline;false;"{""meetingDate"":""2026-04-15"",""meetingTitle"":""Membahas Progres EHR HIS"",""projectId"":null}";2026-04-14 03:36:14.861358+00
c6159713-1dc4-4129-b6bd-f2bd03656e0a;29fb61f4-2fba-45eb-ac0b-c31e1beba126;new_meeting;📅 Meeting Baru Dijadwalkan;"Meeting ""Membahas Progres EHR HIS"" dijadwalkan pada 2026-04-15 pukul 14:00:00.";/timeline;false;"{""meetingDate"":""2026-04-15"",""meetingTitle"":""Membahas Progres EHR HIS"",""projectId"":null}";2026-04-14 03:36:15.587596+00
5c18bd01-0fa0-4c2a-a0f2-89576894b100;b09bb10d-6bf2-4001-8029-6eb6235ecc52;meeting_reminder;⏰ Reminder Meeting;"Meeting ""Membahas Progres EHR HIS"" akan dilaksanakan dalam 1 hari.";/timeline;false;"{""meetingDate"":""2026-04-15"",""meetingTitle"":""Membahas Progres EHR HIS"",""projectId"":null}";2026-04-14 07:00:07.997405+00
e8002ba8-3885-45e6-94ca-43c92e5e0381;9cdd2ef8-9811-4ba9-9d19-12e599da16df;meeting_reminder;⏰ Reminder Meeting;"Meeting ""Membahas Progres EHR HIS"" akan dilaksanakan dalam 1 hari.";/timeline;false;"{""meetingDate"":""2026-04-15"",""meetingTitle"":""Membahas Progres EHR HIS"",""projectId"":null}";2026-04-14 07:00:08.636032+00
bd9aec6f-f9ea-46ca-8b8f-ffc88c0c88fa;3d2d7772-2bc6-424c-aada-e31e8edef8d0;meeting_reminder;⏰ Reminder Meeting;"Meeting ""Membahas Progres EHR HIS"" akan dilaksanakan dalam 1 hari.";/timeline;false;"{""meetingDate"":""2026-04-15"",""meetingTitle"":""Membahas Progres EHR HIS"",""projectId"":null}";2026-04-14 07:00:09.010952+00
ebcaa725-901d-403a-8f64-2102263a8092;ab1cfc35-47bb-41f6-9640-a2c55e70c2b2;meeting_reminder;⏰ Reminder Meeting;"Meeting ""Membahas Progres EHR HIS"" akan dilaksanakan dalam 1 hari.";/timeline;false;"{""meetingDate"":""2026-04-15"",""meetingTitle"":""Membahas Progres EHR HIS"",""projectId"":null}";2026-04-14 07:00:09.533998+00
9d99742e-c04d-45e2-abe0-dbcf3078e121;44366c00-c707-46e9-bc25-a6e0009a77b0;meeting_reminder;⏰ Reminder Meeting;"Meeting ""Membahas Progres EHR HIS"" akan dilaksanakan dalam 1 hari.";/timeline;false;"{""meetingDate"":""2026-04-15"",""meetingTitle"":""Membahas Progres EHR HIS"",""projectId"":null}";2026-04-14 07:00:10.250096+00
40c702e9-034e-4277-afac-71ded34a0031;29fb61f4-2fba-45eb-ac0b-c31e1beba126;meeting_reminder;⏰ Reminder Meeting;"Meeting ""Membahas Progres EHR HIS"" akan dilaksanakan dalam 1 hari.";/timeline;false;"{""meetingDate"":""2026-04-15"",""meetingTitle"":""Membahas Progres EHR HIS"",""projectId"":null}";2026-04-14 07:00:10.54283+00
8ec00868-3670-4423-a1df-0ab5606c4c28;b09bb10d-6bf2-4001-8029-6eb6235ecc52;meeting_reminder;⏰ Reminder Meeting;"Meeting ""Membahas Progres EHR HIS"" akan dilaksanakan hari ini.";/timeline;false;"{""meetingDate"":""2026-04-15"",""meetingTitle"":""Membahas Progres EHR HIS"",""projectId"":null}";2026-04-15 07:00:07.248679+00
9cfe27e9-b677-4dad-9d12-c73631d77aaa;9cdd2ef8-9811-4ba9-9d19-12e599da16df;meeting_reminder;⏰ Reminder Meeting;"Meeting ""Membahas Progres EHR HIS"" akan dilaksanakan hari ini.";/timeline;false;"{""meetingDate"":""2026-04-15"",""meetingTitle"":""Membahas Progres EHR HIS"",""projectId"":null}";2026-04-15 07:00:07.805927+00
a1038b38-f1b0-437e-bbf2-56b0bedfb28c;3d2d7772-2bc6-424c-aada-e31e8edef8d0;meeting_reminder;⏰ Reminder Meeting;"Meeting ""Membahas Progres EHR HIS"" akan dilaksanakan hari ini.";/timeline;false;"{""meetingDate"":""2026-04-15"",""meetingTitle"":""Membahas Progres EHR HIS"",""projectId"":null}";2026-04-15 07:00:08.680641+00
defaac19-470a-4b90-9531-c913db7a64a1;ab1cfc35-47bb-41f6-9640-a2c55e70c2b2;meeting_reminder;⏰ Reminder Meeting;"Meeting ""Membahas Progres EHR HIS"" akan dilaksanakan hari ini.";/timeline;false;"{""meetingDate"":""2026-04-15"",""meetingTitle"":""Membahas Progres EHR HIS"",""projectId"":null}";2026-04-15 07:00:09.139124+00
fa5e1c01-a741-4ffa-aee1-235a769853f8;44366c00-c707-46e9-bc25-a6e0009a77b0;meeting_reminder;⏰ Reminder Meeting;"Meeting ""Membahas Progres EHR HIS"" akan dilaksanakan hari ini.";/timeline;false;"{""meetingDate"":""2026-04-15"",""meetingTitle"":""Membahas Progres EHR HIS"",""projectId"":null}";2026-04-15 07:00:09.758708+00
42482cea-5bb8-4295-924c-2f449075c98b;29fb61f4-2fba-45eb-ac0b-c31e1beba126;meeting_reminder;⏰ Reminder Meeting;"Meeting ""Membahas Progres EHR HIS"" akan dilaksanakan hari ini.";/timeline;false;"{""meetingDate"":""2026-04-15"",""meetingTitle"":""Membahas Progres EHR HIS"",""projectId"":null}";2026-04-15 07:00:10.191735+00
8afc1661-6cfc-4142-89d9-248b2050f9c1;ae199846-f8f2-4f4b-998d-ea5f88b6a520;no_progress_reminder;⏳ Proyek Tanpa Progress;"Proyek ""Form Gamma Knife"" tidak ada progress selama 7 hari terakhir.";/project/424aaa37-81ae-445c-b401-2a18c1a6a409;true;"{""projectId"":""424aaa37-81ae-445c-b401-2a18c1a6a409"",""projectTitle"":""Form Gamma Knife""}";2026-02-10 03:49:33.84924+00
2713a2cf-e3d6-4ca2-8921-1b852784ce45;ae199846-f8f2-4f4b-998d-ea5f88b6a520;new_meeting;📅 Meeting Baru Dijadwalkan;"Meeting ""user requirements"" dijadwalkan pada 2026-02-12 pukul 15:00:00.";/project/424aaa37-81ae-445c-b401-2a18c1a6a409;true;"{""meetingDate"":""2026-02-12"",""meetingTitle"":""user requirements"",""projectId"":""424aaa37-81ae-445c-b401-2a18c1a6a409""}";2026-02-12 07:21:33.385195+00
36a23125-11f9-45f2-9171-ea03d27de51e;ae199846-f8f2-4f4b-998d-ea5f88b6a520;meeting_reminder;⏰ Reminder Meeting;"Meeting ""Konsolidasi HTO IPSTI"" akan dilaksanakan hari ini.";/timeline;true;"{""meetingDate"":""2026-02-13"",""meetingTitle"":""Konsolidasi HTO IPSTI"",""projectId"":null}";2026-02-13 07:00:18.74439+00
31dd8466-a19c-44ad-8d2e-77d26960796a;ae199846-f8f2-4f4b-998d-ea5f88b6a520;task_overdue;🚨 Task Melewati Deadline;"Task ""Site Visit"" pada proyek ""Pengembangan Sistem Harmony"" telah melewati deadline!";/project/49544352-62fb-43b5-918a-af890a41f903;true;"{""daysRemaining"":-71,""progress"":51,""projectId"":""49544352-62fb-43b5-918a-af890a41f903"",""projectTitle"":""Pengembangan Sistem Harmony"",""taskId"":""ecb11257-8b8c-42ce-960c-228f6d6b1a2f"",""taskName"":""Site Visit""}";2026-02-10 03:48:27.761114+00
afba14c9-6138-44c6-b7d0-d2b92c88083d;ae199846-f8f2-4f4b-998d-ea5f88b6a520;task_overdue;🚨 Task Melewati Deadline;"Task ""Site Visit"" telah melewati deadline!";/project/49544352-62fb-43b5-918a-af890a41f903;true;"{""projectId"":""49544352-62fb-43b5-918a-af890a41f903"",""projectTitle"":""Pengembangan Sistem Harmony"",""taskName"":""Site Visit""}";2026-02-10 03:48:32.351717+00
f3e97b4f-5211-42c0-aaf1-3a6def86f311;ae199846-f8f2-4f4b-998d-ea5f88b6a520;proposal_approved;🎉 Proposal Disetujui;"Proposal ""Helpdesk Terpadu"" telah disetujui dan siap untuk dieksekusi.";/project/d7cc9fe5-a03e-4f91-b2aa-09bee9e2aead;true;"{""adminNote"":"""",""projectId"":""d7cc9fe5-a03e-4f91-b2aa-09bee9e2aead"",""projectTitle"":""Helpdesk Terpadu""}";2026-02-10 07:19:39.50442+00
a7aae79a-232b-4792-bd4d-205003615442;ae199846-f8f2-4f4b-998d-ea5f88b6a520;new_meeting;📅 Meeting Baru Dijadwalkan;"Meeting ""Imbal PPDS"" dijadwalkan pada 2026-02-13 pukul 15:00:00.";/timeline;true;"{""meetingDate"":""2026-02-13"",""meetingTitle"":""Imbal PPDS"",""projectId"":null}";2026-02-13 08:29:19.44263+00
290fefbc-3437-4ea5-89ed-72b77aeccae2;ae199846-f8f2-4f4b-998d-ea5f88b6a520;new_meeting;📅 Meeting Baru Dijadwalkan;"Meeting ""Konsolidasi dengan IPSTI"" dijadwalkan pada 2026-02-23 pukul 10:00:00.";/timeline;true;"{""meetingDate"":""2026-02-23"",""meetingTitle"":""Konsolidasi dengan IPSTI"",""projectId"":null}";2026-02-23 03:32:17.851756+00
c056e81d-f967-4f8b-8264-86b01fa1dc58;ae199846-f8f2-4f4b-998d-ea5f88b6a520;meeting_reminder;⏰ Reminder Meeting;"Meeting ""Alur Proses Pembayaran Jasa Medis"" akan dilaksanakan hari ini.";/timeline;true;"{""meetingDate"":""2026-02-25"",""meetingTitle"":""Alur Proses Pembayaran Jasa Medis"",""projectId"":null}";2026-02-25 07:00:19.658498+00
a177cae2-0280-483a-8454-83eefcc0f945;ae199846-f8f2-4f4b-998d-ea5f88b6a520;meeting_reminder;⏰ Reminder Meeting;"Meeting ""Pra Kontrak kinerja"" akan dilaksanakan dalam 1 hari.";/timeline;true;"{""meetingDate"":""2026-02-26"",""meetingTitle"":""Pra Kontrak kinerja"",""projectId"":null}";2026-02-25 07:00:27.304761+00
acda7cfd-908b-4c6a-b435-f6f948f8978e;ae199846-f8f2-4f4b-998d-ea5f88b6a520;meeting_reminder;⏰ Reminder Meeting;"Meeting ""Pra Kontrak kinerja"" akan dilaksanakan hari ini.";/timeline;true;"{""meetingDate"":""2026-02-26"",""meetingTitle"":""Pra Kontrak kinerja"",""projectId"":null}";2026-02-26 07:00:15.273766+00
a12667c8-9cd2-42d6-aee6-0aa4fa3960fe;ae199846-f8f2-4f4b-998d-ea5f88b6a520;meeting_reminder;⏰ Reminder Meeting;"Meeting ""Meet dengan Pak Dirut"" akan dilaksanakan hari ini.";/timeline;true;"{""meetingDate"":""2026-03-09"",""meetingTitle"":""Meet dengan Pak Dirut"",""projectId"":null}";2026-03-09 07:00:36.315003+00
e674ed09-977c-4cd0-8339-a19641ac4d1d;ae199846-f8f2-4f4b-998d-ea5f88b6a520;new_meeting;📅 Meeting Baru Dijadwalkan;"Meeting ""Meet dengan IPSTI"" dijadwalkan pada 2026-03-26 pukul 10:00:00.";/timeline;true;"{""meetingDate"":""2026-03-26"",""meetingTitle"":""Meet dengan IPSTI"",""projectId"":null}";2026-03-26 02:30:59.702995+00
33ce5aac-b025-426d-a9d9-3e359b772472;ae199846-f8f2-4f4b-998d-ea5f88b6a520;new_meeting;📅 Meeting Baru Dijadwalkan;"Meeting ""Meet dengan Pak Edhi"" dijadwalkan pada 2026-04-07 pukul 10:00:00.";/timeline;true;"{""meetingDate"":""2026-04-07"",""meetingTitle"":""Meet dengan Pak Edhi"",""projectId"":null}";2026-04-07 07:26:23.417441+00
75041f02-85ac-4ebb-ab6a-480975383072;ae199846-f8f2-4f4b-998d-ea5f88b6a520;meeting_reminder;⏰ Reminder Meeting;"Meeting ""Meet dengan Pak Edhi"" akan dilaksanakan hari ini.";/timeline;true;"{""meetingDate"":""2026-04-08"",""meetingTitle"":""Meet dengan Pak Edhi"",""projectId"":null}";2026-04-08 07:00:12.821414+00
5fc6f7c1-4c67-4523-bc10-02c923cb49a6;ae199846-f8f2-4f4b-998d-ea5f88b6a520;proposal_rejected;❌ Proposal Ditolak;"Proposal ""Platform Komunikasi Internal"" tidak disetujui. Alasan: Effort terlalu tinggi untuk impact yang rendah";/project/0cb04e8c-53cb-4911-9f82-d68e94a03572;true;"{""adminNote"":""Effort terlalu tinggi untuk impact yang rendah"",""projectId"":""0cb04e8c-53cb-4911-9f82-d68e94a03572"",""projectTitle"":""Platform Komunikasi Internal""}";2026-04-13 08:12:21.726259+00
a2aa2e62-14a2-4134-9182-a0f2af4fae91;ae199846-f8f2-4f4b-998d-ea5f88b6a520;new_meeting;📅 Meeting Baru Dijadwalkan;"Meeting ""Membahas Progres EHR HIS"" dijadwalkan pada 2026-04-15 pukul 14:00:00.";/timeline;true;"{""meetingDate"":""2026-04-15"",""meetingTitle"":""Membahas Progres EHR HIS"",""projectId"":null}";2026-04-14 03:36:16.310749+00
7a980ec8-5e25-454a-bf1e-74becebf0971;ae199846-f8f2-4f4b-998d-ea5f88b6a520;meeting_reminder;⏰ Reminder Meeting;"Meeting ""Membahas Progres EHR HIS"" akan dilaksanakan dalam 1 hari.";/timeline;true;"{""meetingDate"":""2026-04-15"",""meetingTitle"":""Membahas Progres EHR HIS"",""projectId"":null}";2026-04-14 07:00:10.976905+00
638af5d2-6c67-4ded-927e-c4bc77e71857;ae199846-f8f2-4f4b-998d-ea5f88b6a520;meeting_reminder;⏰ Reminder Meeting;"Meeting ""Membahas Progres EHR HIS"" akan dilaksanakan hari ini.";/timeline;true;"{""meetingDate"":""2026-04-15"",""meetingTitle"":""Membahas Progres EHR HIS"",""projectId"":null}";2026-04-15 07:00:10.48688+00
89259153-642c-4fd5-8b11-d3f774fafef8;b09bb10d-6bf2-4001-8029-6eb6235ecc52;new_meeting;📅 Meeting Baru Dijadwalkan;"Meeting ""Meet dengan IRMA IPSTI IPKJ IGD GEDUNG A PENUNJANG RADIOLOGI"" dijadwalkan pada 2026-04-21 pukul 13:00:00.";/timeline;false;"{""meetingDate"":""2026-04-21"",""meetingTitle"":""Meet dengan IRMA IPSTI IPKJ IGD GEDUNG A PENUNJANG RADIOLOGI"",""projectId"":null}";2026-04-16 08:06:10.970027+00
6c4ba585-780a-4a58-85f9-5d9af45a3922;9cdd2ef8-9811-4ba9-9d19-12e599da16df;new_meeting;📅 Meeting Baru Dijadwalkan;"Meeting ""Meet dengan IRMA IPSTI IPKJ IGD GEDUNG A PENUNJANG RADIOLOGI"" dijadwalkan pada 2026-04-21 pukul 13:00:00.";/timeline;false;"{""meetingDate"":""2026-04-21"",""meetingTitle"":""Meet dengan IRMA IPSTI IPKJ IGD GEDUNG A PENUNJANG RADIOLOGI"",""projectId"":null}";2026-04-16 08:06:11.792759+00
b98217c0-35b0-44ea-afda-26393ca12db7;3d2d7772-2bc6-424c-aada-e31e8edef8d0;new_meeting;📅 Meeting Baru Dijadwalkan;"Meeting ""Meet dengan IRMA IPSTI IPKJ IGD GEDUNG A PENUNJANG RADIOLOGI"" dijadwalkan pada 2026-04-21 pukul 13:00:00.";/timeline;false;"{""meetingDate"":""2026-04-21"",""meetingTitle"":""Meet dengan IRMA IPSTI IPKJ IGD GEDUNG A PENUNJANG RADIOLOGI"",""projectId"":null}";2026-04-16 08:06:12.62304+00
c049aff0-ad04-4828-b360-01b72aa538f9;ab1cfc35-47bb-41f6-9640-a2c55e70c2b2;new_meeting;📅 Meeting Baru Dijadwalkan;"Meeting ""Meet dengan IRMA IPSTI IPKJ IGD GEDUNG A PENUNJANG RADIOLOGI"" dijadwalkan pada 2026-04-21 pukul 13:00:00.";/timeline;false;"{""meetingDate"":""2026-04-21"",""meetingTitle"":""Meet dengan IRMA IPSTI IPKJ IGD GEDUNG A PENUNJANG RADIOLOGI"",""projectId"":null}";2026-04-16 08:06:13.356747+00
f682a8e5-7555-48b8-8739-f2aecfa1677b;29fb61f4-2fba-45eb-ac0b-c31e1beba126;meeting_reminder;⏰ Reminder Meeting;"Meeting ""Pembahasan alur remun"" akan dilaksanakan hari ini.";/timeline;false;"{""meetingDate"":""2026-04-22"",""meetingTitle"":""Pembahasan alur remun"",""projectId"":null}";2026-04-22 07:00:14.396478+00
2b625dd7-0670-47f8-8472-7eea6a173e8c;44366c00-c707-46e9-bc25-a6e0009a77b0;new_meeting;📅 Meeting Baru Dijadwalkan;"Meeting ""Meet dengan IRMA IPSTI IPKJ IGD GEDUNG A PENUNJANG RADIOLOGI"" dijadwalkan pada 2026-04-21 pukul 13:00:00.";/timeline;false;"{""meetingDate"":""2026-04-21"",""meetingTitle"":""Meet dengan IRMA IPSTI IPKJ IGD GEDUNG A PENUNJANG RADIOLOGI"",""projectId"":null}";2026-04-16 08:06:14.830674+00
f984802b-0a22-45bc-a566-672bf308e8b8;29fb61f4-2fba-45eb-ac0b-c31e1beba126;new_meeting;📅 Meeting Baru Dijadwalkan;"Meeting ""Meet dengan IRMA IPSTI IPKJ IGD GEDUNG A PENUNJANG RADIOLOGI"" dijadwalkan pada 2026-04-21 pukul 13:00:00.";/timeline;false;"{""meetingDate"":""2026-04-21"",""meetingTitle"":""Meet dengan IRMA IPSTI IPKJ IGD GEDUNG A PENUNJANG RADIOLOGI"",""projectId"":null}";2026-04-16 08:06:15.554941+00
c50a5059-9c77-4244-ab2e-6f208f7187f9;0d7684e4-a7e3-48f2-a06f-1a5963e0a324;proposal_approved;🎉 Proposal Disetujui;"Proposal ""contoh proyek"" telah disetujui dan siap untuk dieksekusi.";/project/c594eaf8-a26b-48f3-b95e-fa435ceb9c3f;false;"{""adminNote"":"""",""projectId"":""c594eaf8-a26b-48f3-b95e-fa435ceb9c3f"",""projectTitle"":""contoh proyek""}";2026-04-17 02:50:14.510615+00
b6069d0f-3ef0-4a46-96ed-f7e7874868ed;8ae26dd7-a8e2-4251-8271-458b129f45b2;proposal_approved;🎉 Proposal Disetujui;"Proposal ""Remunerasi Radiologi Anak"" telah disetujui dan siap untuk dieksekusi.";/project/47b80538-4a09-4399-a492-57513cef8d91;false;"{""adminNote"":"""",""projectId"":""47b80538-4a09-4399-a492-57513cef8d91"",""projectTitle"":""Remunerasi Radiologi Anak""}";2026-04-20 01:39:35.068458+00
ac45461f-1998-48c2-bd89-cdd4bdf69449;0d7684e4-a7e3-48f2-a06f-1a5963e0a324;proposal_approved;🎉 Proposal Disetujui;"Proposal ""Remunerasi Embriolog"" telah disetujui dan siap untuk dieksekusi.";/project/d0c7b51a-b9b4-4c64-9c14-695724d1604c;false;"{""adminNote"":"""",""projectId"":""d0c7b51a-b9b4-4c64-9c14-695724d1604c"",""projectTitle"":""Remunerasi Embriolog""}";2026-04-20 02:07:58.150053+00
d3de4166-4ae4-4669-8192-f507c98bad4d;b09bb10d-6bf2-4001-8029-6eb6235ecc52;new_meeting;📅 Meeting Baru Dijadwalkan;"Meeting ""Penyelesaian Masalah Remunerasi"" dijadwalkan pada 2026-04-22 pukul 13:00:00.";/project/9ddeeee4-63d9-4833-981d-c32090d07b19;false;"{""meetingDate"":""2026-04-22"",""meetingTitle"":""Penyelesaian Masalah Remunerasi"",""projectId"":""9ddeeee4-63d9-4833-981d-c32090d07b19""}";2026-04-20 02:11:14.202035+00
7211c593-30ba-45d8-b3ca-faf2be6f1210;9cdd2ef8-9811-4ba9-9d19-12e599da16df;new_meeting;📅 Meeting Baru Dijadwalkan;"Meeting ""Penyelesaian Masalah Remunerasi"" dijadwalkan pada 2026-04-22 pukul 13:00:00.";/project/9ddeeee4-63d9-4833-981d-c32090d07b19;false;"{""meetingDate"":""2026-04-22"",""meetingTitle"":""Penyelesaian Masalah Remunerasi"",""projectId"":""9ddeeee4-63d9-4833-981d-c32090d07b19""}";2026-04-20 02:11:15.018208+00
e1225735-0c62-44df-aa74-b37591e713d1;3d2d7772-2bc6-424c-aada-e31e8edef8d0;new_meeting;📅 Meeting Baru Dijadwalkan;"Meeting ""Penyelesaian Masalah Remunerasi"" dijadwalkan pada 2026-04-22 pukul 13:00:00.";/project/9ddeeee4-63d9-4833-981d-c32090d07b19;false;"{""meetingDate"":""2026-04-22"",""meetingTitle"":""Penyelesaian Masalah Remunerasi"",""projectId"":""9ddeeee4-63d9-4833-981d-c32090d07b19""}";2026-04-20 02:11:15.752859+00
2f73ebb1-4f0f-4772-b3da-555b3e207f5c;ab1cfc35-47bb-41f6-9640-a2c55e70c2b2;new_meeting;📅 Meeting Baru Dijadwalkan;"Meeting ""Penyelesaian Masalah Remunerasi"" dijadwalkan pada 2026-04-22 pukul 13:00:00.";/project/9ddeeee4-63d9-4833-981d-c32090d07b19;false;"{""meetingDate"":""2026-04-22"",""meetingTitle"":""Penyelesaian Masalah Remunerasi"",""projectId"":""9ddeeee4-63d9-4833-981d-c32090d07b19""}";2026-04-20 02:11:16.512027+00
c71045a1-afb6-4a48-934b-2ede93af628b;44366c00-c707-46e9-bc25-a6e0009a77b0;new_meeting;📅 Meeting Baru Dijadwalkan;"Meeting ""Penyelesaian Masalah Remunerasi"" dijadwalkan pada 2026-04-22 pukul 13:00:00.";/project/9ddeeee4-63d9-4833-981d-c32090d07b19;false;"{""meetingDate"":""2026-04-22"",""meetingTitle"":""Penyelesaian Masalah Remunerasi"",""projectId"":""9ddeeee4-63d9-4833-981d-c32090d07b19""}";2026-04-20 02:11:18.023117+00
bcee95df-4e52-412e-b8ff-06c9a1259fbe;29fb61f4-2fba-45eb-ac0b-c31e1beba126;new_meeting;📅 Meeting Baru Dijadwalkan;"Meeting ""Penyelesaian Masalah Remunerasi"" dijadwalkan pada 2026-04-22 pukul 13:00:00.";/project/9ddeeee4-63d9-4833-981d-c32090d07b19;false;"{""meetingDate"":""2026-04-22"",""meetingTitle"":""Penyelesaian Masalah Remunerasi"",""projectId"":""9ddeeee4-63d9-4833-981d-c32090d07b19""}";2026-04-20 02:11:18.749919+00
3e50fca6-a625-4ada-9a42-2b6cf6c90e62;ae199846-f8f2-4f4b-998d-ea5f88b6a520;new_meeting;📅 Meeting Baru Dijadwalkan;"Meeting ""Meet dengan IRMA IPSTI IPKJ IGD GEDUNG A PENUNJANG RADIOLOGI"" dijadwalkan pada 2026-04-21 pukul 13:00:00.";/timeline;true;"{""meetingDate"":""2026-04-21"",""meetingTitle"":""Meet dengan IRMA IPSTI IPKJ IGD GEDUNG A PENUNJANG RADIOLOGI"",""projectId"":null}";2026-04-16 08:06:16.330118+00
05fa894a-7c49-47a5-bdd3-c17c9f4b97bb;ae199846-f8f2-4f4b-998d-ea5f88b6a520;new_meeting;📅 Meeting Baru Dijadwalkan;"Meeting ""Penyelesaian Masalah Remunerasi"" dijadwalkan pada 2026-04-22 pukul 13:00:00.";/project/9ddeeee4-63d9-4833-981d-c32090d07b19;true;"{""meetingDate"":""2026-04-22"",""meetingTitle"":""Penyelesaian Masalah Remunerasi"",""projectId"":""9ddeeee4-63d9-4833-981d-c32090d07b19""}";2026-04-20 02:11:19.504116+00
90a97ea8-c230-433d-b32e-ddddfdc264e9;0d7684e4-a7e3-48f2-a06f-1a5963e0a324;proposal_approved;🎉 Proposal Disetujui;"Proposal ""Penentuan Ruangan VIP C"" telah disetujui dan siap untuk dieksekusi.";/project/8538907e-055a-44cf-acd6-557172f45538;false;"{""adminNote"":"""",""projectId"":""8538907e-055a-44cf-acd6-557172f45538"",""projectTitle"":""Penentuan Ruangan VIP C""}";2026-04-20 02:19:24.470225+00
04cd82f7-c6e9-4d48-a068-8f98f7903272;b09bb10d-6bf2-4001-8029-6eb6235ecc52;new_meeting;📅 Meeting Baru Dijadwalkan;"Meeting ""Weekly report unifikasi HIS bersama direksi"" dijadwalkan pada 2026-04-23 pukul 09:00:00.";/timeline;false;"{""meetingDate"":""2026-04-23"",""meetingTitle"":""Weekly report unifikasi HIS bersama direksi"",""projectId"":null}";2026-04-20 02:39:25.991084+00
791e85d2-3e14-4925-b750-1e44532a7402;9cdd2ef8-9811-4ba9-9d19-12e599da16df;new_meeting;📅 Meeting Baru Dijadwalkan;"Meeting ""Weekly report unifikasi HIS bersama direksi"" dijadwalkan pada 2026-04-23 pukul 09:00:00.";/timeline;false;"{""meetingDate"":""2026-04-23"",""meetingTitle"":""Weekly report unifikasi HIS bersama direksi"",""projectId"":null}";2026-04-20 02:39:26.812611+00
535358ab-e1fe-446d-b9ec-fd4b7224d89c;3d2d7772-2bc6-424c-aada-e31e8edef8d0;new_meeting;📅 Meeting Baru Dijadwalkan;"Meeting ""Weekly report unifikasi HIS bersama direksi"" dijadwalkan pada 2026-04-23 pukul 09:00:00.";/timeline;false;"{""meetingDate"":""2026-04-23"",""meetingTitle"":""Weekly report unifikasi HIS bersama direksi"",""projectId"":null}";2026-04-20 02:39:27.615958+00
eb9c7c6a-87a4-475d-ac30-597bcf9517b0;ab1cfc35-47bb-41f6-9640-a2c55e70c2b2;new_meeting;📅 Meeting Baru Dijadwalkan;"Meeting ""Weekly report unifikasi HIS bersama direksi"" dijadwalkan pada 2026-04-23 pukul 09:00:00.";/timeline;false;"{""meetingDate"":""2026-04-23"",""meetingTitle"":""Weekly report unifikasi HIS bersama direksi"",""projectId"":null}";2026-04-20 02:39:28.323112+00
1a7a28f0-f433-465f-a1e4-05a25a789077;44366c00-c707-46e9-bc25-a6e0009a77b0;new_meeting;📅 Meeting Baru Dijadwalkan;"Meeting ""Weekly report unifikasi HIS bersama direksi"" dijadwalkan pada 2026-04-23 pukul 09:00:00.";/timeline;false;"{""meetingDate"":""2026-04-23"",""meetingTitle"":""Weekly report unifikasi HIS bersama direksi"",""projectId"":null}";2026-04-20 02:39:29.745924+00
cc4a7a22-68d3-4bd4-b472-4b793b9c03c4;29fb61f4-2fba-45eb-ac0b-c31e1beba126;new_meeting;📅 Meeting Baru Dijadwalkan;"Meeting ""Weekly report unifikasi HIS bersama direksi"" dijadwalkan pada 2026-04-23 pukul 09:00:00.";/timeline;false;"{""meetingDate"":""2026-04-23"",""meetingTitle"":""Weekly report unifikasi HIS bersama direksi"",""projectId"":null}";2026-04-20 02:39:30.496081+00
2351fe2a-a0a7-4fae-ac73-3cd710badac7;b09bb10d-6bf2-4001-8029-6eb6235ecc52;meeting_reminder;⏰ Reminder Meeting;"Meeting ""Meet dengan IRMA IPSTI IPKJ IGD GEDUNG A PENUNJANG RADIOLOGI"" akan dilaksanakan dalam 1 hari.";/timeline;false;"{""meetingDate"":""2026-04-21"",""meetingTitle"":""Meet dengan IRMA IPSTI IPKJ IGD GEDUNG A PENUNJANG RADIOLOGI"",""projectId"":null}";2026-04-20 07:00:05.735279+00
ed15b2d1-4604-404e-af98-d34b801b82d7;9cdd2ef8-9811-4ba9-9d19-12e599da16df;meeting_reminder;⏰ Reminder Meeting;"Meeting ""Meet dengan IRMA IPSTI IPKJ IGD GEDUNG A PENUNJANG RADIOLOGI"" akan dilaksanakan dalam 1 hari.";/timeline;false;"{""meetingDate"":""2026-04-21"",""meetingTitle"":""Meet dengan IRMA IPSTI IPKJ IGD GEDUNG A PENUNJANG RADIOLOGI"",""projectId"":null}";2026-04-20 07:00:08.309104+00
2df32995-bc87-45f7-b1e0-9db3af89e128;b09bb10d-6bf2-4001-8029-6eb6235ecc52;public_submission;Pengajuan Proyek Eksternal Baru;Pengajuan baru dari tyo (admin rscm): coba coba;/public-submissions;false;{};2026-04-27 03:16:54.590827+00
4d21e42f-27fb-46c3-8bd6-4ea3b0525da3;9cdd2ef8-9811-4ba9-9d19-12e599da16df;public_submission;Pengajuan Proyek Eksternal Baru;Pengajuan baru dari tyo (admin rscm): coba coba;/public-submissions;false;{};2026-04-27 03:16:54.590827+00
a89640be-8a2f-43f8-aa5f-fdef891ad7a3;3d2d7772-2bc6-424c-aada-e31e8edef8d0;meeting_reminder;⏰ Reminder Meeting;"Meeting ""Meet dengan IRMA IPSTI IPKJ IGD GEDUNG A PENUNJANG RADIOLOGI"" akan dilaksanakan dalam 1 hari.";/timeline;false;"{""meetingDate"":""2026-04-21"",""meetingTitle"":""Meet dengan IRMA IPSTI IPKJ IGD GEDUNG A PENUNJANG RADIOLOGI"",""projectId"":null}";2026-04-20 07:00:08.691678+00
0111a16a-7011-4ccb-b134-130a7c7fe4af;ab1cfc35-47bb-41f6-9640-a2c55e70c2b2;meeting_reminder;⏰ Reminder Meeting;"Meeting ""Meet dengan IRMA IPSTI IPKJ IGD GEDUNG A PENUNJANG RADIOLOGI"" akan dilaksanakan dalam 1 hari.";/timeline;false;"{""meetingDate"":""2026-04-21"",""meetingTitle"":""Meet dengan IRMA IPSTI IPKJ IGD GEDUNG A PENUNJANG RADIOLOGI"",""projectId"":null}";2026-04-20 07:00:08.926889+00
428defce-8858-4d86-a740-1d16c750a9c2;44366c00-c707-46e9-bc25-a6e0009a77b0;meeting_reminder;⏰ Reminder Meeting;"Meeting ""Meet dengan IRMA IPSTI IPKJ IGD GEDUNG A PENUNJANG RADIOLOGI"" akan dilaksanakan dalam 1 hari.";/timeline;false;"{""meetingDate"":""2026-04-21"",""meetingTitle"":""Meet dengan IRMA IPSTI IPKJ IGD GEDUNG A PENUNJANG RADIOLOGI"",""projectId"":null}";2026-04-20 07:00:10.721171+00
0891ede5-94ef-4e5c-b84a-92a6da4a0bb1;29fb61f4-2fba-45eb-ac0b-c31e1beba126;meeting_reminder;⏰ Reminder Meeting;"Meeting ""Meet dengan IRMA IPSTI IPKJ IGD GEDUNG A PENUNJANG RADIOLOGI"" akan dilaksanakan dalam 1 hari.";/timeline;false;"{""meetingDate"":""2026-04-21"",""meetingTitle"":""Meet dengan IRMA IPSTI IPKJ IGD GEDUNG A PENUNJANG RADIOLOGI"",""projectId"":null}";2026-04-20 07:00:11.005459+00
3dc28401-b2a2-435c-8949-667d92c11d31;b09bb10d-6bf2-4001-8029-6eb6235ecc52;new_meeting;📅 Meeting Baru Dijadwalkan;"Meeting ""Pembahasan alur remun"" dijadwalkan pada 2026-04-22 pukul 09:00:00.";/timeline;false;"{""meetingDate"":""2026-04-22"",""meetingTitle"":""Pembahasan alur remun"",""projectId"":null}";2026-04-21 05:54:06.450246+00
2cddf953-69ad-4375-b426-f9b3231af5c2;9cdd2ef8-9811-4ba9-9d19-12e599da16df;new_meeting;📅 Meeting Baru Dijadwalkan;"Meeting ""Pembahasan alur remun"" dijadwalkan pada 2026-04-22 pukul 09:00:00.";/timeline;false;"{""meetingDate"":""2026-04-22"",""meetingTitle"":""Pembahasan alur remun"",""projectId"":null}";2026-04-21 05:54:07.224747+00
eced965b-91b5-4c01-8c29-4c9a18f0374c;3d2d7772-2bc6-424c-aada-e31e8edef8d0;new_meeting;📅 Meeting Baru Dijadwalkan;"Meeting ""Pembahasan alur remun"" dijadwalkan pada 2026-04-22 pukul 09:00:00.";/timeline;false;"{""meetingDate"":""2026-04-22"",""meetingTitle"":""Pembahasan alur remun"",""projectId"":null}";2026-04-21 05:54:07.923451+00
439f6991-5ccb-4bf8-9cc9-e18ae6cb0280;ab1cfc35-47bb-41f6-9640-a2c55e70c2b2;new_meeting;📅 Meeting Baru Dijadwalkan;"Meeting ""Pembahasan alur remun"" dijadwalkan pada 2026-04-22 pukul 09:00:00.";/timeline;false;"{""meetingDate"":""2026-04-22"",""meetingTitle"":""Pembahasan alur remun"",""projectId"":null}";2026-04-21 05:54:08.661674+00
d010dba6-cdae-4845-b702-6fe4d007d9b7;44366c00-c707-46e9-bc25-a6e0009a77b0;new_meeting;📅 Meeting Baru Dijadwalkan;"Meeting ""Pembahasan alur remun"" dijadwalkan pada 2026-04-22 pukul 09:00:00.";/timeline;false;"{""meetingDate"":""2026-04-22"",""meetingTitle"":""Pembahasan alur remun"",""projectId"":null}";2026-04-21 05:54:10.54431+00
99c9e596-8312-4913-915f-ade0a4db563b;29fb61f4-2fba-45eb-ac0b-c31e1beba126;new_meeting;📅 Meeting Baru Dijadwalkan;"Meeting ""Pembahasan alur remun"" dijadwalkan pada 2026-04-22 pukul 09:00:00.";/timeline;false;"{""meetingDate"":""2026-04-22"",""meetingTitle"":""Pembahasan alur remun"",""projectId"":null}";2026-04-21 05:54:11.255452+00
07823299-efd8-4d2c-a0bf-0bd93e2d6f1b;b09bb10d-6bf2-4001-8029-6eb6235ecc52;meeting_reminder;⏰ Reminder Meeting;"Meeting ""Meet dengan IRMA IPSTI IPKJ IGD GEDUNG A PENUNJANG RADIOLOGI"" akan dilaksanakan hari ini.";/timeline;false;"{""meetingDate"":""2026-04-21"",""meetingTitle"":""Meet dengan IRMA IPSTI IPKJ IGD GEDUNG A PENUNJANG RADIOLOGI"",""projectId"":null}";2026-04-21 07:00:07.026088+00
3853ed5a-b0a3-4a9a-b47e-471c36448640;9cdd2ef8-9811-4ba9-9d19-12e599da16df;meeting_reminder;⏰ Reminder Meeting;"Meeting ""Meet dengan IRMA IPSTI IPKJ IGD GEDUNG A PENUNJANG RADIOLOGI"" akan dilaksanakan hari ini.";/timeline;false;"{""meetingDate"":""2026-04-21"",""meetingTitle"":""Meet dengan IRMA IPSTI IPKJ IGD GEDUNG A PENUNJANG RADIOLOGI"",""projectId"":null}";2026-04-21 07:00:07.392881+00
25a0af46-9445-4ed9-9244-61981c156be5;3d2d7772-2bc6-424c-aada-e31e8edef8d0;meeting_reminder;⏰ Reminder Meeting;"Meeting ""Meet dengan IRMA IPSTI IPKJ IGD GEDUNG A PENUNJANG RADIOLOGI"" akan dilaksanakan hari ini.";/timeline;false;"{""meetingDate"":""2026-04-21"",""meetingTitle"":""Meet dengan IRMA IPSTI IPKJ IGD GEDUNG A PENUNJANG RADIOLOGI"",""projectId"":null}";2026-04-21 07:00:07.9724+00
467f91e2-e3db-497a-9d6f-bc0216644a41;ab1cfc35-47bb-41f6-9640-a2c55e70c2b2;meeting_reminder;⏰ Reminder Meeting;"Meeting ""Meet dengan IRMA IPSTI IPKJ IGD GEDUNG A PENUNJANG RADIOLOGI"" akan dilaksanakan hari ini.";/timeline;false;"{""meetingDate"":""2026-04-21"",""meetingTitle"":""Meet dengan IRMA IPSTI IPKJ IGD GEDUNG A PENUNJANG RADIOLOGI"",""projectId"":null}";2026-04-21 07:00:08.298878+00
3178e629-eb29-4bed-a55e-e1c0baebe6c4;44366c00-c707-46e9-bc25-a6e0009a77b0;meeting_reminder;⏰ Reminder Meeting;"Meeting ""Meet dengan IRMA IPSTI IPKJ IGD GEDUNG A PENUNJANG RADIOLOGI"" akan dilaksanakan hari ini.";/timeline;false;"{""meetingDate"":""2026-04-21"",""meetingTitle"":""Meet dengan IRMA IPSTI IPKJ IGD GEDUNG A PENUNJANG RADIOLOGI"",""projectId"":null}";2026-04-21 07:00:09.507461+00
953418c9-3497-4399-ac6c-c7c71c03960b;29fb61f4-2fba-45eb-ac0b-c31e1beba126;meeting_reminder;⏰ Reminder Meeting;"Meeting ""Meet dengan IRMA IPSTI IPKJ IGD GEDUNG A PENUNJANG RADIOLOGI"" akan dilaksanakan hari ini.";/timeline;false;"{""meetingDate"":""2026-04-21"",""meetingTitle"":""Meet dengan IRMA IPSTI IPKJ IGD GEDUNG A PENUNJANG RADIOLOGI"",""projectId"":null}";2026-04-21 07:00:09.951321+00
eacbe361-8a8f-4f04-b93c-b7edf0120dcd;b09bb10d-6bf2-4001-8029-6eb6235ecc52;meeting_reminder;⏰ Reminder Meeting;"Meeting ""Penyelesaian Masalah Remunerasi"" akan dilaksanakan dalam 1 hari.";/project/9ddeeee4-63d9-4833-981d-c32090d07b19;false;"{""meetingDate"":""2026-04-22"",""meetingTitle"":""Penyelesaian Masalah Remunerasi"",""projectId"":""9ddeeee4-63d9-4833-981d-c32090d07b19""}";2026-04-21 07:00:10.837243+00
e95d1fc0-df6a-47ef-8885-ff568e961144;9cdd2ef8-9811-4ba9-9d19-12e599da16df;meeting_reminder;⏰ Reminder Meeting;"Meeting ""Penyelesaian Masalah Remunerasi"" akan dilaksanakan dalam 1 hari.";/project/9ddeeee4-63d9-4833-981d-c32090d07b19;false;"{""meetingDate"":""2026-04-22"",""meetingTitle"":""Penyelesaian Masalah Remunerasi"",""projectId"":""9ddeeee4-63d9-4833-981d-c32090d07b19""}";2026-04-21 07:00:11.543836+00
8ec47efa-4c62-4855-bb9e-f87492086815;ae199846-f8f2-4f4b-998d-ea5f88b6a520;meeting_reminder;⏰ Reminder Meeting;"Meeting ""Meet dengan IRMA IPSTI IPKJ IGD GEDUNG A PENUNJANG RADIOLOGI"" akan dilaksanakan dalam 1 hari.";/timeline;true;"{""meetingDate"":""2026-04-21"",""meetingTitle"":""Meet dengan IRMA IPSTI IPKJ IGD GEDUNG A PENUNJANG RADIOLOGI"",""projectId"":null}";2026-04-20 07:00:11.288837+00
056bb131-f7d9-4d33-9984-e1198c008b5d;ae199846-f8f2-4f4b-998d-ea5f88b6a520;new_meeting;📅 Meeting Baru Dijadwalkan;"Meeting ""Pembahasan alur remun"" dijadwalkan pada 2026-04-22 pukul 09:00:00.";/timeline;true;"{""meetingDate"":""2026-04-22"",""meetingTitle"":""Pembahasan alur remun"",""projectId"":null}";2026-04-21 05:54:12.034899+00
ab56c6a7-3686-4891-a05f-7a19fac7308e;ae199846-f8f2-4f4b-998d-ea5f88b6a520;meeting_reminder;⏰ Reminder Meeting;"Meeting ""Meet dengan IRMA IPSTI IPKJ IGD GEDUNG A PENUNJANG RADIOLOGI"" akan dilaksanakan hari ini.";/timeline;true;"{""meetingDate"":""2026-04-21"",""meetingTitle"":""Meet dengan IRMA IPSTI IPKJ IGD GEDUNG A PENUNJANG RADIOLOGI"",""projectId"":null}";2026-04-21 07:00:10.201903+00
07847bf1-efb6-447a-b57d-84ec9598939c;3d2d7772-2bc6-424c-aada-e31e8edef8d0;meeting_reminder;⏰ Reminder Meeting;"Meeting ""Penyelesaian Masalah Remunerasi"" akan dilaksanakan dalam 1 hari.";/project/9ddeeee4-63d9-4833-981d-c32090d07b19;false;"{""meetingDate"":""2026-04-22"",""meetingTitle"":""Penyelesaian Masalah Remunerasi"",""projectId"":""9ddeeee4-63d9-4833-981d-c32090d07b19""}";2026-04-21 07:00:11.833558+00
f76d5918-e16d-486d-8105-b5afcc46fc1e;9cdd2ef8-9811-4ba9-9d19-12e599da16df;meeting_reminder;⏰ Reminder Meeting;"Meeting ""Pembahasan alur remun"" akan dilaksanakan dalam 1 hari.";/timeline;false;"{""meetingDate"":""2026-04-22"",""meetingTitle"":""Pembahasan alur remun"",""projectId"":null}";2026-04-21 07:00:13.950224+00
a2184582-ee8a-4da0-a285-a9e134a390b0;29fb61f4-2fba-45eb-ac0b-c31e1beba126;meeting_reminder;⏰ Reminder Meeting;"Meeting ""Pembahasan alur remun"" akan dilaksanakan dalam 1 hari.";/timeline;false;"{""meetingDate"":""2026-04-22"",""meetingTitle"":""Pembahasan alur remun"",""projectId"":null}";2026-04-21 07:00:16.146985+00
37527aa3-01b7-44f8-8706-1c7c115fc628;ae199846-f8f2-4f4b-998d-ea5f88b6a520;meeting_reminder;⏰ Reminder Meeting;"Meeting ""Penyelesaian Masalah Remunerasi"" akan dilaksanakan dalam 1 hari.";/project/9ddeeee4-63d9-4833-981d-c32090d07b19;true;"{""meetingDate"":""2026-04-22"",""meetingTitle"":""Penyelesaian Masalah Remunerasi"",""projectId"":""9ddeeee4-63d9-4833-981d-c32090d07b19""}";2026-04-21 07:00:13.220476+00
7ed9952d-efb8-4e83-91d9-7873b936400f;ab1cfc35-47bb-41f6-9640-a2c55e70c2b2;meeting_reminder;⏰ Reminder Meeting;"Meeting ""Penyelesaian Masalah Remunerasi"" akan dilaksanakan dalam 1 hari.";/project/9ddeeee4-63d9-4833-981d-c32090d07b19;false;"{""meetingDate"":""2026-04-22"",""meetingTitle"":""Penyelesaian Masalah Remunerasi"",""projectId"":""9ddeeee4-63d9-4833-981d-c32090d07b19""}";2026-04-21 07:00:12.179732+00
395e599f-3aa1-48de-9e24-4d1fba967ba2;3d2d7772-2bc6-424c-aada-e31e8edef8d0;meeting_reminder;⏰ Reminder Meeting;"Meeting ""Pembahasan alur remun"" akan dilaksanakan dalam 1 hari.";/timeline;false;"{""meetingDate"":""2026-04-22"",""meetingTitle"":""Pembahasan alur remun"",""projectId"":null}";2026-04-21 07:00:14.203908+00
f797cc26-f3b6-40fa-b0bc-433203335b2d;ae199846-f8f2-4f4b-998d-ea5f88b6a520;meeting_reminder;⏰ Reminder Meeting;"Meeting ""Pembahasan alur remun"" akan dilaksanakan dalam 1 hari.";/timeline;true;"{""meetingDate"":""2026-04-22"",""meetingTitle"":""Pembahasan alur remun"",""projectId"":null}";2026-04-21 07:00:16.400549+00
d8ffcc61-38f9-443e-bdf6-c9a94854e748;ab1cfc35-47bb-41f6-9640-a2c55e70c2b2;meeting_reminder;⏰ Reminder Meeting;"Meeting ""Pembahasan alur remun"" akan dilaksanakan dalam 1 hari.";/timeline;false;"{""meetingDate"":""2026-04-22"",""meetingTitle"":""Pembahasan alur remun"",""projectId"":null}";2026-04-21 07:00:14.544864+00
326a740b-c7aa-4a67-a254-f427bd824a67;f33e6211-8ffc-4be9-9e4b-848ce613bdc0;meeting_reminder;⏰ Reminder Meeting;"Meeting ""Penyelesaian Masalah Remunerasi"" akan dilaksanakan dalam 1 hari.";/project/9ddeeee4-63d9-4833-981d-c32090d07b19;true;"{""meetingDate"":""2026-04-22"",""meetingTitle"":""Penyelesaian Masalah Remunerasi"",""projectId"":""9ddeeee4-63d9-4833-981d-c32090d07b19""}";2026-04-21 07:00:12.425852+00
dc110d65-469d-424a-9fdd-4a61e0780244;44366c00-c707-46e9-bc25-a6e0009a77b0;meeting_reminder;⏰ Reminder Meeting;"Meeting ""Penyelesaian Masalah Remunerasi"" akan dilaksanakan dalam 1 hari.";/project/9ddeeee4-63d9-4833-981d-c32090d07b19;false;"{""meetingDate"":""2026-04-22"",""meetingTitle"":""Penyelesaian Masalah Remunerasi"",""projectId"":""9ddeeee4-63d9-4833-981d-c32090d07b19""}";2026-04-21 07:00:12.704433+00
b70a58a1-5d31-4d99-9a6a-cc0364dce7af;f33e6211-8ffc-4be9-9e4b-848ce613bdc0;meeting_reminder;⏰ Reminder Meeting;"Meeting ""Pembahasan alur remun"" akan dilaksanakan dalam 1 hari.";/timeline;true;"{""meetingDate"":""2026-04-22"",""meetingTitle"":""Pembahasan alur remun"",""projectId"":null}";2026-04-21 07:00:14.91604+00
90875777-1810-4aa9-9183-b548f17f4287;29fb61f4-2fba-45eb-ac0b-c31e1beba126;meeting_reminder;⏰ Reminder Meeting;"Meeting ""Penyelesaian Masalah Remunerasi"" akan dilaksanakan dalam 1 hari.";/project/9ddeeee4-63d9-4833-981d-c32090d07b19;false;"{""meetingDate"":""2026-04-22"",""meetingTitle"":""Penyelesaian Masalah Remunerasi"",""projectId"":""9ddeeee4-63d9-4833-981d-c32090d07b19""}";2026-04-21 07:00:12.978656+00
07260369-fa0b-4124-99a7-caf1bf5f1d95;b09bb10d-6bf2-4001-8029-6eb6235ecc52;meeting_reminder;⏰ Reminder Meeting;"Meeting ""Pembahasan alur remun"" akan dilaksanakan dalam 1 hari.";/timeline;false;"{""meetingDate"":""2026-04-22"",""meetingTitle"":""Pembahasan alur remun"",""projectId"":null}";2026-04-21 07:00:13.647875+00
2d5f6403-1ff5-4b7d-9ff3-e9f8d799ae31;44366c00-c707-46e9-bc25-a6e0009a77b0;meeting_reminder;⏰ Reminder Meeting;"Meeting ""Pembahasan alur remun"" akan dilaksanakan dalam 1 hari.";/timeline;false;"{""meetingDate"":""2026-04-22"",""meetingTitle"":""Pembahasan alur remun"",""projectId"":null}";2026-04-21 07:00:15.875592+00
5d6ef1dd-ee08-4911-9d43-a1ba1bf61b35;b09bb10d-6bf2-4001-8029-6eb6235ecc52;meeting_reminder;⏰ Reminder Meeting;"Meeting ""Penyelesaian Masalah Remunerasi"" akan dilaksanakan hari ini.";/project/9ddeeee4-63d9-4833-981d-c32090d07b19;false;"{""meetingDate"":""2026-04-22"",""meetingTitle"":""Penyelesaian Masalah Remunerasi"",""projectId"":""9ddeeee4-63d9-4833-981d-c32090d07b19""}";2026-04-22 07:00:07.310892+00
7fb4045a-18e4-43d8-9d7c-8734ed917958;9cdd2ef8-9811-4ba9-9d19-12e599da16df;meeting_reminder;⏰ Reminder Meeting;"Meeting ""Penyelesaian Masalah Remunerasi"" akan dilaksanakan hari ini.";/project/9ddeeee4-63d9-4833-981d-c32090d07b19;false;"{""meetingDate"":""2026-04-22"",""meetingTitle"":""Penyelesaian Masalah Remunerasi"",""projectId"":""9ddeeee4-63d9-4833-981d-c32090d07b19""}";2026-04-22 07:00:07.927481+00
d7b4162d-55a2-4b78-a76a-6d98f6861527;3d2d7772-2bc6-424c-aada-e31e8edef8d0;meeting_reminder;⏰ Reminder Meeting;"Meeting ""Penyelesaian Masalah Remunerasi"" akan dilaksanakan hari ini.";/project/9ddeeee4-63d9-4833-981d-c32090d07b19;false;"{""meetingDate"":""2026-04-22"",""meetingTitle"":""Penyelesaian Masalah Remunerasi"",""projectId"":""9ddeeee4-63d9-4833-981d-c32090d07b19""}";2026-04-22 07:00:08.263298+00
3af5960d-7217-47f5-a160-07e81509d73a;ab1cfc35-47bb-41f6-9640-a2c55e70c2b2;meeting_reminder;⏰ Reminder Meeting;"Meeting ""Penyelesaian Masalah Remunerasi"" akan dilaksanakan hari ini.";/project/9ddeeee4-63d9-4833-981d-c32090d07b19;false;"{""meetingDate"":""2026-04-22"",""meetingTitle"":""Penyelesaian Masalah Remunerasi"",""projectId"":""9ddeeee4-63d9-4833-981d-c32090d07b19""}";2026-04-22 07:00:08.692057+00
fa766e8f-8ad9-497d-a23e-9c8ef4248052;44366c00-c707-46e9-bc25-a6e0009a77b0;meeting_reminder;⏰ Reminder Meeting;"Meeting ""Penyelesaian Masalah Remunerasi"" akan dilaksanakan hari ini.";/project/9ddeeee4-63d9-4833-981d-c32090d07b19;false;"{""meetingDate"":""2026-04-22"",""meetingTitle"":""Penyelesaian Masalah Remunerasi"",""projectId"":""9ddeeee4-63d9-4833-981d-c32090d07b19""}";2026-04-22 07:00:09.30417+00
d35fda71-01da-4e25-9cbc-7c3de8dd0908;29fb61f4-2fba-45eb-ac0b-c31e1beba126;meeting_reminder;⏰ Reminder Meeting;"Meeting ""Penyelesaian Masalah Remunerasi"" akan dilaksanakan hari ini.";/project/9ddeeee4-63d9-4833-981d-c32090d07b19;false;"{""meetingDate"":""2026-04-22"",""meetingTitle"":""Penyelesaian Masalah Remunerasi"",""projectId"":""9ddeeee4-63d9-4833-981d-c32090d07b19""}";2026-04-22 07:00:09.622605+00
e6412ef7-c6b9-463c-82c0-901024def20a;b09bb10d-6bf2-4001-8029-6eb6235ecc52;meeting_reminder;⏰ Reminder Meeting;"Meeting ""Weekly report unifikasi HIS bersama direksi"" akan dilaksanakan dalam 1 hari.";/timeline;false;"{""meetingDate"":""2026-04-23"",""meetingTitle"":""Weekly report unifikasi HIS bersama direksi"",""projectId"":null}";2026-04-22 07:00:10.445212+00
436e3086-6762-4fd0-9e0f-0b8ee97a64bf;9cdd2ef8-9811-4ba9-9d19-12e599da16df;meeting_reminder;⏰ Reminder Meeting;"Meeting ""Weekly report unifikasi HIS bersama direksi"" akan dilaksanakan dalam 1 hari.";/timeline;false;"{""meetingDate"":""2026-04-23"",""meetingTitle"":""Weekly report unifikasi HIS bersama direksi"",""projectId"":null}";2026-04-22 07:00:10.680119+00
84ba56a7-77c5-4445-8886-4d76c45d76bd;3d2d7772-2bc6-424c-aada-e31e8edef8d0;meeting_reminder;⏰ Reminder Meeting;"Meeting ""Weekly report unifikasi HIS bersama direksi"" akan dilaksanakan dalam 1 hari.";/timeline;false;"{""meetingDate"":""2026-04-23"",""meetingTitle"":""Weekly report unifikasi HIS bersama direksi"",""projectId"":null}";2026-04-22 07:00:10.91912+00
aab0d7e6-3fbb-4807-8da4-fdefddd41ab7;ab1cfc35-47bb-41f6-9640-a2c55e70c2b2;meeting_reminder;⏰ Reminder Meeting;"Meeting ""Weekly report unifikasi HIS bersama direksi"" akan dilaksanakan dalam 1 hari.";/timeline;false;"{""meetingDate"":""2026-04-23"",""meetingTitle"":""Weekly report unifikasi HIS bersama direksi"",""projectId"":null}";2026-04-22 07:00:11.171321+00
1bad1d31-729e-430e-9137-3ec9e714cfd8;44366c00-c707-46e9-bc25-a6e0009a77b0;meeting_reminder;⏰ Reminder Meeting;"Meeting ""Weekly report unifikasi HIS bersama direksi"" akan dilaksanakan dalam 1 hari.";/timeline;false;"{""meetingDate"":""2026-04-23"",""meetingTitle"":""Weekly report unifikasi HIS bersama direksi"",""projectId"":null}";2026-04-22 07:00:11.663734+00
03031da5-620b-41a9-ae5d-8185fd5edfa1;29fb61f4-2fba-45eb-ac0b-c31e1beba126;meeting_reminder;⏰ Reminder Meeting;"Meeting ""Weekly report unifikasi HIS bersama direksi"" akan dilaksanakan dalam 1 hari.";/timeline;false;"{""meetingDate"":""2026-04-23"",""meetingTitle"":""Weekly report unifikasi HIS bersama direksi"",""projectId"":null}";2026-04-22 07:00:11.945517+00
2cf96bf7-5ab0-4cde-a56f-9fb3d8f95f42;b09bb10d-6bf2-4001-8029-6eb6235ecc52;meeting_reminder;⏰ Reminder Meeting;"Meeting ""Pembahasan alur remun"" akan dilaksanakan hari ini.";/timeline;false;"{""meetingDate"":""2026-04-22"",""meetingTitle"":""Pembahasan alur remun"",""projectId"":null}";2026-04-22 07:00:12.815498+00
9f3347c1-deec-4ad9-a797-066b2069034d;9cdd2ef8-9811-4ba9-9d19-12e599da16df;meeting_reminder;⏰ Reminder Meeting;"Meeting ""Pembahasan alur remun"" akan dilaksanakan hari ini.";/timeline;false;"{""meetingDate"":""2026-04-22"",""meetingTitle"":""Pembahasan alur remun"",""projectId"":null}";2026-04-22 07:00:13.068502+00
4951d78f-925d-458b-a45c-536c96a7e5ca;3d2d7772-2bc6-424c-aada-e31e8edef8d0;meeting_reminder;⏰ Reminder Meeting;"Meeting ""Pembahasan alur remun"" akan dilaksanakan hari ini.";/timeline;false;"{""meetingDate"":""2026-04-22"",""meetingTitle"":""Pembahasan alur remun"",""projectId"":null}";2026-04-22 07:00:13.349593+00
3c69120e-cf64-45c1-9b9c-b39bcacef1c6;ab1cfc35-47bb-41f6-9640-a2c55e70c2b2;meeting_reminder;⏰ Reminder Meeting;"Meeting ""Pembahasan alur remun"" akan dilaksanakan hari ini.";/timeline;false;"{""meetingDate"":""2026-04-22"",""meetingTitle"":""Pembahasan alur remun"",""projectId"":null}";2026-04-22 07:00:13.619366+00
55f085d2-9e08-478f-a2d6-0624069b3881;44366c00-c707-46e9-bc25-a6e0009a77b0;meeting_reminder;⏰ Reminder Meeting;"Meeting ""Pembahasan alur remun"" akan dilaksanakan hari ini.";/timeline;false;"{""meetingDate"":""2026-04-22"",""meetingTitle"":""Pembahasan alur remun"",""projectId"":null}";2026-04-22 07:00:14.172832+00
65d5b3fa-a745-4c7d-8ea0-585d7a4d88ff;ae199846-f8f2-4f4b-998d-ea5f88b6a520;meeting_reminder;⏰ Reminder Meeting;"Meeting ""Penyelesaian Masalah Remunerasi"" akan dilaksanakan hari ini.";/project/9ddeeee4-63d9-4833-981d-c32090d07b19;true;"{""meetingDate"":""2026-04-22"",""meetingTitle"":""Penyelesaian Masalah Remunerasi"",""projectId"":""9ddeeee4-63d9-4833-981d-c32090d07b19""}";2026-04-22 07:00:09.887301+00
274424a1-c727-46d4-9a9b-ab204109710c;ae199846-f8f2-4f4b-998d-ea5f88b6a520;meeting_reminder;⏰ Reminder Meeting;"Meeting ""Weekly report unifikasi HIS bersama direksi"" akan dilaksanakan dalam 1 hari.";/timeline;true;"{""meetingDate"":""2026-04-23"",""meetingTitle"":""Weekly report unifikasi HIS bersama direksi"",""projectId"":null}";2026-04-22 07:00:12.295228+00
8d041cae-3037-4960-8823-8ccb24c138d1;b09bb10d-6bf2-4001-8029-6eb6235ecc52;meeting_reminder;⏰ Reminder Meeting;"Meeting ""Weekly report unifikasi HIS bersama direksi"" akan dilaksanakan hari ini.";/timeline;false;"{""meetingDate"":""2026-04-23"",""meetingTitle"":""Weekly report unifikasi HIS bersama direksi"",""projectId"":null}";2026-04-23 07:00:08.356528+00
f89ad57e-770c-4a57-8963-40571808b2e9;9cdd2ef8-9811-4ba9-9d19-12e599da16df;meeting_reminder;⏰ Reminder Meeting;"Meeting ""Weekly report unifikasi HIS bersama direksi"" akan dilaksanakan hari ini.";/timeline;false;"{""meetingDate"":""2026-04-23"",""meetingTitle"":""Weekly report unifikasi HIS bersama direksi"",""projectId"":null}";2026-04-23 07:00:08.815992+00
64adae8f-42ec-4654-9a2c-fdada8b24f16;3d2d7772-2bc6-424c-aada-e31e8edef8d0;meeting_reminder;⏰ Reminder Meeting;"Meeting ""Weekly report unifikasi HIS bersama direksi"" akan dilaksanakan hari ini.";/timeline;false;"{""meetingDate"":""2026-04-23"",""meetingTitle"":""Weekly report unifikasi HIS bersama direksi"",""projectId"":null}";2026-04-23 07:00:09.617256+00
96dd7b7f-f3b0-4906-883b-e67899eda5bd;ab1cfc35-47bb-41f6-9640-a2c55e70c2b2;meeting_reminder;⏰ Reminder Meeting;"Meeting ""Weekly report unifikasi HIS bersama direksi"" akan dilaksanakan hari ini.";/timeline;false;"{""meetingDate"":""2026-04-23"",""meetingTitle"":""Weekly report unifikasi HIS bersama direksi"",""projectId"":null}";2026-04-23 07:00:09.896804+00
6510572c-fd43-4dce-8b12-8f6c60e140d2;44366c00-c707-46e9-bc25-a6e0009a77b0;meeting_reminder;⏰ Reminder Meeting;"Meeting ""Weekly report unifikasi HIS bersama direksi"" akan dilaksanakan hari ini.";/timeline;false;"{""meetingDate"":""2026-04-23"",""meetingTitle"":""Weekly report unifikasi HIS bersama direksi"",""projectId"":null}";2026-04-23 07:00:11.068418+00
16b6ade3-9c66-49da-91ec-108c00ea1d78;29fb61f4-2fba-45eb-ac0b-c31e1beba126;meeting_reminder;⏰ Reminder Meeting;"Meeting ""Weekly report unifikasi HIS bersama direksi"" akan dilaksanakan hari ini.";/timeline;false;"{""meetingDate"":""2026-04-23"",""meetingTitle"":""Weekly report unifikasi HIS bersama direksi"",""projectId"":null}";2026-04-23 07:00:11.58896+00
a2ac23ea-3469-4d0e-b816-2380b9cb7cef;f33e6211-8ffc-4be9-9e4b-848ce613bdc0;new_meeting;📅 Meeting Baru Dijadwalkan;"Meeting ""Weekly report unifikasi HIS bersama direksi"" dijadwalkan pada 2026-04-23 pukul 09:00:00.";/timeline;true;"{""meetingDate"":""2026-04-23"",""meetingTitle"":""Weekly report unifikasi HIS bersama direksi"",""projectId"":null}";2026-04-20 02:39:29.015564+00
4ec1dd33-1280-423a-9f6b-de7e365ea2b0;f33e6211-8ffc-4be9-9e4b-848ce613bdc0;meeting_reminder;⏰ Reminder Meeting;"Meeting ""Meet dengan IRMA IPSTI IPKJ IGD GEDUNG A PENUNJANG RADIOLOGI"" akan dilaksanakan dalam 1 hari.";/timeline;true;"{""meetingDate"":""2026-04-21"",""meetingTitle"":""Meet dengan IRMA IPSTI IPKJ IGD GEDUNG A PENUNJANG RADIOLOGI"",""projectId"":null}";2026-04-20 07:00:09.268586+00
8701dae5-87f6-496e-b75c-969bd81da554;f33e6211-8ffc-4be9-9e4b-848ce613bdc0;new_meeting;📅 Meeting Baru Dijadwalkan;"Meeting ""Pembahasan alur remun"" dijadwalkan pada 2026-04-22 pukul 09:00:00.";/timeline;true;"{""meetingDate"":""2026-04-22"",""meetingTitle"":""Pembahasan alur remun"",""projectId"":null}";2026-04-21 05:54:09.825797+00
13225245-1d97-478a-bfcb-5a513300d330;f33e6211-8ffc-4be9-9e4b-848ce613bdc0;meeting_reminder;⏰ Reminder Meeting;"Meeting ""Meet dengan IRMA IPSTI IPKJ IGD GEDUNG A PENUNJANG RADIOLOGI"" akan dilaksanakan hari ini.";/timeline;true;"{""meetingDate"":""2026-04-21"",""meetingTitle"":""Meet dengan IRMA IPSTI IPKJ IGD GEDUNG A PENUNJANG RADIOLOGI"",""projectId"":null}";2026-04-21 07:00:08.650261+00
27ce6dfb-52d0-40e5-aa96-dde9be91e5b0;f33e6211-8ffc-4be9-9e4b-848ce613bdc0;meeting_reminder;⏰ Reminder Meeting;"Meeting ""Penyelesaian Masalah Remunerasi"" akan dilaksanakan hari ini.";/project/9ddeeee4-63d9-4833-981d-c32090d07b19;true;"{""meetingDate"":""2026-04-22"",""meetingTitle"":""Penyelesaian Masalah Remunerasi"",""projectId"":""9ddeeee4-63d9-4833-981d-c32090d07b19""}";2026-04-22 07:00:08.979387+00
64495020-e72c-401d-8ac4-ea7ef488b496;f33e6211-8ffc-4be9-9e4b-848ce613bdc0;meeting_reminder;⏰ Reminder Meeting;"Meeting ""Weekly report unifikasi HIS bersama direksi"" akan dilaksanakan dalam 1 hari.";/timeline;true;"{""meetingDate"":""2026-04-23"",""meetingTitle"":""Weekly report unifikasi HIS bersama direksi"",""projectId"":null}";2026-04-22 07:00:11.430159+00
a3a27e6d-af1c-493f-a955-bdb0889b0ed6;f33e6211-8ffc-4be9-9e4b-848ce613bdc0;meeting_reminder;⏰ Reminder Meeting;"Meeting ""Pembahasan alur remun"" akan dilaksanakan hari ini.";/timeline;true;"{""meetingDate"":""2026-04-22"",""meetingTitle"":""Pembahasan alur remun"",""projectId"":null}";2026-04-22 07:00:13.859653+00
9e28363a-37d2-4aeb-ad3d-c231094c7090;b09bb10d-6bf2-4001-8029-6eb6235ecc52;new_meeting;📅 Meeting Baru Dijadwalkan;"Meeting ""Meet dengan Pak Edhi"" dijadwalkan pada 2026-04-27 pukul 14:00:00.";/timeline;false;"{""meetingDate"":""2026-04-27"",""meetingTitle"":""Meet dengan Pak Edhi"",""projectId"":null}";2026-04-27 03:05:54.252549+00
c7d0f348-e93c-4038-a437-b9464cb7fe83;9cdd2ef8-9811-4ba9-9d19-12e599da16df;new_meeting;📅 Meeting Baru Dijadwalkan;"Meeting ""Meet dengan Pak Edhi"" dijadwalkan pada 2026-04-27 pukul 14:00:00.";/timeline;false;"{""meetingDate"":""2026-04-27"",""meetingTitle"":""Meet dengan Pak Edhi"",""projectId"":null}";2026-04-27 03:05:55.132139+00
ea99a501-6145-44f6-a95e-b4184fbf5561;3d2d7772-2bc6-424c-aada-e31e8edef8d0;new_meeting;📅 Meeting Baru Dijadwalkan;"Meeting ""Meet dengan Pak Edhi"" dijadwalkan pada 2026-04-27 pukul 14:00:00.";/timeline;false;"{""meetingDate"":""2026-04-27"",""meetingTitle"":""Meet dengan Pak Edhi"",""projectId"":null}";2026-04-27 03:05:55.887589+00
d44e014a-8b5c-4d41-9966-c6a5f9a233a3;ab1cfc35-47bb-41f6-9640-a2c55e70c2b2;new_meeting;📅 Meeting Baru Dijadwalkan;"Meeting ""Meet dengan Pak Edhi"" dijadwalkan pada 2026-04-27 pukul 14:00:00.";/timeline;false;"{""meetingDate"":""2026-04-27"",""meetingTitle"":""Meet dengan Pak Edhi"",""projectId"":null}";2026-04-27 03:05:56.606673+00
64031d06-4dc9-4e7b-99ee-a917f37e5185;44366c00-c707-46e9-bc25-a6e0009a77b0;new_meeting;📅 Meeting Baru Dijadwalkan;"Meeting ""Meet dengan Pak Edhi"" dijadwalkan pada 2026-04-27 pukul 14:00:00.";/timeline;false;"{""meetingDate"":""2026-04-27"",""meetingTitle"":""Meet dengan Pak Edhi"",""projectId"":null}";2026-04-27 03:05:58.076294+00
a671bc20-4ad3-497d-90cf-290c0feb8f44;29fb61f4-2fba-45eb-ac0b-c31e1beba126;new_meeting;📅 Meeting Baru Dijadwalkan;"Meeting ""Meet dengan Pak Edhi"" dijadwalkan pada 2026-04-27 pukul 14:00:00.";/timeline;false;"{""meetingDate"":""2026-04-27"",""meetingTitle"":""Meet dengan Pak Edhi"",""projectId"":null}";2026-04-27 03:05:58.784498+00
81f702c7-00cf-4e71-a735-9b3ef5c5c7af;b09bb10d-6bf2-4001-8029-6eb6235ecc52;meeting_reminder;⏰ Reminder Meeting;"Meeting ""Meet dengan Pak Edhi"" akan dilaksanakan hari ini.";/timeline;false;"{""meetingDate"":""2026-04-27"",""meetingTitle"":""Meet dengan Pak Edhi"",""projectId"":null}";2026-04-27 07:00:07.308978+00
d34d01a7-6901-468c-ba1e-27ea501f031b;9cdd2ef8-9811-4ba9-9d19-12e599da16df;meeting_reminder;⏰ Reminder Meeting;"Meeting ""Meet dengan Pak Edhi"" akan dilaksanakan hari ini.";/timeline;false;"{""meetingDate"":""2026-04-27"",""meetingTitle"":""Meet dengan Pak Edhi"",""projectId"":null}";2026-04-27 07:00:07.665679+00
133427ac-47d8-4868-970e-c1869f50e971;3d2d7772-2bc6-424c-aada-e31e8edef8d0;meeting_reminder;⏰ Reminder Meeting;"Meeting ""Meet dengan Pak Edhi"" akan dilaksanakan hari ini.";/timeline;false;"{""meetingDate"":""2026-04-27"",""meetingTitle"":""Meet dengan Pak Edhi"",""projectId"":null}";2026-04-27 07:00:07.9966+00
3639f0bc-a978-4c90-8e2e-0eb3f9381bff;ab1cfc35-47bb-41f6-9640-a2c55e70c2b2;meeting_reminder;⏰ Reminder Meeting;"Meeting ""Meet dengan Pak Edhi"" akan dilaksanakan hari ini.";/timeline;false;"{""meetingDate"":""2026-04-27"",""meetingTitle"":""Meet dengan Pak Edhi"",""projectId"":null}";2026-04-27 07:00:12.24548+00
9a16a388-c8be-4e94-9f00-dd470eda7acf;ae199846-f8f2-4f4b-998d-ea5f88b6a520;meeting_reminder;⏰ Reminder Meeting;"Meeting ""Weekly report unifikasi HIS bersama direksi"" akan dilaksanakan hari ini.";/timeline;true;"{""meetingDate"":""2026-04-23"",""meetingTitle"":""Weekly report unifikasi HIS bersama direksi"",""projectId"":null}";2026-04-23 07:00:11.843204+00
43d7d17d-e26f-407d-bc97-dbfeacee7fbd;44366c00-c707-46e9-bc25-a6e0009a77b0;meeting_reminder;⏰ Reminder Meeting;"Meeting ""Meet dengan Pak Edhi"" akan dilaksanakan hari ini.";/timeline;false;"{""meetingDate"":""2026-04-27"",""meetingTitle"":""Meet dengan Pak Edhi"",""projectId"":null}";2026-04-27 07:00:12.836087+00
45f8ff9f-c04c-4013-afc2-5d4a8b47c9f4;29fb61f4-2fba-45eb-ac0b-c31e1beba126;meeting_reminder;⏰ Reminder Meeting;"Meeting ""Meet dengan Pak Edhi"" akan dilaksanakan hari ini.";/timeline;false;"{""meetingDate"":""2026-04-27"",""meetingTitle"":""Meet dengan Pak Edhi"",""projectId"":null}";2026-04-27 07:00:13.112781+00
71763884-10a1-42a8-9966-a3708a28b669;f33e6211-8ffc-4be9-9e4b-848ce613bdc0;new_meeting;📅 Meeting Baru Dijadwalkan;"Meeting ""Meet dengan Pak Edhi"" dijadwalkan pada 2026-04-27 pukul 14:00:00.";/timeline;true;"{""meetingDate"":""2026-04-27"",""meetingTitle"":""Meet dengan Pak Edhi"",""projectId"":null}";2026-04-27 03:05:57.335749+00
44e150bb-3919-4c01-a473-215b30094ae6;26303945-9cdc-4afa-9ffe-de7d83ab8fea;proposal_approved;🎉 Proposal Disetujui;"Proposal ""Penyesuaian Kelas Akomodasi - Tarif Kelas Akomodasi - Tarif Layanan"" telah disetujui dan siap untuk dieksekusi.";/project/d9aa36aa-dce3-4d5c-bb86-db9ea979a24b;false;"{""adminNote"":"""",""projectId"":""d9aa36aa-dce3-4d5c-bb86-db9ea979a24b"",""projectTitle"":""Penyesuaian Kelas Akomodasi - Tarif Kelas Akomodasi - Tarif Layanan""}";2026-05-04 03:00:24.571809+00
edfa9239-631d-4973-91ba-72c8c004783b;ae199846-f8f2-4f4b-998d-ea5f88b6a520;meeting_reminder;⏰ Reminder Meeting;"Meeting ""Meet dengan Pak Edhi"" akan dilaksanakan hari ini.";/timeline;true;"{""meetingDate"":""2026-04-27"",""meetingTitle"":""Meet dengan Pak Edhi"",""projectId"":null}";2026-04-27 07:00:14.22078+00
3e00bb32-891d-4865-9097-1468162a1b79;ae199846-f8f2-4f4b-998d-ea5f88b6a520;new_meeting;📅 Meeting Baru Dijadwalkan;"Meeting ""Meet dengan Pak Edhi"" dijadwalkan pada 2026-04-27 pukul 14:00:00.";/timeline;true;"{""meetingDate"":""2026-04-27"",""meetingTitle"":""Meet dengan Pak Edhi"",""projectId"":null}";2026-04-27 03:05:59.506523+00
9b94d3d4-54a5-49db-96ed-1bf19d1800cf;b09bb10d-6bf2-4001-8029-6eb6235ecc52;new_meeting;📅 Meeting Baru Dijadwalkan;"Meeting ""Review dan Finalisasi Alur Surveilans Antimikroba berbasis IT presentasi dari IPSTI"" dijadwalkan pada 2026-05-08 pukul 10:30:00.";/timeline;false;"{""meetingDate"":""2026-05-08"",""meetingTitle"":""Review dan Finalisasi Alur Surveilans Antimikroba berbasis IT presentasi dari IPSTI"",""projectId"":null}";2026-05-05 01:21:36.335087+00
3300959c-6bba-4624-a121-bbd79ade7aa3;9cdd2ef8-9811-4ba9-9d19-12e599da16df;new_meeting;📅 Meeting Baru Dijadwalkan;"Meeting ""Review dan Finalisasi Alur Surveilans Antimikroba berbasis IT presentasi dari IPSTI"" dijadwalkan pada 2026-05-08 pukul 10:30:00.";/timeline;false;"{""meetingDate"":""2026-05-08"",""meetingTitle"":""Review dan Finalisasi Alur Surveilans Antimikroba berbasis IT presentasi dari IPSTI"",""projectId"":null}";2026-05-05 01:21:37.207118+00
7c62302f-f7ab-4ce4-b625-3030d46d480b;3d2d7772-2bc6-424c-aada-e31e8edef8d0;new_meeting;📅 Meeting Baru Dijadwalkan;"Meeting ""Review dan Finalisasi Alur Surveilans Antimikroba berbasis IT presentasi dari IPSTI"" dijadwalkan pada 2026-05-08 pukul 10:30:00.";/timeline;false;"{""meetingDate"":""2026-05-08"",""meetingTitle"":""Review dan Finalisasi Alur Surveilans Antimikroba berbasis IT presentasi dari IPSTI"",""projectId"":null}";2026-05-05 01:21:37.919513+00
be856363-980c-4de0-9ad7-c47716923206;ab1cfc35-47bb-41f6-9640-a2c55e70c2b2;new_meeting;📅 Meeting Baru Dijadwalkan;"Meeting ""Review dan Finalisasi Alur Surveilans Antimikroba berbasis IT presentasi dari IPSTI"" dijadwalkan pada 2026-05-08 pukul 10:30:00.";/timeline;false;"{""meetingDate"":""2026-05-08"",""meetingTitle"":""Review dan Finalisasi Alur Surveilans Antimikroba berbasis IT presentasi dari IPSTI"",""projectId"":null}";2026-05-05 01:21:38.676618+00
13567620-de09-4ed8-8a90-98d7690d6fdf;44366c00-c707-46e9-bc25-a6e0009a77b0;new_meeting;📅 Meeting Baru Dijadwalkan;"Meeting ""Review dan Finalisasi Alur Surveilans Antimikroba berbasis IT presentasi dari IPSTI"" dijadwalkan pada 2026-05-08 pukul 10:30:00.";/timeline;false;"{""meetingDate"":""2026-05-08"",""meetingTitle"":""Review dan Finalisasi Alur Surveilans Antimikroba berbasis IT presentasi dari IPSTI"",""projectId"":null}";2026-05-05 01:21:40.120221+00
cdad9df5-1a4c-418b-bf9e-6f5b0f3805fd;29fb61f4-2fba-45eb-ac0b-c31e1beba126;new_meeting;📅 Meeting Baru Dijadwalkan;"Meeting ""Review dan Finalisasi Alur Surveilans Antimikroba berbasis IT presentasi dari IPSTI"" dijadwalkan pada 2026-05-08 pukul 10:30:00.";/timeline;false;"{""meetingDate"":""2026-05-08"",""meetingTitle"":""Review dan Finalisasi Alur Surveilans Antimikroba berbasis IT presentasi dari IPSTI"",""projectId"":null}";2026-05-05 01:21:40.855284+00
99404fb1-5c42-400a-bb30-256ec81fe334;b09bb10d-6bf2-4001-8029-6eb6235ecc52;new_meeting;📅 Meeting Baru Dijadwalkan;"Meeting ""Ureq Infra Mandiri Matrica"" dijadwalkan pada 2026-05-05 pukul 13:00:00.";/project/efb258e2-81b3-4c8b-95ae-c976879891b4;false;"{""meetingDate"":""2026-05-05"",""meetingTitle"":""Ureq Infra Mandiri Matrica"",""projectId"":""efb258e2-81b3-4c8b-95ae-c976879891b4""}";2026-05-05 01:23:14.674591+00
7daa8a29-5ee0-4b0d-a595-1dcb4e9b6c30;9cdd2ef8-9811-4ba9-9d19-12e599da16df;new_meeting;📅 Meeting Baru Dijadwalkan;"Meeting ""Ureq Infra Mandiri Matrica"" dijadwalkan pada 2026-05-05 pukul 13:00:00.";/project/efb258e2-81b3-4c8b-95ae-c976879891b4;false;"{""meetingDate"":""2026-05-05"",""meetingTitle"":""Ureq Infra Mandiri Matrica"",""projectId"":""efb258e2-81b3-4c8b-95ae-c976879891b4""}";2026-05-05 01:23:15.475608+00
0d66e55c-0d0a-4f22-bd03-b44d2846a096;3d2d7772-2bc6-424c-aada-e31e8edef8d0;new_meeting;📅 Meeting Baru Dijadwalkan;"Meeting ""Ureq Infra Mandiri Matrica"" dijadwalkan pada 2026-05-05 pukul 13:00:00.";/project/efb258e2-81b3-4c8b-95ae-c976879891b4;false;"{""meetingDate"":""2026-05-05"",""meetingTitle"":""Ureq Infra Mandiri Matrica"",""projectId"":""efb258e2-81b3-4c8b-95ae-c976879891b4""}";2026-05-05 01:23:16.255327+00
32a8557f-03d9-444b-8bc6-54e7baad54e4;ab1cfc35-47bb-41f6-9640-a2c55e70c2b2;new_meeting;📅 Meeting Baru Dijadwalkan;"Meeting ""Ureq Infra Mandiri Matrica"" dijadwalkan pada 2026-05-05 pukul 13:00:00.";/project/efb258e2-81b3-4c8b-95ae-c976879891b4;false;"{""meetingDate"":""2026-05-05"",""meetingTitle"":""Ureq Infra Mandiri Matrica"",""projectId"":""efb258e2-81b3-4c8b-95ae-c976879891b4""}";2026-05-05 01:23:17.028174+00
ee9afc4b-7c01-4413-baa2-de8ca6e878af;44366c00-c707-46e9-bc25-a6e0009a77b0;new_meeting;📅 Meeting Baru Dijadwalkan;"Meeting ""Ureq Infra Mandiri Matrica"" dijadwalkan pada 2026-05-05 pukul 13:00:00.";/project/efb258e2-81b3-4c8b-95ae-c976879891b4;false;"{""meetingDate"":""2026-05-05"",""meetingTitle"":""Ureq Infra Mandiri Matrica"",""projectId"":""efb258e2-81b3-4c8b-95ae-c976879891b4""}";2026-05-05 01:23:18.493377+00
990cadea-9351-4bdd-b10c-c39781c265b1;29fb61f4-2fba-45eb-ac0b-c31e1beba126;new_meeting;📅 Meeting Baru Dijadwalkan;"Meeting ""Ureq Infra Mandiri Matrica"" dijadwalkan pada 2026-05-05 pukul 13:00:00.";/project/efb258e2-81b3-4c8b-95ae-c976879891b4;false;"{""meetingDate"":""2026-05-05"",""meetingTitle"":""Ureq Infra Mandiri Matrica"",""projectId"":""efb258e2-81b3-4c8b-95ae-c976879891b4""}";2026-05-05 01:23:19.24145+00
4f4899fd-35a8-4dd7-87a8-ae132a656365;b09bb10d-6bf2-4001-8029-6eb6235ecc52;new_meeting;📅 Meeting Baru Dijadwalkan;"Meeting ""Pembahasan Kamus KPI BTP Tahun 2026"" dijadwalkan pada 2026-05-07 pukul 09:00:00.";/timeline;false;"{""meetingDate"":""2026-05-07"",""meetingTitle"":""Pembahasan Kamus KPI BTP Tahun 2026"",""projectId"":null}";2026-05-05 01:25:00.307999+00
062d6b31-258a-4bd8-9e37-97d1715fd096;9cdd2ef8-9811-4ba9-9d19-12e599da16df;new_meeting;📅 Meeting Baru Dijadwalkan;"Meeting ""Pembahasan Kamus KPI BTP Tahun 2026"" dijadwalkan pada 2026-05-07 pukul 09:00:00.";/timeline;false;"{""meetingDate"":""2026-05-07"",""meetingTitle"":""Pembahasan Kamus KPI BTP Tahun 2026"",""projectId"":null}";2026-05-05 01:25:01.129364+00
ad20a085-6bef-492b-8906-36893349a0d3;3d2d7772-2bc6-424c-aada-e31e8edef8d0;new_meeting;📅 Meeting Baru Dijadwalkan;"Meeting ""Pembahasan Kamus KPI BTP Tahun 2026"" dijadwalkan pada 2026-05-07 pukul 09:00:00.";/timeline;false;"{""meetingDate"":""2026-05-07"",""meetingTitle"":""Pembahasan Kamus KPI BTP Tahun 2026"",""projectId"":null}";2026-05-05 01:25:01.906841+00
e506606c-67cc-4e7a-96a2-5aa435f86ba4;ab1cfc35-47bb-41f6-9640-a2c55e70c2b2;new_meeting;📅 Meeting Baru Dijadwalkan;"Meeting ""Pembahasan Kamus KPI BTP Tahun 2026"" dijadwalkan pada 2026-05-07 pukul 09:00:00.";/timeline;false;"{""meetingDate"":""2026-05-07"",""meetingTitle"":""Pembahasan Kamus KPI BTP Tahun 2026"",""projectId"":null}";2026-05-05 01:25:02.640257+00
a19dd81e-eee9-4e7e-9aea-181d9d68b3d5;ae199846-f8f2-4f4b-998d-ea5f88b6a520;new_meeting;📅 Meeting Baru Dijadwalkan;"Meeting ""Review dan Finalisasi Alur Surveilans Antimikroba berbasis IT presentasi dari IPSTI"" dijadwalkan pada 2026-05-08 pukul 10:30:00.";/timeline;true;"{""meetingDate"":""2026-05-08"",""meetingTitle"":""Review dan Finalisasi Alur Surveilans Antimikroba berbasis IT presentasi dari IPSTI"",""projectId"":null}";2026-05-05 01:21:41.558145+00
ebd3bcd9-56ae-4cde-9904-e042fdc6a5c9;ae199846-f8f2-4f4b-998d-ea5f88b6a520;new_meeting;📅 Meeting Baru Dijadwalkan;"Meeting ""Ureq Infra Mandiri Matrica"" dijadwalkan pada 2026-05-05 pukul 13:00:00.";/project/efb258e2-81b3-4c8b-95ae-c976879891b4;true;"{""meetingDate"":""2026-05-05"",""meetingTitle"":""Ureq Infra Mandiri Matrica"",""projectId"":""efb258e2-81b3-4c8b-95ae-c976879891b4""}";2026-05-05 01:23:19.961332+00
faaf1da4-24c1-4c0d-ac98-738de3cee347;44366c00-c707-46e9-bc25-a6e0009a77b0;new_meeting;📅 Meeting Baru Dijadwalkan;"Meeting ""Pembahasan Kamus KPI BTP Tahun 2026"" dijadwalkan pada 2026-05-07 pukul 09:00:00.";/timeline;false;"{""meetingDate"":""2026-05-07"",""meetingTitle"":""Pembahasan Kamus KPI BTP Tahun 2026"",""projectId"":null}";2026-05-05 01:25:04.117593+00
ff5b1258-7eca-4143-bb73-211bcfe6b75c;29fb61f4-2fba-45eb-ac0b-c31e1beba126;new_meeting;📅 Meeting Baru Dijadwalkan;"Meeting ""Pembahasan Kamus KPI BTP Tahun 2026"" dijadwalkan pada 2026-05-07 pukul 09:00:00.";/timeline;false;"{""meetingDate"":""2026-05-07"",""meetingTitle"":""Pembahasan Kamus KPI BTP Tahun 2026"",""projectId"":null}";2026-05-05 01:25:04.856496+00
69ead73f-8a5b-409e-89fa-36fce09845a3;f33e6211-8ffc-4be9-9e4b-848ce613bdc0;new_meeting;📅 Meeting Baru Dijadwalkan;"Meeting ""Pembahasan Kamus KPI BTP Tahun 2026"" dijadwalkan pada 2026-05-07 pukul 09:00:00.";/timeline;true;"{""meetingDate"":""2026-05-07"",""meetingTitle"":""Pembahasan Kamus KPI BTP Tahun 2026"",""projectId"":null}";2026-05-05 01:25:03.381333+00
57854519-d6c3-4a74-ad64-693360d19464;b09bb10d-6bf2-4001-8029-6eb6235ecc52;new_meeting;📅 Meeting Baru Dijadwalkan;"Meeting ""Rapat Tarif IVF"" dijadwalkan pada 2026-05-08 pukul 13:00:00.";/timeline;false;"{""meetingDate"":""2026-05-08"",""meetingTitle"":""Rapat Tarif IVF"",""projectId"":null}";2026-05-05 02:41:54.82619+00
a387feae-e85e-4ca0-8873-547cd7dd10f1;9cdd2ef8-9811-4ba9-9d19-12e599da16df;new_meeting;📅 Meeting Baru Dijadwalkan;"Meeting ""Rapat Tarif IVF"" dijadwalkan pada 2026-05-08 pukul 13:00:00.";/timeline;false;"{""meetingDate"":""2026-05-08"",""meetingTitle"":""Rapat Tarif IVF"",""projectId"":null}";2026-05-05 02:41:55.591494+00
2b3a81d0-5a5b-4d57-aa7e-cca170dde4c8;3d2d7772-2bc6-424c-aada-e31e8edef8d0;new_meeting;📅 Meeting Baru Dijadwalkan;"Meeting ""Rapat Tarif IVF"" dijadwalkan pada 2026-05-08 pukul 13:00:00.";/timeline;false;"{""meetingDate"":""2026-05-08"",""meetingTitle"":""Rapat Tarif IVF"",""projectId"":null}";2026-05-05 02:41:56.304353+00
a26484fe-e36b-4e40-bb41-7bda8c0ee8ab;ab1cfc35-47bb-41f6-9640-a2c55e70c2b2;new_meeting;📅 Meeting Baru Dijadwalkan;"Meeting ""Rapat Tarif IVF"" dijadwalkan pada 2026-05-08 pukul 13:00:00.";/timeline;false;"{""meetingDate"":""2026-05-08"",""meetingTitle"":""Rapat Tarif IVF"",""projectId"":null}";2026-05-05 02:41:57.054354+00
53add1fd-83a4-4a95-b4dd-ae4624fe0712;44366c00-c707-46e9-bc25-a6e0009a77b0;new_meeting;📅 Meeting Baru Dijadwalkan;"Meeting ""Rapat Tarif IVF"" dijadwalkan pada 2026-05-08 pukul 13:00:00.";/timeline;false;"{""meetingDate"":""2026-05-08"",""meetingTitle"":""Rapat Tarif IVF"",""projectId"":null}";2026-05-05 02:41:58.467167+00
9ae58845-df4b-499f-9a0a-01d0599ef000;29fb61f4-2fba-45eb-ac0b-c31e1beba126;new_meeting;📅 Meeting Baru Dijadwalkan;"Meeting ""Rapat Tarif IVF"" dijadwalkan pada 2026-05-08 pukul 13:00:00.";/timeline;false;"{""meetingDate"":""2026-05-08"",""meetingTitle"":""Rapat Tarif IVF"",""projectId"":null}";2026-05-05 02:41:59.166155+00
7007b743-fa47-44b3-815a-0c16b6093931;b09bb10d-6bf2-4001-8029-6eb6235ecc52;new_meeting;📅 Meeting Baru Dijadwalkan;"Meeting ""Keamanan jaringan dengan BSSN"" dijadwalkan pada 2026-05-05 pukul 09:00:00.";/timeline;false;"{""meetingDate"":""2026-05-05"",""meetingTitle"":""Keamanan jaringan dengan BSSN"",""projectId"":null}";2026-05-05 02:42:54.491241+00
b5c73e01-20df-451a-bd53-f409da52fe7f;9cdd2ef8-9811-4ba9-9d19-12e599da16df;new_meeting;📅 Meeting Baru Dijadwalkan;"Meeting ""Keamanan jaringan dengan BSSN"" dijadwalkan pada 2026-05-05 pukul 09:00:00.";/timeline;false;"{""meetingDate"":""2026-05-05"",""meetingTitle"":""Keamanan jaringan dengan BSSN"",""projectId"":null}";2026-05-05 02:42:55.285544+00
8908e2d4-f474-4751-8f18-34eef6f6622b;3d2d7772-2bc6-424c-aada-e31e8edef8d0;new_meeting;📅 Meeting Baru Dijadwalkan;"Meeting ""Keamanan jaringan dengan BSSN"" dijadwalkan pada 2026-05-05 pukul 09:00:00.";/timeline;false;"{""meetingDate"":""2026-05-05"",""meetingTitle"":""Keamanan jaringan dengan BSSN"",""projectId"":null}";2026-05-05 02:42:56.052634+00
1350c168-ac5d-4060-8f2e-942e257d6627;ab1cfc35-47bb-41f6-9640-a2c55e70c2b2;new_meeting;📅 Meeting Baru Dijadwalkan;"Meeting ""Keamanan jaringan dengan BSSN"" dijadwalkan pada 2026-05-05 pukul 09:00:00.";/timeline;false;"{""meetingDate"":""2026-05-05"",""meetingTitle"":""Keamanan jaringan dengan BSSN"",""projectId"":null}";2026-05-05 02:42:56.804811+00
dce3ff22-0ec0-4bbf-b982-2190b4d2cdb3;44366c00-c707-46e9-bc25-a6e0009a77b0;new_meeting;📅 Meeting Baru Dijadwalkan;"Meeting ""Keamanan jaringan dengan BSSN"" dijadwalkan pada 2026-05-05 pukul 09:00:00.";/timeline;false;"{""meetingDate"":""2026-05-05"",""meetingTitle"":""Keamanan jaringan dengan BSSN"",""projectId"":null}";2026-05-05 02:42:58.351951+00
fde07615-0777-4947-bacc-9cde15bf2185;29fb61f4-2fba-45eb-ac0b-c31e1beba126;new_meeting;📅 Meeting Baru Dijadwalkan;"Meeting ""Keamanan jaringan dengan BSSN"" dijadwalkan pada 2026-05-05 pukul 09:00:00.";/timeline;false;"{""meetingDate"":""2026-05-05"",""meetingTitle"":""Keamanan jaringan dengan BSSN"",""projectId"":null}";2026-05-05 02:42:59.243913+00
b05b9ebd-9589-42f9-86ab-cb261bbc497b;f33e6211-8ffc-4be9-9e4b-848ce613bdc0;new_meeting;📅 Meeting Baru Dijadwalkan;"Meeting ""Review dan Finalisasi Alur Surveilans Antimikroba berbasis IT presentasi dari IPSTI"" dijadwalkan pada 2026-05-08 pukul 10:30:00.";/timeline;true;"{""meetingDate"":""2026-05-08"",""meetingTitle"":""Review dan Finalisasi Alur Surveilans Antimikroba berbasis IT presentasi dari IPSTI"",""projectId"":null}";2026-05-05 01:21:39.389268+00
494e679d-022d-4cb6-82b0-61e9f3c87ae1;f33e6211-8ffc-4be9-9e4b-848ce613bdc0;new_meeting;📅 Meeting Baru Dijadwalkan;"Meeting ""Ureq Infra Mandiri Matrica"" dijadwalkan pada 2026-05-05 pukul 13:00:00.";/project/efb258e2-81b3-4c8b-95ae-c976879891b4;true;"{""meetingDate"":""2026-05-05"",""meetingTitle"":""Ureq Infra Mandiri Matrica"",""projectId"":""efb258e2-81b3-4c8b-95ae-c976879891b4""}";2026-05-05 01:23:17.753426+00
8cc4d6c8-7cbb-458b-9c04-b240b308e9a6;f33e6211-8ffc-4be9-9e4b-848ce613bdc0;new_meeting;📅 Meeting Baru Dijadwalkan;"Meeting ""Rapat Tarif IVF"" dijadwalkan pada 2026-05-08 pukul 13:00:00.";/timeline;true;"{""meetingDate"":""2026-05-08"",""meetingTitle"":""Rapat Tarif IVF"",""projectId"":null}";2026-05-05 02:41:57.778116+00
bb1c2546-7ee7-4c74-8d37-502f81d28f59;f33e6211-8ffc-4be9-9e4b-848ce613bdc0;new_meeting;📅 Meeting Baru Dijadwalkan;"Meeting ""Keamanan jaringan dengan BSSN"" dijadwalkan pada 2026-05-05 pukul 09:00:00.";/timeline;true;"{""meetingDate"":""2026-05-05"",""meetingTitle"":""Keamanan jaringan dengan BSSN"",""projectId"":null}";2026-05-05 02:42:57.591193+00
1345846b-025f-41ed-bd44-b40fe9100e0c;b09bb10d-6bf2-4001-8029-6eb6235ecc52;meeting_reminder;⏰ Reminder Meeting;"Meeting ""Ureq Infra Mandiri Matrica"" akan dilaksanakan hari ini.";/project/efb258e2-81b3-4c8b-95ae-c976879891b4;false;"{""meetingDate"":""2026-05-05"",""meetingTitle"":""Ureq Infra Mandiri Matrica"",""projectId"":""efb258e2-81b3-4c8b-95ae-c976879891b4""}";2026-05-05 07:00:06.010198+00
c7c95de5-4c86-468c-a8de-b87a613ad3a3;9cdd2ef8-9811-4ba9-9d19-12e599da16df;meeting_reminder;⏰ Reminder Meeting;"Meeting ""Ureq Infra Mandiri Matrica"" akan dilaksanakan hari ini.";/project/efb258e2-81b3-4c8b-95ae-c976879891b4;false;"{""meetingDate"":""2026-05-05"",""meetingTitle"":""Ureq Infra Mandiri Matrica"",""projectId"":""efb258e2-81b3-4c8b-95ae-c976879891b4""}";2026-05-05 07:00:07.353449+00
06c6bbc8-cab1-4b90-89c1-ba728cf57ce5;3d2d7772-2bc6-424c-aada-e31e8edef8d0;meeting_reminder;⏰ Reminder Meeting;"Meeting ""Ureq Infra Mandiri Matrica"" akan dilaksanakan hari ini.";/project/efb258e2-81b3-4c8b-95ae-c976879891b4;false;"{""meetingDate"":""2026-05-05"",""meetingTitle"":""Ureq Infra Mandiri Matrica"",""projectId"":""efb258e2-81b3-4c8b-95ae-c976879891b4""}";2026-05-05 07:00:07.706968+00
0fbbb895-39c7-4e75-a119-e426f7b1c515;ab1cfc35-47bb-41f6-9640-a2c55e70c2b2;meeting_reminder;⏰ Reminder Meeting;"Meeting ""Ureq Infra Mandiri Matrica"" akan dilaksanakan hari ini.";/project/efb258e2-81b3-4c8b-95ae-c976879891b4;false;"{""meetingDate"":""2026-05-05"",""meetingTitle"":""Ureq Infra Mandiri Matrica"",""projectId"":""efb258e2-81b3-4c8b-95ae-c976879891b4""}";2026-05-05 07:00:08.998885+00
fdad9ac6-1178-44e3-8cf0-f49bb9895c41;ae199846-f8f2-4f4b-998d-ea5f88b6a520;new_meeting;📅 Meeting Baru Dijadwalkan;"Meeting ""Pembahasan Kamus KPI BTP Tahun 2026"" dijadwalkan pada 2026-05-07 pukul 09:00:00.";/timeline;true;"{""meetingDate"":""2026-05-07"",""meetingTitle"":""Pembahasan Kamus KPI BTP Tahun 2026"",""projectId"":null}";2026-05-05 01:25:05.590373+00
5989609f-fcf0-4211-94df-782fd8c35a26;ae199846-f8f2-4f4b-998d-ea5f88b6a520;new_meeting;📅 Meeting Baru Dijadwalkan;"Meeting ""Rapat Tarif IVF"" dijadwalkan pada 2026-05-08 pukul 13:00:00.";/timeline;true;"{""meetingDate"":""2026-05-08"",""meetingTitle"":""Rapat Tarif IVF"",""projectId"":null}";2026-05-05 02:41:59.871351+00
b3065ae8-1d59-4761-921f-ea24a9d66521;44366c00-c707-46e9-bc25-a6e0009a77b0;meeting_reminder;⏰ Reminder Meeting;"Meeting ""Ureq Infra Mandiri Matrica"" akan dilaksanakan hari ini.";/project/efb258e2-81b3-4c8b-95ae-c976879891b4;false;"{""meetingDate"":""2026-05-05"",""meetingTitle"":""Ureq Infra Mandiri Matrica"",""projectId"":""efb258e2-81b3-4c8b-95ae-c976879891b4""}";2026-05-05 07:00:11.012768+00
41231fe6-8e47-495d-933e-00892b15236f;29fb61f4-2fba-45eb-ac0b-c31e1beba126;meeting_reminder;⏰ Reminder Meeting;"Meeting ""Ureq Infra Mandiri Matrica"" akan dilaksanakan hari ini.";/project/efb258e2-81b3-4c8b-95ae-c976879891b4;false;"{""meetingDate"":""2026-05-05"",""meetingTitle"":""Ureq Infra Mandiri Matrica"",""projectId"":""efb258e2-81b3-4c8b-95ae-c976879891b4""}";2026-05-05 07:00:11.735572+00
4d5af846-c8cf-4dab-b95c-53fb033979bb;b09bb10d-6bf2-4001-8029-6eb6235ecc52;meeting_reminder;⏰ Reminder Meeting;"Meeting ""Keamanan jaringan dengan BSSN"" akan dilaksanakan hari ini.";/timeline;false;"{""meetingDate"":""2026-05-05"",""meetingTitle"":""Keamanan jaringan dengan BSSN"",""projectId"":null}";2026-05-05 07:00:12.716533+00
6a72aa76-c130-4d47-9833-4ff6f97fc4bb;9cdd2ef8-9811-4ba9-9d19-12e599da16df;meeting_reminder;⏰ Reminder Meeting;"Meeting ""Keamanan jaringan dengan BSSN"" akan dilaksanakan hari ini.";/timeline;false;"{""meetingDate"":""2026-05-05"",""meetingTitle"":""Keamanan jaringan dengan BSSN"",""projectId"":null}";2026-05-05 07:00:13.044299+00
3f8276d7-2239-430c-b64e-a140a8b812a9;3d2d7772-2bc6-424c-aada-e31e8edef8d0;meeting_reminder;⏰ Reminder Meeting;"Meeting ""Keamanan jaringan dengan BSSN"" akan dilaksanakan hari ini.";/timeline;false;"{""meetingDate"":""2026-05-05"",""meetingTitle"":""Keamanan jaringan dengan BSSN"",""projectId"":null}";2026-05-05 07:00:13.373741+00
f7285bb0-00aa-4982-b5b8-550eec8f6b23;ab1cfc35-47bb-41f6-9640-a2c55e70c2b2;meeting_reminder;⏰ Reminder Meeting;"Meeting ""Keamanan jaringan dengan BSSN"" akan dilaksanakan hari ini.";/timeline;false;"{""meetingDate"":""2026-05-05"",""meetingTitle"":""Keamanan jaringan dengan BSSN"",""projectId"":null}";2026-05-05 07:00:14.001543+00
26813eb1-7f01-4cc3-a341-401bb9f07142;44366c00-c707-46e9-bc25-a6e0009a77b0;meeting_reminder;⏰ Reminder Meeting;"Meeting ""Keamanan jaringan dengan BSSN"" akan dilaksanakan hari ini.";/timeline;false;"{""meetingDate"":""2026-05-05"",""meetingTitle"":""Keamanan jaringan dengan BSSN"",""projectId"":null}";2026-05-05 07:00:14.55724+00
6252b934-8a30-4540-b22f-fc59a5b54a20;29fb61f4-2fba-45eb-ac0b-c31e1beba126;meeting_reminder;⏰ Reminder Meeting;"Meeting ""Keamanan jaringan dengan BSSN"" akan dilaksanakan hari ini.";/timeline;false;"{""meetingDate"":""2026-05-05"",""meetingTitle"":""Keamanan jaringan dengan BSSN"",""projectId"":null}";2026-05-05 07:00:14.845745+00
1ce19328-b0c2-4dd8-a741-b01d7e72ed84;b09bb10d-6bf2-4001-8029-6eb6235ecc52;meeting_reminder;⏰ Reminder Meeting;"Meeting ""Pembahasan Kamus KPI BTP Tahun 2026"" akan dilaksanakan dalam 1 hari.";/timeline;false;"{""meetingDate"":""2026-05-07"",""meetingTitle"":""Pembahasan Kamus KPI BTP Tahun 2026"",""projectId"":null}";2026-05-06 07:00:07.499692+00
ab5a3469-e2f6-4ad0-98ec-05a03142c9e5;9cdd2ef8-9811-4ba9-9d19-12e599da16df;meeting_reminder;⏰ Reminder Meeting;"Meeting ""Pembahasan Kamus KPI BTP Tahun 2026"" akan dilaksanakan dalam 1 hari.";/timeline;false;"{""meetingDate"":""2026-05-07"",""meetingTitle"":""Pembahasan Kamus KPI BTP Tahun 2026"",""projectId"":null}";2026-05-06 07:00:11.945661+00
252f51d6-5a8c-49cd-b9e7-211ab10f3cbd;3d2d7772-2bc6-424c-aada-e31e8edef8d0;meeting_reminder;⏰ Reminder Meeting;"Meeting ""Pembahasan Kamus KPI BTP Tahun 2026"" akan dilaksanakan dalam 1 hari.";/timeline;false;"{""meetingDate"":""2026-05-07"",""meetingTitle"":""Pembahasan Kamus KPI BTP Tahun 2026"",""projectId"":null}";2026-05-06 07:00:12.559036+00
ee8183d7-cdcf-4279-bee5-cd074e9f5e33;ab1cfc35-47bb-41f6-9640-a2c55e70c2b2;meeting_reminder;⏰ Reminder Meeting;"Meeting ""Pembahasan Kamus KPI BTP Tahun 2026"" akan dilaksanakan dalam 1 hari.";/timeline;false;"{""meetingDate"":""2026-05-07"",""meetingTitle"":""Pembahasan Kamus KPI BTP Tahun 2026"",""projectId"":null}";2026-05-06 07:00:13.159708+00
20982c4a-110e-49f8-a278-d81eacc79d70;44366c00-c707-46e9-bc25-a6e0009a77b0;meeting_reminder;⏰ Reminder Meeting;"Meeting ""Pembahasan Kamus KPI BTP Tahun 2026"" akan dilaksanakan dalam 1 hari.";/timeline;false;"{""meetingDate"":""2026-05-07"",""meetingTitle"":""Pembahasan Kamus KPI BTP Tahun 2026"",""projectId"":null}";2026-05-06 07:00:13.805718+00
db9c1c2e-3291-4f28-8922-4735154a666d;29fb61f4-2fba-45eb-ac0b-c31e1beba126;meeting_reminder;⏰ Reminder Meeting;"Meeting ""Pembahasan Kamus KPI BTP Tahun 2026"" akan dilaksanakan dalam 1 hari.";/timeline;false;"{""meetingDate"":""2026-05-07"",""meetingTitle"":""Pembahasan Kamus KPI BTP Tahun 2026"",""projectId"":null}";2026-05-06 07:00:14.080938+00
2d2f3343-b451-4a39-819e-f966645f4f34;b09bb10d-6bf2-4001-8029-6eb6235ecc52;meeting_reminder;⏰ Reminder Meeting;"Meeting ""Review dan Finalisasi Alur Surveilans Antimikroba berbasis IT presentasi dari IPSTI"" akan dilaksanakan dalam 1 hari.";/timeline;false;"{""meetingDate"":""2026-05-08"",""meetingTitle"":""Review dan Finalisasi Alur Surveilans Antimikroba berbasis IT presentasi dari IPSTI"",""projectId"":null}";2026-05-07 07:00:07.124978+00
9e8d7507-0232-4726-a5b3-08802f16f1c8;9cdd2ef8-9811-4ba9-9d19-12e599da16df;meeting_reminder;⏰ Reminder Meeting;"Meeting ""Review dan Finalisasi Alur Surveilans Antimikroba berbasis IT presentasi dari IPSTI"" akan dilaksanakan dalam 1 hari.";/timeline;false;"{""meetingDate"":""2026-05-08"",""meetingTitle"":""Review dan Finalisasi Alur Surveilans Antimikroba berbasis IT presentasi dari IPSTI"",""projectId"":null}";2026-05-07 07:00:08.499875+00
ccba8f9b-7953-4754-be31-939a91d67a58;3d2d7772-2bc6-424c-aada-e31e8edef8d0;meeting_reminder;⏰ Reminder Meeting;"Meeting ""Review dan Finalisasi Alur Surveilans Antimikroba berbasis IT presentasi dari IPSTI"" akan dilaksanakan dalam 1 hari.";/timeline;false;"{""meetingDate"":""2026-05-08"",""meetingTitle"":""Review dan Finalisasi Alur Surveilans Antimikroba berbasis IT presentasi dari IPSTI"",""projectId"":null}";2026-05-07 07:00:09.885458+00
728fcd4a-4d4e-4335-bbf1-b54865a0bf89;ab1cfc35-47bb-41f6-9640-a2c55e70c2b2;meeting_reminder;⏰ Reminder Meeting;"Meeting ""Review dan Finalisasi Alur Surveilans Antimikroba berbasis IT presentasi dari IPSTI"" akan dilaksanakan dalam 1 hari.";/timeline;false;"{""meetingDate"":""2026-05-08"",""meetingTitle"":""Review dan Finalisasi Alur Surveilans Antimikroba berbasis IT presentasi dari IPSTI"",""projectId"":null}";2026-05-07 07:00:10.166184+00
32b91821-908f-4a3d-aebb-81864fbcbb48;29fb61f4-2fba-45eb-ac0b-c31e1beba126;new_meeting;📅 Meeting Baru Dijadwalkan;"Meeting ""Evaluasi Unifikasi EHR-HIS"" dijadwalkan pada 2026-05-07 pukul 14:00:00.";/timeline;false;"{""meetingDate"":""2026-05-07"",""meetingTitle"":""Evaluasi Unifikasi EHR-HIS"",""projectId"":null}";2026-05-07 09:06:26.317171+00
5caff573-69b5-4ad5-888c-d055c6a55460;f33e6211-8ffc-4be9-9e4b-848ce613bdc0;meeting_reminder;⏰ Reminder Meeting;"Meeting ""Ureq Infra Mandiri Matrica"" akan dilaksanakan hari ini.";/project/efb258e2-81b3-4c8b-95ae-c976879891b4;true;"{""meetingDate"":""2026-05-05"",""meetingTitle"":""Ureq Infra Mandiri Matrica"",""projectId"":""efb258e2-81b3-4c8b-95ae-c976879891b4""}";2026-05-05 07:00:10.726911+00
5bf5fcbf-4ebf-4daa-acce-72e6d4aad7db;f33e6211-8ffc-4be9-9e4b-848ce613bdc0;meeting_reminder;⏰ Reminder Meeting;"Meeting ""Keamanan jaringan dengan BSSN"" akan dilaksanakan hari ini.";/timeline;true;"{""meetingDate"":""2026-05-05"",""meetingTitle"":""Keamanan jaringan dengan BSSN"",""projectId"":null}";2026-05-05 07:00:14.275454+00
45f95c8e-73ee-4758-8af0-be566b32e7f6;f33e6211-8ffc-4be9-9e4b-848ce613bdc0;meeting_reminder;⏰ Reminder Meeting;"Meeting ""Pembahasan Kamus KPI BTP Tahun 2026"" akan dilaksanakan dalam 1 hari.";/timeline;true;"{""meetingDate"":""2026-05-07"",""meetingTitle"":""Pembahasan Kamus KPI BTP Tahun 2026"",""projectId"":null}";2026-05-06 07:00:13.513429+00
de4acb0d-4802-4280-a6b7-e52186d799ae;44366c00-c707-46e9-bc25-a6e0009a77b0;meeting_reminder;⏰ Reminder Meeting;"Meeting ""Review dan Finalisasi Alur Surveilans Antimikroba berbasis IT presentasi dari IPSTI"" akan dilaksanakan dalam 1 hari.";/timeline;false;"{""meetingDate"":""2026-05-08"",""meetingTitle"":""Review dan Finalisasi Alur Surveilans Antimikroba berbasis IT presentasi dari IPSTI"",""projectId"":null}";2026-05-07 07:00:11.232185+00
3f2e8ad2-6055-4214-adb7-d478c9e6bcaf;29fb61f4-2fba-45eb-ac0b-c31e1beba126;meeting_reminder;⏰ Reminder Meeting;"Meeting ""Review dan Finalisasi Alur Surveilans Antimikroba berbasis IT presentasi dari IPSTI"" akan dilaksanakan dalam 1 hari.";/timeline;false;"{""meetingDate"":""2026-05-08"",""meetingTitle"":""Review dan Finalisasi Alur Surveilans Antimikroba berbasis IT presentasi dari IPSTI"",""projectId"":null}";2026-05-07 07:00:13.482572+00
a7030502-befc-4fd9-a319-c10fca0ff91d;b09bb10d-6bf2-4001-8029-6eb6235ecc52;meeting_reminder;⏰ Reminder Meeting;"Meeting ""Pembahasan Kamus KPI BTP Tahun 2026"" akan dilaksanakan hari ini.";/timeline;false;"{""meetingDate"":""2026-05-07"",""meetingTitle"":""Pembahasan Kamus KPI BTP Tahun 2026"",""projectId"":null}";2026-05-07 07:00:14.172748+00
3976f838-ccab-4723-92a6-f0b2a7595699;9cdd2ef8-9811-4ba9-9d19-12e599da16df;meeting_reminder;⏰ Reminder Meeting;"Meeting ""Pembahasan Kamus KPI BTP Tahun 2026"" akan dilaksanakan hari ini.";/timeline;false;"{""meetingDate"":""2026-05-07"",""meetingTitle"":""Pembahasan Kamus KPI BTP Tahun 2026"",""projectId"":null}";2026-05-07 07:00:14.440576+00
f770e728-4875-45b3-b69b-e1a88d1f4642;3d2d7772-2bc6-424c-aada-e31e8edef8d0;meeting_reminder;⏰ Reminder Meeting;"Meeting ""Pembahasan Kamus KPI BTP Tahun 2026"" akan dilaksanakan hari ini.";/timeline;false;"{""meetingDate"":""2026-05-07"",""meetingTitle"":""Pembahasan Kamus KPI BTP Tahun 2026"",""projectId"":null}";2026-05-07 07:00:14.693169+00
cfca7196-9587-4a88-8ba6-b61526cb6533;ab1cfc35-47bb-41f6-9640-a2c55e70c2b2;meeting_reminder;⏰ Reminder Meeting;"Meeting ""Pembahasan Kamus KPI BTP Tahun 2026"" akan dilaksanakan hari ini.";/timeline;false;"{""meetingDate"":""2026-05-07"",""meetingTitle"":""Pembahasan Kamus KPI BTP Tahun 2026"",""projectId"":null}";2026-05-07 07:00:14.954121+00
8a9a0e29-c6f3-41d8-beb5-4ec7e8fd8eee;44366c00-c707-46e9-bc25-a6e0009a77b0;meeting_reminder;⏰ Reminder Meeting;"Meeting ""Pembahasan Kamus KPI BTP Tahun 2026"" akan dilaksanakan hari ini.";/timeline;false;"{""meetingDate"":""2026-05-07"",""meetingTitle"":""Pembahasan Kamus KPI BTP Tahun 2026"",""projectId"":null}";2026-05-07 07:00:15.438788+00
f42939a1-97de-4486-a4a2-bc78e6d09c2f;29fb61f4-2fba-45eb-ac0b-c31e1beba126;meeting_reminder;⏰ Reminder Meeting;"Meeting ""Pembahasan Kamus KPI BTP Tahun 2026"" akan dilaksanakan hari ini.";/timeline;false;"{""meetingDate"":""2026-05-07"",""meetingTitle"":""Pembahasan Kamus KPI BTP Tahun 2026"",""projectId"":null}";2026-05-07 07:00:15.662809+00
ae3ad4f9-9754-4e8c-b4f7-abdaeb29500d;b09bb10d-6bf2-4001-8029-6eb6235ecc52;meeting_reminder;⏰ Reminder Meeting;"Meeting ""Rapat Tarif IVF"" akan dilaksanakan dalam 1 hari.";/timeline;false;"{""meetingDate"":""2026-05-08"",""meetingTitle"":""Rapat Tarif IVF"",""projectId"":null}";2026-05-07 07:00:16.393945+00
2d378cdd-87a4-474d-bf41-d312d0a0c212;9cdd2ef8-9811-4ba9-9d19-12e599da16df;meeting_reminder;⏰ Reminder Meeting;"Meeting ""Rapat Tarif IVF"" akan dilaksanakan dalam 1 hari.";/timeline;false;"{""meetingDate"":""2026-05-08"",""meetingTitle"":""Rapat Tarif IVF"",""projectId"":null}";2026-05-07 07:00:16.641702+00
72a26952-d1a7-4ffc-a210-13c2035ef1ac;3d2d7772-2bc6-424c-aada-e31e8edef8d0;meeting_reminder;⏰ Reminder Meeting;"Meeting ""Rapat Tarif IVF"" akan dilaksanakan dalam 1 hari.";/timeline;false;"{""meetingDate"":""2026-05-08"",""meetingTitle"":""Rapat Tarif IVF"",""projectId"":null}";2026-05-07 07:00:16.897917+00
e94e7485-4644-4110-854a-c61dd2a49324;ab1cfc35-47bb-41f6-9640-a2c55e70c2b2;meeting_reminder;⏰ Reminder Meeting;"Meeting ""Rapat Tarif IVF"" akan dilaksanakan dalam 1 hari.";/timeline;false;"{""meetingDate"":""2026-05-08"",""meetingTitle"":""Rapat Tarif IVF"",""projectId"":null}";2026-05-07 07:00:17.152021+00
4967d7d7-ef7b-48e0-9412-2baf2f75b8ee;44366c00-c707-46e9-bc25-a6e0009a77b0;meeting_reminder;⏰ Reminder Meeting;"Meeting ""Rapat Tarif IVF"" akan dilaksanakan dalam 1 hari.";/timeline;false;"{""meetingDate"":""2026-05-08"",""meetingTitle"":""Rapat Tarif IVF"",""projectId"":null}";2026-05-07 07:00:17.655799+00
ddc22cdb-1157-4a87-aa40-a302d5811b11;29fb61f4-2fba-45eb-ac0b-c31e1beba126;meeting_reminder;⏰ Reminder Meeting;"Meeting ""Rapat Tarif IVF"" akan dilaksanakan dalam 1 hari.";/timeline;false;"{""meetingDate"":""2026-05-08"",""meetingTitle"":""Rapat Tarif IVF"",""projectId"":null}";2026-05-07 07:00:17.90048+00
3746337e-9207-4220-b27e-b631263352d5;b09bb10d-6bf2-4001-8029-6eb6235ecc52;new_meeting;📅 Meeting Baru Dijadwalkan;"Meeting ""Evaluasi Unifikasi EHR-HIS"" dijadwalkan pada 2026-05-07 pukul 14:00:00.";/timeline;false;"{""meetingDate"":""2026-05-07"",""meetingTitle"":""Evaluasi Unifikasi EHR-HIS"",""projectId"":null}";2026-05-07 09:06:21.441965+00
edee684f-58cc-4551-839c-5a0f9aca0213;9cdd2ef8-9811-4ba9-9d19-12e599da16df;new_meeting;📅 Meeting Baru Dijadwalkan;"Meeting ""Evaluasi Unifikasi EHR-HIS"" dijadwalkan pada 2026-05-07 pukul 14:00:00.";/timeline;false;"{""meetingDate"":""2026-05-07"",""meetingTitle"":""Evaluasi Unifikasi EHR-HIS"",""projectId"":null}";2026-05-07 09:06:22.309529+00
201ddb5e-fd14-4380-b10b-af4d00e745fe;3d2d7772-2bc6-424c-aada-e31e8edef8d0;new_meeting;📅 Meeting Baru Dijadwalkan;"Meeting ""Evaluasi Unifikasi EHR-HIS"" dijadwalkan pada 2026-05-07 pukul 14:00:00.";/timeline;false;"{""meetingDate"":""2026-05-07"",""meetingTitle"":""Evaluasi Unifikasi EHR-HIS"",""projectId"":null}";2026-05-07 09:06:23.100492+00
6956ccec-05fc-4712-863f-0dbf58fdc38d;ab1cfc35-47bb-41f6-9640-a2c55e70c2b2;new_meeting;📅 Meeting Baru Dijadwalkan;"Meeting ""Evaluasi Unifikasi EHR-HIS"" dijadwalkan pada 2026-05-07 pukul 14:00:00.";/timeline;false;"{""meetingDate"":""2026-05-07"",""meetingTitle"":""Evaluasi Unifikasi EHR-HIS"",""projectId"":null}";2026-05-07 09:06:23.850539+00
b8795b6f-c7eb-454d-b92f-6ebc65d5ba6f;44366c00-c707-46e9-bc25-a6e0009a77b0;new_meeting;📅 Meeting Baru Dijadwalkan;"Meeting ""Evaluasi Unifikasi EHR-HIS"" dijadwalkan pada 2026-05-07 pukul 14:00:00.";/timeline;false;"{""meetingDate"":""2026-05-07"",""meetingTitle"":""Evaluasi Unifikasi EHR-HIS"",""projectId"":null}";2026-05-07 09:06:25.376278+00
5af37e62-a402-4b1a-8f78-5bcc79b8ec1b;f33e6211-8ffc-4be9-9e4b-848ce613bdc0;meeting_reminder;⏰ Reminder Meeting;"Meeting ""Review dan Finalisasi Alur Surveilans Antimikroba berbasis IT presentasi dari IPSTI"" akan dilaksanakan dalam 1 hari.";/timeline;true;"{""meetingDate"":""2026-05-08"",""meetingTitle"":""Review dan Finalisasi Alur Surveilans Antimikroba berbasis IT presentasi dari IPSTI"",""projectId"":null}";2026-05-07 07:00:10.927865+00
364164e2-25e4-4b20-8db6-7780e18274f1;f33e6211-8ffc-4be9-9e4b-848ce613bdc0;meeting_reminder;⏰ Reminder Meeting;"Meeting ""Pembahasan Kamus KPI BTP Tahun 2026"" akan dilaksanakan hari ini.";/timeline;true;"{""meetingDate"":""2026-05-07"",""meetingTitle"":""Pembahasan Kamus KPI BTP Tahun 2026"",""projectId"":null}";2026-05-07 07:00:15.197116+00
2e5ef2f6-faf6-4d00-9217-77248ce002c1;f33e6211-8ffc-4be9-9e4b-848ce613bdc0;meeting_reminder;⏰ Reminder Meeting;"Meeting ""Rapat Tarif IVF"" akan dilaksanakan dalam 1 hari.";/timeline;true;"{""meetingDate"":""2026-05-08"",""meetingTitle"":""Rapat Tarif IVF"",""projectId"":null}";2026-05-07 07:00:17.40312+00
79ee83a6-189d-46b5-9464-b246e49a0834;ae199846-f8f2-4f4b-998d-ea5f88b6a520;new_meeting;📅 Meeting Baru Dijadwalkan;"Meeting ""Keamanan jaringan dengan BSSN"" dijadwalkan pada 2026-05-05 pukul 09:00:00.";/timeline;true;"{""meetingDate"":""2026-05-05"",""meetingTitle"":""Keamanan jaringan dengan BSSN"",""projectId"":null}";2026-05-05 02:42:59.959237+00
2c6667ad-312e-4e73-930a-c14604854e2b;ae199846-f8f2-4f4b-998d-ea5f88b6a520;meeting_reminder;⏰ Reminder Meeting;"Meeting ""Ureq Infra Mandiri Matrica"" akan dilaksanakan hari ini.";/project/efb258e2-81b3-4c8b-95ae-c976879891b4;true;"{""meetingDate"":""2026-05-05"",""meetingTitle"":""Ureq Infra Mandiri Matrica"",""projectId"":""efb258e2-81b3-4c8b-95ae-c976879891b4""}";2026-05-05 07:00:12.123786+00
e146a50d-14e0-447c-a84d-7eb766e41372;ae199846-f8f2-4f4b-998d-ea5f88b6a520;meeting_reminder;⏰ Reminder Meeting;"Meeting ""Keamanan jaringan dengan BSSN"" akan dilaksanakan hari ini.";/timeline;true;"{""meetingDate"":""2026-05-05"",""meetingTitle"":""Keamanan jaringan dengan BSSN"",""projectId"":null}";2026-05-05 07:00:15.143747+00
8abdf7b5-5ea1-4f13-b090-6a6e814695d9;ae199846-f8f2-4f4b-998d-ea5f88b6a520;meeting_reminder;⏰ Reminder Meeting;"Meeting ""Pembahasan Kamus KPI BTP Tahun 2026"" akan dilaksanakan dalam 1 hari.";/timeline;true;"{""meetingDate"":""2026-05-07"",""meetingTitle"":""Pembahasan Kamus KPI BTP Tahun 2026"",""projectId"":null}";2026-05-06 07:00:14.500432+00
bc23d6b1-54b8-40f6-a2d2-9060e8cc8d27;ae199846-f8f2-4f4b-998d-ea5f88b6a520;meeting_reminder;⏰ Reminder Meeting;"Meeting ""Review dan Finalisasi Alur Surveilans Antimikroba berbasis IT presentasi dari IPSTI"" akan dilaksanakan dalam 1 hari.";/timeline;true;"{""meetingDate"":""2026-05-08"",""meetingTitle"":""Review dan Finalisasi Alur Surveilans Antimikroba berbasis IT presentasi dari IPSTI"",""projectId"":null}";2026-05-07 07:00:13.703339+00
2d3ddbd5-0055-4316-b4bf-8e2f12cca702;ae199846-f8f2-4f4b-998d-ea5f88b6a520;meeting_reminder;⏰ Reminder Meeting;"Meeting ""Pembahasan Kamus KPI BTP Tahun 2026"" akan dilaksanakan hari ini.";/timeline;true;"{""meetingDate"":""2026-05-07"",""meetingTitle"":""Pembahasan Kamus KPI BTP Tahun 2026"",""projectId"":null}";2026-05-07 07:00:15.88621+00
33a7d5d5-708f-4209-946f-94d5ef7539d5;ae199846-f8f2-4f4b-998d-ea5f88b6a520;meeting_reminder;⏰ Reminder Meeting;"Meeting ""Rapat Tarif IVF"" akan dilaksanakan dalam 1 hari.";/timeline;true;"{""meetingDate"":""2026-05-08"",""meetingTitle"":""Rapat Tarif IVF"",""projectId"":null}";2026-05-07 07:00:18.271452+00
42563167-b78e-40b2-aac5-a4a9f8aae648;ae199846-f8f2-4f4b-998d-ea5f88b6a520;new_meeting;📅 Meeting Baru Dijadwalkan;"Meeting ""Evaluasi Unifikasi EHR-HIS"" dijadwalkan pada 2026-05-07 pukul 14:00:00.";/timeline;true;"{""meetingDate"":""2026-05-07"",""meetingTitle"":""Evaluasi Unifikasi EHR-HIS"",""projectId"":null}";2026-05-07 09:06:27.082582+00
3b40d1a0-982f-4266-855b-91a9cff68d07;b09bb10d-6bf2-4001-8029-6eb6235ecc52;meeting_reminder;⏰ Reminder Meeting;"Meeting ""Review dan Finalisasi Alur Surveilans Antimikroba berbasis IT presentasi dari IPSTI"" akan dilaksanakan hari ini.";/timeline;false;"{""meetingDate"":""2026-05-08"",""meetingTitle"":""Review dan Finalisasi Alur Surveilans Antimikroba berbasis IT presentasi dari IPSTI"",""projectId"":null}";2026-05-08 07:00:07.350048+00
61a4880d-6d68-48e1-9cba-842a79b1326e;9cdd2ef8-9811-4ba9-9d19-12e599da16df;meeting_reminder;⏰ Reminder Meeting;"Meeting ""Review dan Finalisasi Alur Surveilans Antimikroba berbasis IT presentasi dari IPSTI"" akan dilaksanakan hari ini.";/timeline;false;"{""meetingDate"":""2026-05-08"",""meetingTitle"":""Review dan Finalisasi Alur Surveilans Antimikroba berbasis IT presentasi dari IPSTI"",""projectId"":null}";2026-05-08 07:00:11.714622+00
60a4482d-3714-4708-b756-9ac59d2cbeae;3d2d7772-2bc6-424c-aada-e31e8edef8d0;meeting_reminder;⏰ Reminder Meeting;"Meeting ""Review dan Finalisasi Alur Surveilans Antimikroba berbasis IT presentasi dari IPSTI"" akan dilaksanakan hari ini.";/timeline;false;"{""meetingDate"":""2026-05-08"",""meetingTitle"":""Review dan Finalisasi Alur Surveilans Antimikroba berbasis IT presentasi dari IPSTI"",""projectId"":null}";2026-05-08 07:00:12.067267+00
c7bdb8aa-4808-459f-be67-3ec19d30059d;ab1cfc35-47bb-41f6-9640-a2c55e70c2b2;meeting_reminder;⏰ Reminder Meeting;"Meeting ""Review dan Finalisasi Alur Surveilans Antimikroba berbasis IT presentasi dari IPSTI"" akan dilaksanakan hari ini.";/timeline;false;"{""meetingDate"":""2026-05-08"",""meetingTitle"":""Review dan Finalisasi Alur Surveilans Antimikroba berbasis IT presentasi dari IPSTI"",""projectId"":null}";2026-05-08 07:00:13.391306+00
4a07c842-0aed-4a69-b418-82eb50d79157;44366c00-c707-46e9-bc25-a6e0009a77b0;meeting_reminder;⏰ Reminder Meeting;"Meeting ""Review dan Finalisasi Alur Surveilans Antimikroba berbasis IT presentasi dari IPSTI"" akan dilaksanakan hari ini.";/timeline;false;"{""meetingDate"":""2026-05-08"",""meetingTitle"":""Review dan Finalisasi Alur Surveilans Antimikroba berbasis IT presentasi dari IPSTI"",""projectId"":null}";2026-05-08 07:00:14.171861+00
a93a34d9-e76c-4663-9fb3-57c929ab457b;29fb61f4-2fba-45eb-ac0b-c31e1beba126;meeting_reminder;⏰ Reminder Meeting;"Meeting ""Review dan Finalisasi Alur Surveilans Antimikroba berbasis IT presentasi dari IPSTI"" akan dilaksanakan hari ini.";/timeline;false;"{""meetingDate"":""2026-05-08"",""meetingTitle"":""Review dan Finalisasi Alur Surveilans Antimikroba berbasis IT presentasi dari IPSTI"",""projectId"":null}";2026-05-08 07:00:14.491508+00
0efb61c0-719f-4206-9279-7ed8ae027a1a;b09bb10d-6bf2-4001-8029-6eb6235ecc52;meeting_reminder;⏰ Reminder Meeting;"Meeting ""Rapat Tarif IVF"" akan dilaksanakan hari ini.";/timeline;false;"{""meetingDate"":""2026-05-08"",""meetingTitle"":""Rapat Tarif IVF"",""projectId"":null}";2026-05-08 07:00:15.474985+00
c4033c92-a9a5-4aa3-a1fe-d34c60c94af7;9cdd2ef8-9811-4ba9-9d19-12e599da16df;meeting_reminder;⏰ Reminder Meeting;"Meeting ""Rapat Tarif IVF"" akan dilaksanakan hari ini.";/timeline;false;"{""meetingDate"":""2026-05-08"",""meetingTitle"":""Rapat Tarif IVF"",""projectId"":null}";2026-05-08 07:00:16.990577+00
18c08700-9885-4f65-af2f-4bc7cf2be841;3d2d7772-2bc6-424c-aada-e31e8edef8d0;meeting_reminder;⏰ Reminder Meeting;"Meeting ""Rapat Tarif IVF"" akan dilaksanakan hari ini.";/timeline;false;"{""meetingDate"":""2026-05-08"",""meetingTitle"":""Rapat Tarif IVF"",""projectId"":null}";2026-05-08 07:00:17.942533+00
1793a117-83ce-491a-998b-eb11b88fa85e;ab1cfc35-47bb-41f6-9640-a2c55e70c2b2;meeting_reminder;⏰ Reminder Meeting;"Meeting ""Rapat Tarif IVF"" akan dilaksanakan hari ini.";/timeline;false;"{""meetingDate"":""2026-05-08"",""meetingTitle"":""Rapat Tarif IVF"",""projectId"":null}";2026-05-08 07:00:18.402323+00
bdb30afa-2151-4560-94fa-d3d49bdb1fbc;44366c00-c707-46e9-bc25-a6e0009a77b0;meeting_reminder;⏰ Reminder Meeting;"Meeting ""Rapat Tarif IVF"" akan dilaksanakan hari ini.";/timeline;false;"{""meetingDate"":""2026-05-08"",""meetingTitle"":""Rapat Tarif IVF"",""projectId"":null}";2026-05-08 07:00:20.125614+00
cdac6704-dcdc-4816-b238-64ca0e37f40d;29fb61f4-2fba-45eb-ac0b-c31e1beba126;meeting_reminder;⏰ Reminder Meeting;"Meeting ""Rapat Tarif IVF"" akan dilaksanakan hari ini.";/timeline;false;"{""meetingDate"":""2026-05-08"",""meetingTitle"":""Rapat Tarif IVF"",""projectId"":null}";2026-05-08 07:00:20.395425+00
961a76a0-abab-48b4-b559-b015ddb17da4;ae199846-f8f2-4f4b-998d-ea5f88b6a520;meeting_reminder;⏰ Reminder Meeting;"Meeting ""Rapat Tarif IVF"" akan dilaksanakan hari ini.";/timeline;true;"{""meetingDate"":""2026-05-08"",""meetingTitle"":""Rapat Tarif IVF"",""projectId"":null}";2026-05-08 07:00:20.673719+00
d914aff2-c4bf-4991-a73a-1064b5fcada9;f33e6211-8ffc-4be9-9e4b-848ce613bdc0;meeting_reminder;⏰ Reminder Meeting;"Meeting ""Review dan Finalisasi Alur Surveilans Antimikroba berbasis IT presentasi dari IPSTI"" akan dilaksanakan hari ini.";/timeline;true;"{""meetingDate"":""2026-05-08"",""meetingTitle"":""Review dan Finalisasi Alur Surveilans Antimikroba berbasis IT presentasi dari IPSTI"",""projectId"":null}";2026-05-08 07:00:13.882548+00
bf842fae-09ad-4df7-acb9-974541410869;f33e6211-8ffc-4be9-9e4b-848ce613bdc0;meeting_reminder;⏰ Reminder Meeting;"Meeting ""Rapat Tarif IVF"" akan dilaksanakan hari ini.";/timeline;true;"{""meetingDate"":""2026-05-08"",""meetingTitle"":""Rapat Tarif IVF"",""projectId"":null}";2026-05-08 07:00:18.706998+00
2289832f-3f9b-4bd2-81d5-edc216c9c4e5;ab1cfc35-47bb-41f6-9640-a2c55e70c2b2;new_meeting;📅 Meeting Baru Dijadwalkan;"Meeting ""Meet dengan kencana"" dijadwalkan pada 2026-05-20 pukul 10:30:00.";/timeline;false;"{""meetingDate"":""2026-05-20"",""meetingTitle"":""Meet dengan kencana"",""projectId"":null}";2026-05-19 03:50:56.442373+00
71cd9b14-6799-4fd5-9fc1-65642003df18;ae199846-f8f2-4f4b-998d-ea5f88b6a520;meeting_reminder;⏰ Reminder Meeting;"Meeting ""Review dan Finalisasi Alur Surveilans Antimikroba berbasis IT presentasi dari IPSTI"" akan dilaksanakan hari ini.";/timeline;true;"{""meetingDate"":""2026-05-08"",""meetingTitle"":""Review dan Finalisasi Alur Surveilans Antimikroba berbasis IT presentasi dari IPSTI"",""projectId"":null}";2026-05-08 07:00:14.829194+00
e9d4ba4e-2728-4e56-bc0c-fe5201f84457;b09bb10d-6bf2-4001-8029-6eb6235ecc52;new_meeting;📅 Meeting Baru Dijadwalkan;"Meeting ""Persiapan full HIS Rawat Inap semua aspek"" dijadwalkan pada 2026-05-20 pukul 13:30:00.";/project/d49f4fa5-bdf1-42f2-948f-ff11bec67b33;false;"{""meetingDate"":""2026-05-20"",""meetingTitle"":""Persiapan full HIS Rawat Inap semua aspek"",""projectId"":""d49f4fa5-bdf1-42f2-948f-ff11bec67b33""}";2026-05-18 09:07:10.931564+00
7079df91-05dd-4d4f-97a6-322d3b57da2d;9cdd2ef8-9811-4ba9-9d19-12e599da16df;new_meeting;📅 Meeting Baru Dijadwalkan;"Meeting ""Persiapan full HIS Rawat Inap semua aspek"" dijadwalkan pada 2026-05-20 pukul 13:30:00.";/project/d49f4fa5-bdf1-42f2-948f-ff11bec67b33;false;"{""meetingDate"":""2026-05-20"",""meetingTitle"":""Persiapan full HIS Rawat Inap semua aspek"",""projectId"":""d49f4fa5-bdf1-42f2-948f-ff11bec67b33""}";2026-05-18 09:07:11.697075+00
839d3ad6-4d15-4caa-9328-ee4f351fb418;3d2d7772-2bc6-424c-aada-e31e8edef8d0;new_meeting;📅 Meeting Baru Dijadwalkan;"Meeting ""Persiapan full HIS Rawat Inap semua aspek"" dijadwalkan pada 2026-05-20 pukul 13:30:00.";/project/d49f4fa5-bdf1-42f2-948f-ff11bec67b33;false;"{""meetingDate"":""2026-05-20"",""meetingTitle"":""Persiapan full HIS Rawat Inap semua aspek"",""projectId"":""d49f4fa5-bdf1-42f2-948f-ff11bec67b33""}";2026-05-18 09:07:12.408773+00
de620b79-1268-45f4-8f8c-a707f2a84e4e;ab1cfc35-47bb-41f6-9640-a2c55e70c2b2;new_meeting;📅 Meeting Baru Dijadwalkan;"Meeting ""Persiapan full HIS Rawat Inap semua aspek"" dijadwalkan pada 2026-05-20 pukul 13:30:00.";/project/d49f4fa5-bdf1-42f2-948f-ff11bec67b33;false;"{""meetingDate"":""2026-05-20"",""meetingTitle"":""Persiapan full HIS Rawat Inap semua aspek"",""projectId"":""d49f4fa5-bdf1-42f2-948f-ff11bec67b33""}";2026-05-18 09:07:13.098587+00
dbc38ee0-c5e9-4333-9702-3cc70ff7f7c3;44366c00-c707-46e9-bc25-a6e0009a77b0;new_meeting;📅 Meeting Baru Dijadwalkan;"Meeting ""Persiapan full HIS Rawat Inap semua aspek"" dijadwalkan pada 2026-05-20 pukul 13:30:00.";/project/d49f4fa5-bdf1-42f2-948f-ff11bec67b33;false;"{""meetingDate"":""2026-05-20"",""meetingTitle"":""Persiapan full HIS Rawat Inap semua aspek"",""projectId"":""d49f4fa5-bdf1-42f2-948f-ff11bec67b33""}";2026-05-18 09:07:14.713638+00
115def83-b2c5-4a7e-b1ec-9c9f4aa1bf9e;29fb61f4-2fba-45eb-ac0b-c31e1beba126;new_meeting;📅 Meeting Baru Dijadwalkan;"Meeting ""Persiapan full HIS Rawat Inap semua aspek"" dijadwalkan pada 2026-05-20 pukul 13:30:00.";/project/d49f4fa5-bdf1-42f2-948f-ff11bec67b33;false;"{""meetingDate"":""2026-05-20"",""meetingTitle"":""Persiapan full HIS Rawat Inap semua aspek"",""projectId"":""d49f4fa5-bdf1-42f2-948f-ff11bec67b33""}";2026-05-18 09:07:15.409657+00
61b9dfd5-bc75-453e-9999-75ab2d34d69b;f33e6211-8ffc-4be9-9e4b-848ce613bdc0;new_meeting;📅 Meeting Baru Dijadwalkan;"Meeting ""Evaluasi Unifikasi EHR-HIS"" dijadwalkan pada 2026-05-07 pukul 14:00:00.";/timeline;true;"{""meetingDate"":""2026-05-07"",""meetingTitle"":""Evaluasi Unifikasi EHR-HIS"",""projectId"":null}";2026-05-07 09:06:24.641141+00
421ca397-2efd-45f0-a172-897e83b688f0;f33e6211-8ffc-4be9-9e4b-848ce613bdc0;new_meeting;📅 Meeting Baru Dijadwalkan;"Meeting ""Persiapan full HIS Rawat Inap semua aspek"" dijadwalkan pada 2026-05-20 pukul 13:30:00.";/project/d49f4fa5-bdf1-42f2-948f-ff11bec67b33;true;"{""meetingDate"":""2026-05-20"",""meetingTitle"":""Persiapan full HIS Rawat Inap semua aspek"",""projectId"":""d49f4fa5-bdf1-42f2-948f-ff11bec67b33""}";2026-05-18 09:07:13.785425+00
e8b0f9f6-09fa-4c02-b744-78d48d9cf30c;b09bb10d-6bf2-4001-8029-6eb6235ecc52;new_meeting;📅 Meeting Baru Dijadwalkan;"Meeting ""Meet dengan Pak dirut bahas sistem jasmed"" dijadwalkan pada 2026-05-19 pukul 13:00:00.";/timeline;false;"{""meetingDate"":""2026-05-19"",""meetingTitle"":""Meet dengan Pak dirut bahas sistem jasmed"",""projectId"":null}";2026-05-19 03:49:30.137232+00
8fea07b4-b225-42a0-8e13-524fb10f920a;9cdd2ef8-9811-4ba9-9d19-12e599da16df;new_meeting;📅 Meeting Baru Dijadwalkan;"Meeting ""Meet dengan Pak dirut bahas sistem jasmed"" dijadwalkan pada 2026-05-19 pukul 13:00:00.";/timeline;false;"{""meetingDate"":""2026-05-19"",""meetingTitle"":""Meet dengan Pak dirut bahas sistem jasmed"",""projectId"":null}";2026-05-19 03:49:30.95223+00
824bace3-1c19-4e44-8adb-4598e3fd2083;3d2d7772-2bc6-424c-aada-e31e8edef8d0;new_meeting;📅 Meeting Baru Dijadwalkan;"Meeting ""Meet dengan Pak dirut bahas sistem jasmed"" dijadwalkan pada 2026-05-19 pukul 13:00:00.";/timeline;false;"{""meetingDate"":""2026-05-19"",""meetingTitle"":""Meet dengan Pak dirut bahas sistem jasmed"",""projectId"":null}";2026-05-19 03:49:32.046251+00
7679ee8b-551c-4967-8a9e-1ef35d494401;ab1cfc35-47bb-41f6-9640-a2c55e70c2b2;new_meeting;📅 Meeting Baru Dijadwalkan;"Meeting ""Meet dengan Pak dirut bahas sistem jasmed"" dijadwalkan pada 2026-05-19 pukul 13:00:00.";/timeline;false;"{""meetingDate"":""2026-05-19"",""meetingTitle"":""Meet dengan Pak dirut bahas sistem jasmed"",""projectId"":null}";2026-05-19 03:49:32.837626+00
b4735a39-ff82-4ad1-904f-96f2098af69c;44366c00-c707-46e9-bc25-a6e0009a77b0;new_meeting;📅 Meeting Baru Dijadwalkan;"Meeting ""Meet dengan Pak dirut bahas sistem jasmed"" dijadwalkan pada 2026-05-19 pukul 13:00:00.";/timeline;false;"{""meetingDate"":""2026-05-19"",""meetingTitle"":""Meet dengan Pak dirut bahas sistem jasmed"",""projectId"":null}";2026-05-19 03:49:34.261652+00
aedb034f-55fa-4290-aba3-a7a057efbd5f;29fb61f4-2fba-45eb-ac0b-c31e1beba126;new_meeting;📅 Meeting Baru Dijadwalkan;"Meeting ""Meet dengan Pak dirut bahas sistem jasmed"" dijadwalkan pada 2026-05-19 pukul 13:00:00.";/timeline;false;"{""meetingDate"":""2026-05-19"",""meetingTitle"":""Meet dengan Pak dirut bahas sistem jasmed"",""projectId"":null}";2026-05-19 03:49:34.99287+00
6c62e772-501a-4497-bc86-4e589fab2f6c;b09bb10d-6bf2-4001-8029-6eb6235ecc52;new_meeting;📅 Meeting Baru Dijadwalkan;"Meeting ""Meet dengan kencana"" dijadwalkan pada 2026-05-20 pukul 10:30:00.";/timeline;false;"{""meetingDate"":""2026-05-20"",""meetingTitle"":""Meet dengan kencana"",""projectId"":null}";2026-05-19 03:50:53.208226+00
df879e18-a6ff-4ece-8a17-3fdb6b05218b;9cdd2ef8-9811-4ba9-9d19-12e599da16df;new_meeting;📅 Meeting Baru Dijadwalkan;"Meeting ""Meet dengan kencana"" dijadwalkan pada 2026-05-20 pukul 10:30:00.";/timeline;false;"{""meetingDate"":""2026-05-20"",""meetingTitle"":""Meet dengan kencana"",""projectId"":null}";2026-05-19 03:50:54.748495+00
e70376e0-9055-497d-9ba0-e478efdb6129;3d2d7772-2bc6-424c-aada-e31e8edef8d0;new_meeting;📅 Meeting Baru Dijadwalkan;"Meeting ""Meet dengan kencana"" dijadwalkan pada 2026-05-20 pukul 10:30:00.";/timeline;false;"{""meetingDate"":""2026-05-20"",""meetingTitle"":""Meet dengan kencana"",""projectId"":null}";2026-05-19 03:50:55.683881+00
37ede40c-606b-4dd8-aa00-650cb0f68c9f;f33e6211-8ffc-4be9-9e4b-848ce613bdc0;new_meeting;📅 Meeting Baru Dijadwalkan;"Meeting ""Meet dengan Pak dirut bahas sistem jasmed"" dijadwalkan pada 2026-05-19 pukul 13:00:00.";/timeline;true;"{""meetingDate"":""2026-05-19"",""meetingTitle"":""Meet dengan Pak dirut bahas sistem jasmed"",""projectId"":null}";2026-05-19 03:49:33.567404+00
9494efc1-126b-434d-ab5c-42a101ae71d2;ae199846-f8f2-4f4b-998d-ea5f88b6a520;new_meeting;📅 Meeting Baru Dijadwalkan;"Meeting ""Persiapan full HIS Rawat Inap semua aspek"" dijadwalkan pada 2026-05-20 pukul 13:30:00.";/project/d49f4fa5-bdf1-42f2-948f-ff11bec67b33;true;"{""meetingDate"":""2026-05-20"",""meetingTitle"":""Persiapan full HIS Rawat Inap semua aspek"",""projectId"":""d49f4fa5-bdf1-42f2-948f-ff11bec67b33""}";2026-05-18 09:07:16.233057+00
0e70e242-b428-4087-a401-03707355b201;44366c00-c707-46e9-bc25-a6e0009a77b0;new_meeting;📅 Meeting Baru Dijadwalkan;"Meeting ""Meet dengan kencana"" dijadwalkan pada 2026-05-20 pukul 10:30:00.";/timeline;false;"{""meetingDate"":""2026-05-20"",""meetingTitle"":""Meet dengan kencana"",""projectId"":null}";2026-05-19 03:50:58.074687+00
be7e7ba5-3bd3-492f-9d03-a6d5a674b2d2;29fb61f4-2fba-45eb-ac0b-c31e1beba126;new_meeting;📅 Meeting Baru Dijadwalkan;"Meeting ""Meet dengan kencana"" dijadwalkan pada 2026-05-20 pukul 10:30:00.";/timeline;false;"{""meetingDate"":""2026-05-20"",""meetingTitle"":""Meet dengan kencana"",""projectId"":null}";2026-05-19 03:50:58.792772+00
3206f5b4-d5f5-41e3-a537-1af55c062aa0;ae199846-f8f2-4f4b-998d-ea5f88b6a520;new_meeting;📅 Meeting Baru Dijadwalkan;"Meeting ""Meet dengan kencana"" dijadwalkan pada 2026-05-20 pukul 10:30:00.";/timeline;true;"{""meetingDate"":""2026-05-20"",""meetingTitle"":""Meet dengan kencana"",""projectId"":null}";2026-05-19 03:50:59.54664+00
65932c9a-06ee-4b97-a2e8-fcbe72c30779;f33e6211-8ffc-4be9-9e4b-848ce613bdc0;new_meeting;📅 Meeting Baru Dijadwalkan;"Meeting ""Meet dengan kencana"" dijadwalkan pada 2026-05-20 pukul 10:30:00.";/timeline;true;"{""meetingDate"":""2026-05-20"",""meetingTitle"":""Meet dengan kencana"",""projectId"":null}";2026-05-19 03:50:57.209385+00
b20cef14-2204-4aea-bc3a-11a79f7d791f;b09bb10d-6bf2-4001-8029-6eb6235ecc52;meeting_reminder;⏰ Reminder Meeting;"Meeting ""Meet dengan Pak dirut bahas sistem jasmed"" akan dilaksanakan dalam 1 hari.";/timeline;false;"{""meetingDate"":""2026-05-20"",""meetingTitle"":""Meet dengan Pak dirut bahas sistem jasmed"",""projectId"":null}";2026-05-19 07:00:08.729089+00
1b63ac1a-1897-441e-bc42-2ef870b78380;9cdd2ef8-9811-4ba9-9d19-12e599da16df;meeting_reminder;⏰ Reminder Meeting;"Meeting ""Meet dengan Pak dirut bahas sistem jasmed"" akan dilaksanakan dalam 1 hari.";/timeline;false;"{""meetingDate"":""2026-05-20"",""meetingTitle"":""Meet dengan Pak dirut bahas sistem jasmed"",""projectId"":null}";2026-05-19 07:00:11.827434+00
5237360c-f72c-4b6a-85b3-ef347ba797cf;3d2d7772-2bc6-424c-aada-e31e8edef8d0;meeting_reminder;⏰ Reminder Meeting;"Meeting ""Meet dengan Pak dirut bahas sistem jasmed"" akan dilaksanakan dalam 1 hari.";/timeline;false;"{""meetingDate"":""2026-05-20"",""meetingTitle"":""Meet dengan Pak dirut bahas sistem jasmed"",""projectId"":null}";2026-05-19 07:00:13.171892+00
6ab76df4-d343-4434-b88c-2eaf34a60f8c;ab1cfc35-47bb-41f6-9640-a2c55e70c2b2;meeting_reminder;⏰ Reminder Meeting;"Meeting ""Meet dengan Pak dirut bahas sistem jasmed"" akan dilaksanakan dalam 1 hari.";/timeline;false;"{""meetingDate"":""2026-05-20"",""meetingTitle"":""Meet dengan Pak dirut bahas sistem jasmed"",""projectId"":null}";2026-05-19 07:00:13.55152+00
caf27762-98a6-4070-9677-7993ff0f184c;44366c00-c707-46e9-bc25-a6e0009a77b0;meeting_reminder;⏰ Reminder Meeting;"Meeting ""Meet dengan Pak dirut bahas sistem jasmed"" akan dilaksanakan dalam 1 hari.";/timeline;false;"{""meetingDate"":""2026-05-20"",""meetingTitle"":""Meet dengan Pak dirut bahas sistem jasmed"",""projectId"":null}";2026-05-19 07:00:14.385821+00
0899507e-010e-4966-8834-ecda2fcfa266;29fb61f4-2fba-45eb-ac0b-c31e1beba126;meeting_reminder;⏰ Reminder Meeting;"Meeting ""Meet dengan Pak dirut bahas sistem jasmed"" akan dilaksanakan dalam 1 hari.";/timeline;false;"{""meetingDate"":""2026-05-20"",""meetingTitle"":""Meet dengan Pak dirut bahas sistem jasmed"",""projectId"":null}";2026-05-19 07:00:16.33362+00
f3a78ae0-f9fe-4a37-b727-c63de23356b8;f33e6211-8ffc-4be9-9e4b-848ce613bdc0;meeting_reminder;⏰ Reminder Meeting;"Meeting ""Meet dengan Pak dirut bahas sistem jasmed"" akan dilaksanakan dalam 1 hari.";/timeline;true;"{""meetingDate"":""2026-05-20"",""meetingTitle"":""Meet dengan Pak dirut bahas sistem jasmed"",""projectId"":null}";2026-05-19 07:00:13.937449+00
6c8e4daa-21d2-40bd-a477-dbd2adb1ac5c;b09bb10d-6bf2-4001-8029-6eb6235ecc52;meeting_reminder;⏰ Reminder Meeting;"Meeting ""Persiapan full HIS Rawat Inap semua aspek"" akan dilaksanakan dalam 1 hari.";/project/d49f4fa5-bdf1-42f2-948f-ff11bec67b33;false;"{""meetingDate"":""2026-05-21"",""meetingTitle"":""Persiapan full HIS Rawat Inap semua aspek"",""projectId"":""d49f4fa5-bdf1-42f2-948f-ff11bec67b33""}";2026-05-20 07:00:08.326196+00
9080619c-6c22-4a77-b988-b1f26f5c7dac;9cdd2ef8-9811-4ba9-9d19-12e599da16df;meeting_reminder;⏰ Reminder Meeting;"Meeting ""Persiapan full HIS Rawat Inap semua aspek"" akan dilaksanakan dalam 1 hari.";/project/d49f4fa5-bdf1-42f2-948f-ff11bec67b33;false;"{""meetingDate"":""2026-05-21"",""meetingTitle"":""Persiapan full HIS Rawat Inap semua aspek"",""projectId"":""d49f4fa5-bdf1-42f2-948f-ff11bec67b33""}";2026-05-20 07:00:15.778504+00
90b5e672-a5ca-4268-ad27-faaeff4d81aa;3d2d7772-2bc6-424c-aada-e31e8edef8d0;meeting_reminder;⏰ Reminder Meeting;"Meeting ""Persiapan full HIS Rawat Inap semua aspek"" akan dilaksanakan dalam 1 hari.";/project/d49f4fa5-bdf1-42f2-948f-ff11bec67b33;false;"{""meetingDate"":""2026-05-21"",""meetingTitle"":""Persiapan full HIS Rawat Inap semua aspek"",""projectId"":""d49f4fa5-bdf1-42f2-948f-ff11bec67b33""}";2026-05-20 07:00:16.196475+00
37a79c18-9f30-4b14-938d-6119c49371b3;ab1cfc35-47bb-41f6-9640-a2c55e70c2b2;meeting_reminder;⏰ Reminder Meeting;"Meeting ""Persiapan full HIS Rawat Inap semua aspek"" akan dilaksanakan dalam 1 hari.";/project/d49f4fa5-bdf1-42f2-948f-ff11bec67b33;false;"{""meetingDate"":""2026-05-21"",""meetingTitle"":""Persiapan full HIS Rawat Inap semua aspek"",""projectId"":""d49f4fa5-bdf1-42f2-948f-ff11bec67b33""}";2026-05-20 07:00:18.176528+00
ec5b4292-0df5-4a27-b445-9e8314cda14d;44366c00-c707-46e9-bc25-a6e0009a77b0;meeting_reminder;⏰ Reminder Meeting;"Meeting ""Persiapan full HIS Rawat Inap semua aspek"" akan dilaksanakan dalam 1 hari.";/project/d49f4fa5-bdf1-42f2-948f-ff11bec67b33;false;"{""meetingDate"":""2026-05-21"",""meetingTitle"":""Persiapan full HIS Rawat Inap semua aspek"",""projectId"":""d49f4fa5-bdf1-42f2-948f-ff11bec67b33""}";2026-05-20 07:00:18.86649+00
4b0e355c-732d-42d7-9c65-8ba20e2b15af;29fb61f4-2fba-45eb-ac0b-c31e1beba126;meeting_reminder;⏰ Reminder Meeting;"Meeting ""Persiapan full HIS Rawat Inap semua aspek"" akan dilaksanakan dalam 1 hari.";/project/d49f4fa5-bdf1-42f2-948f-ff11bec67b33;false;"{""meetingDate"":""2026-05-21"",""meetingTitle"":""Persiapan full HIS Rawat Inap semua aspek"",""projectId"":""d49f4fa5-bdf1-42f2-948f-ff11bec67b33""}";2026-05-20 07:00:20.212164+00
b0047d11-0511-4635-ac94-ef197109d08f;186eb126-6bf5-45af-901f-0ea7b2c1018d;meeting_reminder;⏰ Reminder Meeting;"Meeting ""Persiapan full HIS Rawat Inap semua aspek"" akan dilaksanakan dalam 1 hari.";/project/d49f4fa5-bdf1-42f2-948f-ff11bec67b33;false;"{""meetingDate"":""2026-05-21"",""meetingTitle"":""Persiapan full HIS Rawat Inap semua aspek"",""projectId"":""d49f4fa5-bdf1-42f2-948f-ff11bec67b33""}";2026-05-20 07:00:21.457778+00
77773c83-7915-4409-8e1c-148a2e168302;b09bb10d-6bf2-4001-8029-6eb6235ecc52;meeting_reminder;⏰ Reminder Meeting;"Meeting ""Meet dengan Pak dirut bahas sistem jasmed"" akan dilaksanakan hari ini.";/timeline;false;"{""meetingDate"":""2026-05-20"",""meetingTitle"":""Meet dengan Pak dirut bahas sistem jasmed"",""projectId"":null}";2026-05-20 07:00:22.194971+00
8afb0c93-6ee9-4648-8581-04eb0271c393;9cdd2ef8-9811-4ba9-9d19-12e599da16df;meeting_reminder;⏰ Reminder Meeting;"Meeting ""Meet dengan Pak dirut bahas sistem jasmed"" akan dilaksanakan hari ini.";/timeline;false;"{""meetingDate"":""2026-05-20"",""meetingTitle"":""Meet dengan Pak dirut bahas sistem jasmed"",""projectId"":null}";2026-05-20 07:00:22.511563+00
2961281f-0f14-4761-b806-7bd1f6127d6c;3d2d7772-2bc6-424c-aada-e31e8edef8d0;meeting_reminder;⏰ Reminder Meeting;"Meeting ""Meet dengan Pak dirut bahas sistem jasmed"" akan dilaksanakan hari ini.";/timeline;false;"{""meetingDate"":""2026-05-20"",""meetingTitle"":""Meet dengan Pak dirut bahas sistem jasmed"",""projectId"":null}";2026-05-20 07:00:24.254814+00
89706419-a9f2-4aee-9a62-2cecfdc63a9d;ab1cfc35-47bb-41f6-9640-a2c55e70c2b2;meeting_reminder;⏰ Reminder Meeting;"Meeting ""Meet dengan Pak dirut bahas sistem jasmed"" akan dilaksanakan hari ini.";/timeline;false;"{""meetingDate"":""2026-05-20"",""meetingTitle"":""Meet dengan Pak dirut bahas sistem jasmed"",""projectId"":null}";2026-05-20 07:00:24.569271+00
10138190-7b87-47c7-a678-4721ac0cf1e7;ae199846-f8f2-4f4b-998d-ea5f88b6a520;meeting_reminder;⏰ Reminder Meeting;"Meeting ""Meet dengan Pak dirut bahas sistem jasmed"" akan dilaksanakan dalam 1 hari.";/timeline;true;"{""meetingDate"":""2026-05-20"",""meetingTitle"":""Meet dengan Pak dirut bahas sistem jasmed"",""projectId"":null}";2026-05-19 07:00:17.316442+00
ccd4c97a-76a1-4caf-b0a7-6d5d12426626;ae199846-f8f2-4f4b-998d-ea5f88b6a520;meeting_reminder;⏰ Reminder Meeting;"Meeting ""Persiapan full HIS Rawat Inap semua aspek"" akan dilaksanakan dalam 1 hari.";/project/d49f4fa5-bdf1-42f2-948f-ff11bec67b33;true;"{""meetingDate"":""2026-05-21"",""meetingTitle"":""Persiapan full HIS Rawat Inap semua aspek"",""projectId"":""d49f4fa5-bdf1-42f2-948f-ff11bec67b33""}";2026-05-20 07:00:20.586828+00
ef5b30ab-00a7-4ee9-a443-41672f08b648;44366c00-c707-46e9-bc25-a6e0009a77b0;meeting_reminder;⏰ Reminder Meeting;"Meeting ""Meet dengan Pak dirut bahas sistem jasmed"" akan dilaksanakan hari ini.";/timeline;false;"{""meetingDate"":""2026-05-20"",""meetingTitle"":""Meet dengan Pak dirut bahas sistem jasmed"",""projectId"":null}";2026-05-20 07:00:25.213888+00
210f6aec-1674-476a-9cd5-c9ead71d9a54;29fb61f4-2fba-45eb-ac0b-c31e1beba126;meeting_reminder;⏰ Reminder Meeting;"Meeting ""Meet dengan Pak dirut bahas sistem jasmed"" akan dilaksanakan hari ini.";/timeline;false;"{""meetingDate"":""2026-05-20"",""meetingTitle"":""Meet dengan Pak dirut bahas sistem jasmed"",""projectId"":null}";2026-05-20 07:00:25.467286+00
ef1881fd-73a2-4045-9172-ce2b7949094c;ae199846-f8f2-4f4b-998d-ea5f88b6a520;meeting_reminder;⏰ Reminder Meeting;"Meeting ""Meet dengan Pak dirut bahas sistem jasmed"" akan dilaksanakan hari ini.";/timeline;true;"{""meetingDate"":""2026-05-20"",""meetingTitle"":""Meet dengan Pak dirut bahas sistem jasmed"",""projectId"":null}";2026-05-20 07:00:26.874356+00
3b0e64bc-9a5c-408c-a9ac-66090055a72b;186eb126-6bf5-45af-901f-0ea7b2c1018d;meeting_reminder;⏰ Reminder Meeting;"Meeting ""Meet dengan Pak dirut bahas sistem jasmed"" akan dilaksanakan hari ini.";/timeline;false;"{""meetingDate"":""2026-05-20"",""meetingTitle"":""Meet dengan Pak dirut bahas sistem jasmed"",""projectId"":null}";2026-05-20 07:00:27.185935+00
9182d1e9-435f-44e1-947d-aec2e6424bb9;b09bb10d-6bf2-4001-8029-6eb6235ecc52;meeting_reminder;⏰ Reminder Meeting;"Meeting ""Persiapan full HIS Rawat Inap semua aspek"" akan dilaksanakan hari ini.";/project/d49f4fa5-bdf1-42f2-948f-ff11bec67b33;false;"{""meetingDate"":""2026-05-21"",""meetingTitle"":""Persiapan full HIS Rawat Inap semua aspek"",""projectId"":""d49f4fa5-bdf1-42f2-948f-ff11bec67b33""}";2026-05-21 07:00:10.096633+00
7488dc6f-8d9e-4b3b-bde2-b5022472505c;9cdd2ef8-9811-4ba9-9d19-12e599da16df;meeting_reminder;⏰ Reminder Meeting;"Meeting ""Persiapan full HIS Rawat Inap semua aspek"" akan dilaksanakan hari ini.";/project/d49f4fa5-bdf1-42f2-948f-ff11bec67b33;false;"{""meetingDate"":""2026-05-21"",""meetingTitle"":""Persiapan full HIS Rawat Inap semua aspek"",""projectId"":""d49f4fa5-bdf1-42f2-948f-ff11bec67b33""}";2026-05-21 07:00:10.795226+00
d31a805b-2386-4cbf-9401-d6b2aa760e73;3d2d7772-2bc6-424c-aada-e31e8edef8d0;meeting_reminder;⏰ Reminder Meeting;"Meeting ""Persiapan full HIS Rawat Inap semua aspek"" akan dilaksanakan hari ini.";/project/d49f4fa5-bdf1-42f2-948f-ff11bec67b33;false;"{""meetingDate"":""2026-05-21"",""meetingTitle"":""Persiapan full HIS Rawat Inap semua aspek"",""projectId"":""d49f4fa5-bdf1-42f2-948f-ff11bec67b33""}";2026-05-21 07:00:12.009585+00
e7ad2d88-82ed-46f3-bfa6-8cc1db8e599d;ab1cfc35-47bb-41f6-9640-a2c55e70c2b2;meeting_reminder;⏰ Reminder Meeting;"Meeting ""Persiapan full HIS Rawat Inap semua aspek"" akan dilaksanakan hari ini.";/project/d49f4fa5-bdf1-42f2-948f-ff11bec67b33;false;"{""meetingDate"":""2026-05-21"",""meetingTitle"":""Persiapan full HIS Rawat Inap semua aspek"",""projectId"":""d49f4fa5-bdf1-42f2-948f-ff11bec67b33""}";2026-05-21 07:00:12.383577+00
d0e14f75-682c-4d1c-af25-721a26b75c55;44366c00-c707-46e9-bc25-a6e0009a77b0;meeting_reminder;⏰ Reminder Meeting;"Meeting ""Persiapan full HIS Rawat Inap semua aspek"" akan dilaksanakan hari ini.";/project/d49f4fa5-bdf1-42f2-948f-ff11bec67b33;false;"{""meetingDate"":""2026-05-21"",""meetingTitle"":""Persiapan full HIS Rawat Inap semua aspek"",""projectId"":""d49f4fa5-bdf1-42f2-948f-ff11bec67b33""}";2026-05-21 07:00:15.238949+00
3c72517e-25e8-4ca9-87ce-2daac49e9e03;29fb61f4-2fba-45eb-ac0b-c31e1beba126;meeting_reminder;⏰ Reminder Meeting;"Meeting ""Persiapan full HIS Rawat Inap semua aspek"" akan dilaksanakan hari ini.";/project/d49f4fa5-bdf1-42f2-948f-ff11bec67b33;false;"{""meetingDate"":""2026-05-21"",""meetingTitle"":""Persiapan full HIS Rawat Inap semua aspek"",""projectId"":""d49f4fa5-bdf1-42f2-948f-ff11bec67b33""}";2026-05-21 07:00:17.268983+00
d1c73385-7bca-4a4a-89b8-33a59f1f5fa3;186eb126-6bf5-45af-901f-0ea7b2c1018d;meeting_reminder;⏰ Reminder Meeting;"Meeting ""Persiapan full HIS Rawat Inap semua aspek"" akan dilaksanakan hari ini.";/project/d49f4fa5-bdf1-42f2-948f-ff11bec67b33;false;"{""meetingDate"":""2026-05-21"",""meetingTitle"":""Persiapan full HIS Rawat Inap semua aspek"",""projectId"":""d49f4fa5-bdf1-42f2-948f-ff11bec67b33""}";2026-05-21 07:00:17.864086+00
3b2934a2-dc55-4e20-aa92-ece12f1612fe;b09bb10d-6bf2-4001-8029-6eb6235ecc52;new_meeting;📅 Meeting Baru Dijadwalkan;"Meeting ""Koordinasi Persiapan Layanan Ekslusif KIARA"" dijadwalkan pada 2026-06-03 pukul 13:00:00.";/timeline;false;"{""meetingDate"":""2026-06-03"",""meetingTitle"":""Koordinasi Persiapan Layanan Ekslusif KIARA"",""projectId"":null}";2026-06-02 02:53:11.7096+00
121b7220-5dd6-4d17-b27b-bb676c2e1c69;9cdd2ef8-9811-4ba9-9d19-12e599da16df;new_meeting;📅 Meeting Baru Dijadwalkan;"Meeting ""Koordinasi Persiapan Layanan Ekslusif KIARA"" dijadwalkan pada 2026-06-03 pukul 13:00:00.";/timeline;false;"{""meetingDate"":""2026-06-03"",""meetingTitle"":""Koordinasi Persiapan Layanan Ekslusif KIARA"",""projectId"":null}";2026-06-02 02:53:12.525125+00
e2860f9f-9e83-4a75-8e62-79e4ce83af59;3d2d7772-2bc6-424c-aada-e31e8edef8d0;new_meeting;📅 Meeting Baru Dijadwalkan;"Meeting ""Koordinasi Persiapan Layanan Ekslusif KIARA"" dijadwalkan pada 2026-06-03 pukul 13:00:00.";/timeline;false;"{""meetingDate"":""2026-06-03"",""meetingTitle"":""Koordinasi Persiapan Layanan Ekslusif KIARA"",""projectId"":null}";2026-06-02 02:53:13.311724+00
934c8abe-8b9e-4761-b104-fb5013b12741;ab1cfc35-47bb-41f6-9640-a2c55e70c2b2;new_meeting;📅 Meeting Baru Dijadwalkan;"Meeting ""Koordinasi Persiapan Layanan Ekslusif KIARA"" dijadwalkan pada 2026-06-03 pukul 13:00:00.";/timeline;false;"{""meetingDate"":""2026-06-03"",""meetingTitle"":""Koordinasi Persiapan Layanan Ekslusif KIARA"",""projectId"":null}";2026-06-02 02:53:14.092173+00
d4192eec-9487-4be5-a779-fd1be41c7b78;44366c00-c707-46e9-bc25-a6e0009a77b0;new_meeting;📅 Meeting Baru Dijadwalkan;"Meeting ""Koordinasi Persiapan Layanan Ekslusif KIARA"" dijadwalkan pada 2026-06-03 pukul 13:00:00.";/timeline;false;"{""meetingDate"":""2026-06-03"",""meetingTitle"":""Koordinasi Persiapan Layanan Ekslusif KIARA"",""projectId"":null}";2026-06-02 02:53:15.573731+00
0dfeba8b-54fa-467f-850b-b5aa2f4f89ac;29fb61f4-2fba-45eb-ac0b-c31e1beba126;new_meeting;📅 Meeting Baru Dijadwalkan;"Meeting ""Koordinasi Persiapan Layanan Ekslusif KIARA"" dijadwalkan pada 2026-06-03 pukul 13:00:00.";/timeline;false;"{""meetingDate"":""2026-06-03"",""meetingTitle"":""Koordinasi Persiapan Layanan Ekslusif KIARA"",""projectId"":null}";2026-06-02 02:53:16.29899+00
9a539e04-bad3-4bb6-bdd7-70b46247d531;186eb126-6bf5-45af-901f-0ea7b2c1018d;new_meeting;📅 Meeting Baru Dijadwalkan;"Meeting ""Koordinasi Persiapan Layanan Ekslusif KIARA"" dijadwalkan pada 2026-06-03 pukul 13:00:00.";/timeline;false;"{""meetingDate"":""2026-06-03"",""meetingTitle"":""Koordinasi Persiapan Layanan Ekslusif KIARA"",""projectId"":null}";2026-06-02 02:53:17.739175+00
e3a9c1c5-f51c-4954-b10c-bc181fced38b;b09bb10d-6bf2-4001-8029-6eb6235ecc52;meeting_reminder;⏰ Reminder Meeting;"Meeting ""Koordinasi Persiapan Layanan Ekslusif KIARA"" akan dilaksanakan dalam 1 hari.";/timeline;false;"{""meetingDate"":""2026-06-03"",""meetingTitle"":""Koordinasi Persiapan Layanan Ekslusif KIARA"",""projectId"":null}";2026-06-02 07:00:09.679815+00
78d3e707-7f14-4af0-bf18-ad5883446891;9cdd2ef8-9811-4ba9-9d19-12e599da16df;meeting_reminder;⏰ Reminder Meeting;"Meeting ""Koordinasi Persiapan Layanan Ekslusif KIARA"" akan dilaksanakan dalam 1 hari.";/timeline;false;"{""meetingDate"":""2026-06-03"",""meetingTitle"":""Koordinasi Persiapan Layanan Ekslusif KIARA"",""projectId"":null}";2026-06-02 07:00:16.171823+00
e5a477c9-de76-4499-bf57-bf8032a73d21;3d2d7772-2bc6-424c-aada-e31e8edef8d0;meeting_reminder;⏰ Reminder Meeting;"Meeting ""Koordinasi Persiapan Layanan Ekslusif KIARA"" akan dilaksanakan dalam 1 hari.";/timeline;false;"{""meetingDate"":""2026-06-03"",""meetingTitle"":""Koordinasi Persiapan Layanan Ekslusif KIARA"",""projectId"":null}";2026-06-02 07:00:18.814382+00
51aea455-c965-494c-b1cf-90788f10bfa0;ab1cfc35-47bb-41f6-9640-a2c55e70c2b2;meeting_reminder;⏰ Reminder Meeting;"Meeting ""Koordinasi Persiapan Layanan Ekslusif KIARA"" akan dilaksanakan dalam 1 hari.";/timeline;false;"{""meetingDate"":""2026-06-03"",""meetingTitle"":""Koordinasi Persiapan Layanan Ekslusif KIARA"",""projectId"":null}";2026-06-02 07:00:19.09302+00
be385782-61e1-4d94-8108-3d4e9e3d9eb5;f33e6211-8ffc-4be9-9e4b-848ce613bdc0;new_meeting;📅 Meeting Baru Dijadwalkan;"Meeting ""Koordinasi Persiapan Layanan Ekslusif KIARA"" dijadwalkan pada 2026-06-03 pukul 13:00:00.";/timeline;true;"{""meetingDate"":""2026-06-03"",""meetingTitle"":""Koordinasi Persiapan Layanan Ekslusif KIARA"",""projectId"":null}";2026-06-02 02:53:14.846008+00
0f5cedf8-70c7-42e5-8d7f-0a5e3646f4dc;ae199846-f8f2-4f4b-998d-ea5f88b6a520;new_meeting;📅 Meeting Baru Dijadwalkan;"Meeting ""Koordinasi Persiapan Layanan Ekslusif KIARA"" dijadwalkan pada 2026-06-03 pukul 13:00:00.";/timeline;true;"{""meetingDate"":""2026-06-03"",""meetingTitle"":""Koordinasi Persiapan Layanan Ekslusif KIARA"",""projectId"":null}";2026-06-02 02:53:17.009548+00
1b137e80-ef90-407e-a0d8-231fd8b9b2fb;44366c00-c707-46e9-bc25-a6e0009a77b0;meeting_reminder;⏰ Reminder Meeting;"Meeting ""Koordinasi Persiapan Layanan Ekslusif KIARA"" akan dilaksanakan dalam 1 hari.";/timeline;false;"{""meetingDate"":""2026-06-03"",""meetingTitle"":""Koordinasi Persiapan Layanan Ekslusif KIARA"",""projectId"":null}";2026-06-02 07:00:21.981404+00
3d7dd46d-18ce-429a-93a9-600b1173e8d8;29fb61f4-2fba-45eb-ac0b-c31e1beba126;meeting_reminder;⏰ Reminder Meeting;"Meeting ""Koordinasi Persiapan Layanan Ekslusif KIARA"" akan dilaksanakan dalam 1 hari.";/timeline;false;"{""meetingDate"":""2026-06-03"",""meetingTitle"":""Koordinasi Persiapan Layanan Ekslusif KIARA"",""projectId"":null}";2026-06-02 07:00:22.231094+00
a9a94856-4add-481f-8a77-b10b9aa36784;186eb126-6bf5-45af-901f-0ea7b2c1018d;meeting_reminder;⏰ Reminder Meeting;"Meeting ""Koordinasi Persiapan Layanan Ekslusif KIARA"" akan dilaksanakan dalam 1 hari.";/timeline;false;"{""meetingDate"":""2026-06-03"",""meetingTitle"":""Koordinasi Persiapan Layanan Ekslusif KIARA"",""projectId"":null}";2026-06-02 07:00:22.74358+00
eafed341-a841-473e-84aa-8e1264bad7c9;b09bb10d-6bf2-4001-8029-6eb6235ecc52;new_meeting;📅 Meeting Baru Dijadwalkan;"Meeting ""Persiapan Uji Coba Aplikasi _Text Messaging_ Internal RSCM"" dijadwalkan pada 2026-06-03 pukul 08:00:00.";/timeline;false;"{""meetingDate"":""2026-06-03"",""meetingTitle"":""Persiapan Uji Coba Aplikasi _Text Messaging_ Internal RSCM"",""projectId"":null}";2026-06-02 08:25:21.645027+00
c506f770-2a40-4334-ba81-61deeed674ce;9cdd2ef8-9811-4ba9-9d19-12e599da16df;new_meeting;📅 Meeting Baru Dijadwalkan;"Meeting ""Persiapan Uji Coba Aplikasi _Text Messaging_ Internal RSCM"" dijadwalkan pada 2026-06-03 pukul 08:00:00.";/timeline;false;"{""meetingDate"":""2026-06-03"",""meetingTitle"":""Persiapan Uji Coba Aplikasi _Text Messaging_ Internal RSCM"",""projectId"":null}";2026-06-02 08:25:22.487238+00
af78a13b-aef5-423d-a3d3-22ebadfaa4d8;3d2d7772-2bc6-424c-aada-e31e8edef8d0;new_meeting;📅 Meeting Baru Dijadwalkan;"Meeting ""Persiapan Uji Coba Aplikasi _Text Messaging_ Internal RSCM"" dijadwalkan pada 2026-06-03 pukul 08:00:00.";/timeline;false;"{""meetingDate"":""2026-06-03"",""meetingTitle"":""Persiapan Uji Coba Aplikasi _Text Messaging_ Internal RSCM"",""projectId"":null}";2026-06-02 08:25:23.261129+00
a942e832-2d45-468f-952c-0053bd737488;ab1cfc35-47bb-41f6-9640-a2c55e70c2b2;new_meeting;📅 Meeting Baru Dijadwalkan;"Meeting ""Persiapan Uji Coba Aplikasi _Text Messaging_ Internal RSCM"" dijadwalkan pada 2026-06-03 pukul 08:00:00.";/timeline;false;"{""meetingDate"":""2026-06-03"",""meetingTitle"":""Persiapan Uji Coba Aplikasi _Text Messaging_ Internal RSCM"",""projectId"":null}";2026-06-02 08:25:23.968036+00
7f056cf1-fb91-40b7-9f18-d58012ad3566;44366c00-c707-46e9-bc25-a6e0009a77b0;new_meeting;📅 Meeting Baru Dijadwalkan;"Meeting ""Persiapan Uji Coba Aplikasi _Text Messaging_ Internal RSCM"" dijadwalkan pada 2026-06-03 pukul 08:00:00.";/timeline;false;"{""meetingDate"":""2026-06-03"",""meetingTitle"":""Persiapan Uji Coba Aplikasi _Text Messaging_ Internal RSCM"",""projectId"":null}";2026-06-02 08:25:25.388484+00
25482861-2510-4da1-b879-28272b3bca7e;29fb61f4-2fba-45eb-ac0b-c31e1beba126;new_meeting;📅 Meeting Baru Dijadwalkan;"Meeting ""Persiapan Uji Coba Aplikasi _Text Messaging_ Internal RSCM"" dijadwalkan pada 2026-06-03 pukul 08:00:00.";/timeline;false;"{""meetingDate"":""2026-06-03"",""meetingTitle"":""Persiapan Uji Coba Aplikasi _Text Messaging_ Internal RSCM"",""projectId"":null}";2026-06-02 08:25:26.176085+00
f8c7540d-1d2a-4cf3-b02d-9527d1d086db;186eb126-6bf5-45af-901f-0ea7b2c1018d;new_meeting;📅 Meeting Baru Dijadwalkan;"Meeting ""Persiapan Uji Coba Aplikasi _Text Messaging_ Internal RSCM"" dijadwalkan pada 2026-06-03 pukul 08:00:00.";/timeline;false;"{""meetingDate"":""2026-06-03"",""meetingTitle"":""Persiapan Uji Coba Aplikasi _Text Messaging_ Internal RSCM"",""projectId"":null}";2026-06-02 08:25:27.573594+00
74befa94-05cd-4e31-8530-69e06a9dfbb0;b09bb10d-6bf2-4001-8029-6eb6235ecc52;meeting_reminder;⏰ Reminder Meeting;"Meeting ""Koordinasi Persiapan Layanan Ekslusif KIARA"" akan dilaksanakan hari ini.";/timeline;false;"{""meetingDate"":""2026-06-03"",""meetingTitle"":""Koordinasi Persiapan Layanan Ekslusif KIARA"",""projectId"":null}";2026-06-03 07:00:11.627133+00
2530dbd4-e7c8-4631-83aa-48f49339fdea;9cdd2ef8-9811-4ba9-9d19-12e599da16df;meeting_reminder;⏰ Reminder Meeting;"Meeting ""Koordinasi Persiapan Layanan Ekslusif KIARA"" akan dilaksanakan hari ini.";/timeline;false;"{""meetingDate"":""2026-06-03"",""meetingTitle"":""Koordinasi Persiapan Layanan Ekslusif KIARA"",""projectId"":null}";2026-06-03 07:00:13.463661+00
2963b7d7-47fd-4ede-a930-95704b924158;3d2d7772-2bc6-424c-aada-e31e8edef8d0;meeting_reminder;⏰ Reminder Meeting;"Meeting ""Koordinasi Persiapan Layanan Ekslusif KIARA"" akan dilaksanakan hari ini.";/timeline;false;"{""meetingDate"":""2026-06-03"",""meetingTitle"":""Koordinasi Persiapan Layanan Ekslusif KIARA"",""projectId"":null}";2026-06-03 07:00:13.867817+00
874f9871-9a8c-4140-b5a5-263677b67afe;ab1cfc35-47bb-41f6-9640-a2c55e70c2b2;meeting_reminder;⏰ Reminder Meeting;"Meeting ""Koordinasi Persiapan Layanan Ekslusif KIARA"" akan dilaksanakan hari ini.";/timeline;false;"{""meetingDate"":""2026-06-03"",""meetingTitle"":""Koordinasi Persiapan Layanan Ekslusif KIARA"",""projectId"":null}";2026-06-03 07:00:14.765627+00
186a7854-7b46-40f5-b925-7be527f799e8;44366c00-c707-46e9-bc25-a6e0009a77b0;meeting_reminder;⏰ Reminder Meeting;"Meeting ""Koordinasi Persiapan Layanan Ekslusif KIARA"" akan dilaksanakan hari ini.";/timeline;false;"{""meetingDate"":""2026-06-03"",""meetingTitle"":""Koordinasi Persiapan Layanan Ekslusif KIARA"",""projectId"":null}";2026-06-03 07:00:17.605414+00
667cc694-487d-4a49-9357-a86d47a3d8e6;29fb61f4-2fba-45eb-ac0b-c31e1beba126;meeting_reminder;⏰ Reminder Meeting;"Meeting ""Koordinasi Persiapan Layanan Ekslusif KIARA"" akan dilaksanakan hari ini.";/timeline;false;"{""meetingDate"":""2026-06-03"",""meetingTitle"":""Koordinasi Persiapan Layanan Ekslusif KIARA"",""projectId"":null}";2026-06-03 07:00:20.84593+00
ee3e374f-b005-44fa-a071-c1dc4b28b47f;186eb126-6bf5-45af-901f-0ea7b2c1018d;meeting_reminder;⏰ Reminder Meeting;"Meeting ""Koordinasi Persiapan Layanan Ekslusif KIARA"" akan dilaksanakan hari ini.";/timeline;false;"{""meetingDate"":""2026-06-03"",""meetingTitle"":""Koordinasi Persiapan Layanan Ekslusif KIARA"",""projectId"":null}";2026-06-03 07:00:25.699535+00
5c5c4c2f-3971-4659-b283-8772922fea60;b09bb10d-6bf2-4001-8029-6eb6235ecc52;meeting_reminder;⏰ Reminder Meeting;"Meeting ""Persiapan Uji Coba Aplikasi _Text Messaging_ Internal RSCM"" akan dilaksanakan hari ini.";/timeline;false;"{""meetingDate"":""2026-06-03"",""meetingTitle"":""Persiapan Uji Coba Aplikasi _Text Messaging_ Internal RSCM"",""projectId"":null}";2026-06-03 07:00:26.3734+00
a170ddc2-5d3c-4d84-b5b5-f0ed5c7be56d;ae199846-f8f2-4f4b-998d-ea5f88b6a520;meeting_reminder;⏰ Reminder Meeting;"Meeting ""Koordinasi Persiapan Layanan Ekslusif KIARA"" akan dilaksanakan dalam 1 hari.";/timeline;true;"{""meetingDate"":""2026-06-03"",""meetingTitle"":""Koordinasi Persiapan Layanan Ekslusif KIARA"",""projectId"":null}";2026-06-02 07:00:22.465564+00
6d734d45-ebee-435f-b1da-29738daab31a;ae199846-f8f2-4f4b-998d-ea5f88b6a520;new_meeting;📅 Meeting Baru Dijadwalkan;"Meeting ""Persiapan Uji Coba Aplikasi _Text Messaging_ Internal RSCM"" dijadwalkan pada 2026-06-03 pukul 08:00:00.";/timeline;true;"{""meetingDate"":""2026-06-03"",""meetingTitle"":""Persiapan Uji Coba Aplikasi _Text Messaging_ Internal RSCM"",""projectId"":null}";2026-06-02 08:25:26.878932+00
888422fa-3fbf-4c68-978e-dcd523b06fe6;9cdd2ef8-9811-4ba9-9d19-12e599da16df;meeting_reminder;⏰ Reminder Meeting;"Meeting ""Persiapan Uji Coba Aplikasi _Text Messaging_ Internal RSCM"" akan dilaksanakan hari ini.";/timeline;false;"{""meetingDate"":""2026-06-03"",""meetingTitle"":""Persiapan Uji Coba Aplikasi _Text Messaging_ Internal RSCM"",""projectId"":null}";2026-06-03 07:00:26.69114+00
01fbf4d8-0a4d-4421-ba8a-903ade095cee;3d2d7772-2bc6-424c-aada-e31e8edef8d0;meeting_reminder;⏰ Reminder Meeting;"Meeting ""Persiapan Uji Coba Aplikasi _Text Messaging_ Internal RSCM"" akan dilaksanakan hari ini.";/timeline;false;"{""meetingDate"":""2026-06-03"",""meetingTitle"":""Persiapan Uji Coba Aplikasi _Text Messaging_ Internal RSCM"",""projectId"":null}";2026-06-03 07:00:28.539027+00
0268b5e0-b16f-4c10-b352-b9010bc456bb;ab1cfc35-47bb-41f6-9640-a2c55e70c2b2;meeting_reminder;⏰ Reminder Meeting;"Meeting ""Persiapan Uji Coba Aplikasi _Text Messaging_ Internal RSCM"" akan dilaksanakan hari ini.";/timeline;false;"{""meetingDate"":""2026-06-03"",""meetingTitle"":""Persiapan Uji Coba Aplikasi _Text Messaging_ Internal RSCM"",""projectId"":null}";2026-06-03 07:00:28.888271+00
01a2bf8f-2860-4c55-b1b3-4e1d5f5dbcb2;44366c00-c707-46e9-bc25-a6e0009a77b0;meeting_reminder;⏰ Reminder Meeting;"Meeting ""Persiapan Uji Coba Aplikasi _Text Messaging_ Internal RSCM"" akan dilaksanakan hari ini.";/timeline;false;"{""meetingDate"":""2026-06-03"",""meetingTitle"":""Persiapan Uji Coba Aplikasi _Text Messaging_ Internal RSCM"",""projectId"":null}";2026-06-03 07:00:29.509774+00
a5342039-1ef7-4add-9b54-bc77781301df;29fb61f4-2fba-45eb-ac0b-c31e1beba126;meeting_reminder;⏰ Reminder Meeting;"Meeting ""Persiapan Uji Coba Aplikasi _Text Messaging_ Internal RSCM"" akan dilaksanakan hari ini.";/timeline;false;"{""meetingDate"":""2026-06-03"",""meetingTitle"":""Persiapan Uji Coba Aplikasi _Text Messaging_ Internal RSCM"",""projectId"":null}";2026-06-03 07:00:30.771356+00
6bddc626-0e96-45bd-bbaf-d5776cd44d04;186eb126-6bf5-45af-901f-0ea7b2c1018d;meeting_reminder;⏰ Reminder Meeting;"Meeting ""Persiapan Uji Coba Aplikasi _Text Messaging_ Internal RSCM"" akan dilaksanakan hari ini.";/timeline;false;"{""meetingDate"":""2026-06-03"",""meetingTitle"":""Persiapan Uji Coba Aplikasi _Text Messaging_ Internal RSCM"",""projectId"":null}";2026-06-03 07:00:31.544471+00
e567d0b4-e3f3-4697-916d-2c9c10c4f44c;b09bb10d-6bf2-4001-8029-6eb6235ecc52;new_meeting;📅 Meeting Baru Dijadwalkan;"Meeting ""Meet dengan Pak Edhi"" dijadwalkan pada 2026-06-04 pukul 09:30:00.";/timeline;false;"{""meetingDate"":""2026-06-04"",""meetingTitle"":""Meet dengan Pak Edhi"",""projectId"":null}";2026-06-04 01:17:25.251492+00
4cfe95c4-075c-4673-9569-249ab8852b31;9cdd2ef8-9811-4ba9-9d19-12e599da16df;new_meeting;📅 Meeting Baru Dijadwalkan;"Meeting ""Meet dengan Pak Edhi"" dijadwalkan pada 2026-06-04 pukul 09:30:00.";/timeline;false;"{""meetingDate"":""2026-06-04"",""meetingTitle"":""Meet dengan Pak Edhi"",""projectId"":null}";2026-06-04 01:17:26.051525+00
ed3d4aa6-0774-40ff-9e01-1757b941af5a;3d2d7772-2bc6-424c-aada-e31e8edef8d0;new_meeting;📅 Meeting Baru Dijadwalkan;"Meeting ""Meet dengan Pak Edhi"" dijadwalkan pada 2026-06-04 pukul 09:30:00.";/timeline;false;"{""meetingDate"":""2026-06-04"",""meetingTitle"":""Meet dengan Pak Edhi"",""projectId"":null}";2026-06-04 01:17:26.768373+00
069f2cac-d7c4-4359-a29d-08e5617f938c;ab1cfc35-47bb-41f6-9640-a2c55e70c2b2;new_meeting;📅 Meeting Baru Dijadwalkan;"Meeting ""Meet dengan Pak Edhi"" dijadwalkan pada 2026-06-04 pukul 09:30:00.";/timeline;false;"{""meetingDate"":""2026-06-04"",""meetingTitle"":""Meet dengan Pak Edhi"",""projectId"":null}";2026-06-04 01:17:27.498314+00
befbba87-89c0-492e-8094-006a6bbb591c;44366c00-c707-46e9-bc25-a6e0009a77b0;new_meeting;📅 Meeting Baru Dijadwalkan;"Meeting ""Meet dengan Pak Edhi"" dijadwalkan pada 2026-06-04 pukul 09:30:00.";/timeline;false;"{""meetingDate"":""2026-06-04"",""meetingTitle"":""Meet dengan Pak Edhi"",""projectId"":null}";2026-06-04 01:17:28.966209+00
9c5b354a-939e-4205-bf36-e92d4bd7ea8b;29fb61f4-2fba-45eb-ac0b-c31e1beba126;new_meeting;📅 Meeting Baru Dijadwalkan;"Meeting ""Meet dengan Pak Edhi"" dijadwalkan pada 2026-06-04 pukul 09:30:00.";/timeline;false;"{""meetingDate"":""2026-06-04"",""meetingTitle"":""Meet dengan Pak Edhi"",""projectId"":null}";2026-06-04 01:17:29.649941+00
973e16e4-a233-44c4-ab78-7c94b7a6d0e7;186eb126-6bf5-45af-901f-0ea7b2c1018d;new_meeting;📅 Meeting Baru Dijadwalkan;"Meeting ""Meet dengan Pak Edhi"" dijadwalkan pada 2026-06-04 pukul 09:30:00.";/timeline;false;"{""meetingDate"":""2026-06-04"",""meetingTitle"":""Meet dengan Pak Edhi"",""projectId"":null}";2026-06-04 01:17:31.082261+00
123a2c7b-87ea-48a1-89e6-3748f153652f;b09bb10d-6bf2-4001-8029-6eb6235ecc52;meeting_reminder;⏰ Reminder Meeting;"Meeting ""Meet dengan Pak Edhi"" akan dilaksanakan hari ini.";/timeline;false;"{""meetingDate"":""2026-06-04"",""meetingTitle"":""Meet dengan Pak Edhi"",""projectId"":null}";2026-06-04 07:00:05.448273+00
594787dc-85a6-4d25-bddf-18b86c5bbfa0;9cdd2ef8-9811-4ba9-9d19-12e599da16df;meeting_reminder;⏰ Reminder Meeting;"Meeting ""Meet dengan Pak Edhi"" akan dilaksanakan hari ini.";/timeline;false;"{""meetingDate"":""2026-06-04"",""meetingTitle"":""Meet dengan Pak Edhi"",""projectId"":null}";2026-06-04 07:00:08.056185+00
4d4c1b71-ae12-49ce-a5af-81a1de3b214b;3d2d7772-2bc6-424c-aada-e31e8edef8d0;meeting_reminder;⏰ Reminder Meeting;"Meeting ""Meet dengan Pak Edhi"" akan dilaksanakan hari ini.";/timeline;false;"{""meetingDate"":""2026-06-04"",""meetingTitle"":""Meet dengan Pak Edhi"",""projectId"":null}";2026-06-04 07:00:10.010198+00
a867dd67-0129-4d35-ba39-0cf89ba48244;ab1cfc35-47bb-41f6-9640-a2c55e70c2b2;meeting_reminder;⏰ Reminder Meeting;"Meeting ""Meet dengan Pak Edhi"" akan dilaksanakan hari ini.";/timeline;false;"{""meetingDate"":""2026-06-04"",""meetingTitle"":""Meet dengan Pak Edhi"",""projectId"":null}";2026-06-04 07:00:10.382855+00
9f744507-e42a-4234-826c-8414e0f832c6;44366c00-c707-46e9-bc25-a6e0009a77b0;meeting_reminder;⏰ Reminder Meeting;"Meeting ""Meet dengan Pak Edhi"" akan dilaksanakan hari ini.";/timeline;false;"{""meetingDate"":""2026-06-04"",""meetingTitle"":""Meet dengan Pak Edhi"",""projectId"":null}";2026-06-04 07:00:11.16428+00
b4fa6919-74ad-40dd-829d-e1f932dc2ed1;29fb61f4-2fba-45eb-ac0b-c31e1beba126;meeting_reminder;⏰ Reminder Meeting;"Meeting ""Meet dengan Pak Edhi"" akan dilaksanakan hari ini.";/timeline;false;"{""meetingDate"":""2026-06-04"",""meetingTitle"":""Meet dengan Pak Edhi"",""projectId"":null}";2026-06-04 07:00:11.448425+00
105507f7-849c-437b-b296-c4077884adad;186eb126-6bf5-45af-901f-0ea7b2c1018d;meeting_reminder;⏰ Reminder Meeting;"Meeting ""Meet dengan Pak Edhi"" akan dilaksanakan hari ini.";/timeline;false;"{""meetingDate"":""2026-06-04"",""meetingTitle"":""Meet dengan Pak Edhi"",""projectId"":null}";2026-06-04 07:00:12.757198+00
5c3c4c95-672e-47a6-af07-c70150c81672;b09bb10d-6bf2-4001-8029-6eb6235ecc52;new_meeting;📅 Meeting Baru Dijadwalkan;"Meeting ""Deadline Face Rec"" dijadwalkan pada 2026-06-04 pukul 09:00:00.";/timeline;false;"{""meetingDate"":""2026-06-04"",""meetingTitle"":""Deadline Face Rec"",""projectId"":null}";2026-06-05 00:49:24.59204+00
95cd76f8-82e1-496d-b23c-67afa0560bc9;ae199846-f8f2-4f4b-998d-ea5f88b6a520;meeting_reminder;⏰ Reminder Meeting;"Meeting ""Persiapan Uji Coba Aplikasi _Text Messaging_ Internal RSCM"" akan dilaksanakan hari ini.";/timeline;true;"{""meetingDate"":""2026-06-03"",""meetingTitle"":""Persiapan Uji Coba Aplikasi _Text Messaging_ Internal RSCM"",""projectId"":null}";2026-06-03 07:00:31.186049+00
dfcea924-74ec-48e1-a750-39ea2ea71ef4;ae199846-f8f2-4f4b-998d-ea5f88b6a520;new_meeting;📅 Meeting Baru Dijadwalkan;"Meeting ""Meet dengan Pak Edhi"" dijadwalkan pada 2026-06-04 pukul 09:30:00.";/timeline;true;"{""meetingDate"":""2026-06-04"",""meetingTitle"":""Meet dengan Pak Edhi"",""projectId"":null}";2026-06-04 01:17:30.371167+00
b2cdfc3d-bc3b-4a96-8b1c-787d091c2dc8;ae199846-f8f2-4f4b-998d-ea5f88b6a520;meeting_reminder;⏰ Reminder Meeting;"Meeting ""Meet dengan Pak Edhi"" akan dilaksanakan hari ini.";/timeline;true;"{""meetingDate"":""2026-06-04"",""meetingTitle"":""Meet dengan Pak Edhi"",""projectId"":null}";2026-06-04 07:00:12.451224+00
ba7bc01f-356f-4c78-9d02-599fb594efcf;9cdd2ef8-9811-4ba9-9d19-12e599da16df;new_meeting;📅 Meeting Baru Dijadwalkan;"Meeting ""Deadline Face Rec"" dijadwalkan pada 2026-06-04 pukul 09:00:00.";/timeline;false;"{""meetingDate"":""2026-06-04"",""meetingTitle"":""Deadline Face Rec"",""projectId"":null}";2026-06-05 00:49:25.348532+00
66cee799-5306-44b8-94ea-e6fcc2d85eb5;3d2d7772-2bc6-424c-aada-e31e8edef8d0;new_meeting;📅 Meeting Baru Dijadwalkan;"Meeting ""Deadline Face Rec"" dijadwalkan pada 2026-06-04 pukul 09:00:00.";/timeline;false;"{""meetingDate"":""2026-06-04"",""meetingTitle"":""Deadline Face Rec"",""projectId"":null}";2026-06-05 00:49:26.027718+00
9bf99418-248b-4769-8303-42573b1f789d;ab1cfc35-47bb-41f6-9640-a2c55e70c2b2;new_meeting;📅 Meeting Baru Dijadwalkan;"Meeting ""Deadline Face Rec"" dijadwalkan pada 2026-06-04 pukul 09:00:00.";/timeline;false;"{""meetingDate"":""2026-06-04"",""meetingTitle"":""Deadline Face Rec"",""projectId"":null}";2026-06-05 00:49:26.806793+00
8be01ec7-6ad6-4fd2-bebf-f7ca262c1c04;44366c00-c707-46e9-bc25-a6e0009a77b0;new_meeting;📅 Meeting Baru Dijadwalkan;"Meeting ""Deadline Face Rec"" dijadwalkan pada 2026-06-04 pukul 09:00:00.";/timeline;false;"{""meetingDate"":""2026-06-04"",""meetingTitle"":""Deadline Face Rec"",""projectId"":null}";2026-06-05 00:49:28.251041+00
e3a8b13b-fffc-446e-bf78-9303d48d8696;29fb61f4-2fba-45eb-ac0b-c31e1beba126;new_meeting;📅 Meeting Baru Dijadwalkan;"Meeting ""Deadline Face Rec"" dijadwalkan pada 2026-06-04 pukul 09:00:00.";/timeline;false;"{""meetingDate"":""2026-06-04"",""meetingTitle"":""Deadline Face Rec"",""projectId"":null}";2026-06-05 00:49:28.933653+00
41c43042-6f3b-4236-bccd-5eb6ad9b872c;186eb126-6bf5-45af-901f-0ea7b2c1018d;new_meeting;📅 Meeting Baru Dijadwalkan;"Meeting ""Deadline Face Rec"" dijadwalkan pada 2026-06-04 pukul 09:00:00.";/timeline;false;"{""meetingDate"":""2026-06-04"",""meetingTitle"":""Deadline Face Rec"",""projectId"":null}";2026-06-05 00:49:30.335655+00
80aba050-b25e-4f9d-91d8-f10a1aedcf4c;f33e6211-8ffc-4be9-9e4b-848ce613bdc0;new_meeting;📅 Meeting Baru Dijadwalkan;"Meeting ""Deadline Face Rec"" dijadwalkan pada 2026-06-04 pukul 09:00:00.";/timeline;true;"{""meetingDate"":""2026-06-04"",""meetingTitle"":""Deadline Face Rec"",""projectId"":null}";2026-06-05 00:49:27.51959+00
1fc6d69e-aab1-4752-9657-5f409532ac85;b09bb10d-6bf2-4001-8029-6eb6235ecc52;new_meeting;📅 Meeting Baru Dijadwalkan;"Meeting ""Evaluasi UNifikasi"" dijadwalkan pada 2026-06-05 pukul 09:00:00.";/timeline;false;"{""meetingDate"":""2026-06-05"",""meetingTitle"":""Evaluasi UNifikasi"",""projectId"":null}";2026-06-05 00:51:09.580678+00
bd18f61d-d5d1-4707-8bd2-ff57ad6197bb;9cdd2ef8-9811-4ba9-9d19-12e599da16df;new_meeting;📅 Meeting Baru Dijadwalkan;"Meeting ""Evaluasi UNifikasi"" dijadwalkan pada 2026-06-05 pukul 09:00:00.";/timeline;false;"{""meetingDate"":""2026-06-05"",""meetingTitle"":""Evaluasi UNifikasi"",""projectId"":null}";2026-06-05 00:51:10.633528+00
6bd828c3-e82b-489f-8583-7e4ff4a4778c;3d2d7772-2bc6-424c-aada-e31e8edef8d0;new_meeting;📅 Meeting Baru Dijadwalkan;"Meeting ""Evaluasi UNifikasi"" dijadwalkan pada 2026-06-05 pukul 09:00:00.";/timeline;false;"{""meetingDate"":""2026-06-05"",""meetingTitle"":""Evaluasi UNifikasi"",""projectId"":null}";2026-06-05 00:51:11.48611+00
9f3470e2-859c-463f-ab9f-0fda1ed01613;ab1cfc35-47bb-41f6-9640-a2c55e70c2b2;new_meeting;📅 Meeting Baru Dijadwalkan;"Meeting ""Evaluasi UNifikasi"" dijadwalkan pada 2026-06-05 pukul 09:00:00.";/timeline;false;"{""meetingDate"":""2026-06-05"",""meetingTitle"":""Evaluasi UNifikasi"",""projectId"":null}";2026-06-05 00:51:12.271671+00
b3a5d4a4-87d1-4ff8-a34f-1e4e300c5926;44366c00-c707-46e9-bc25-a6e0009a77b0;new_meeting;📅 Meeting Baru Dijadwalkan;"Meeting ""Evaluasi UNifikasi"" dijadwalkan pada 2026-06-05 pukul 09:00:00.";/timeline;false;"{""meetingDate"":""2026-06-05"",""meetingTitle"":""Evaluasi UNifikasi"",""projectId"":null}";2026-06-05 00:51:13.81939+00
5c8bf0a2-ab05-4b85-a53d-ca9c7c895e1d;29fb61f4-2fba-45eb-ac0b-c31e1beba126;new_meeting;📅 Meeting Baru Dijadwalkan;"Meeting ""Evaluasi UNifikasi"" dijadwalkan pada 2026-06-05 pukul 09:00:00.";/timeline;false;"{""meetingDate"":""2026-06-05"",""meetingTitle"":""Evaluasi UNifikasi"",""projectId"":null}";2026-06-05 00:51:14.572316+00
9a8a4739-2588-43ea-956d-fa2cbfc2b2d4;186eb126-6bf5-45af-901f-0ea7b2c1018d;new_meeting;📅 Meeting Baru Dijadwalkan;"Meeting ""Evaluasi UNifikasi"" dijadwalkan pada 2026-06-05 pukul 09:00:00.";/timeline;false;"{""meetingDate"":""2026-06-05"",""meetingTitle"":""Evaluasi UNifikasi"",""projectId"":null}";2026-06-05 00:51:16.002272+00
65032420-010e-40a2-9e4f-f676c4263f3f;b09bb10d-6bf2-4001-8029-6eb6235ecc52;meeting_reminder;⏰ Reminder Meeting;"Meeting ""Evaluasi UNifikasi"" akan dilaksanakan hari ini.";/timeline;false;"{""meetingDate"":""2026-06-05"",""meetingTitle"":""Evaluasi UNifikasi"",""projectId"":null}";2026-06-05 07:00:11.84553+00
6e50253b-f21b-48f5-acc4-f4d84b7ff0b2;9cdd2ef8-9811-4ba9-9d19-12e599da16df;meeting_reminder;⏰ Reminder Meeting;"Meeting ""Evaluasi UNifikasi"" akan dilaksanakan hari ini.";/timeline;false;"{""meetingDate"":""2026-06-05"",""meetingTitle"":""Evaluasi UNifikasi"",""projectId"":null}";2026-06-05 07:00:14.000648+00
8177778f-c0bf-4092-bddb-535dc6172095;3d2d7772-2bc6-424c-aada-e31e8edef8d0;meeting_reminder;⏰ Reminder Meeting;"Meeting ""Evaluasi UNifikasi"" akan dilaksanakan hari ini.";/timeline;false;"{""meetingDate"":""2026-06-05"",""meetingTitle"":""Evaluasi UNifikasi"",""projectId"":null}";2026-06-05 07:00:14.862364+00
bbbb249a-a385-4aed-a236-97e5b80f30d3;ab1cfc35-47bb-41f6-9640-a2c55e70c2b2;meeting_reminder;⏰ Reminder Meeting;"Meeting ""Evaluasi UNifikasi"" akan dilaksanakan hari ini.";/timeline;false;"{""meetingDate"":""2026-06-05"",""meetingTitle"":""Evaluasi UNifikasi"",""projectId"":null}";2026-06-05 07:00:15.585954+00
77467672-c1e2-41be-9f26-fa6d2c646d94;44366c00-c707-46e9-bc25-a6e0009a77b0;meeting_reminder;⏰ Reminder Meeting;"Meeting ""Evaluasi UNifikasi"" akan dilaksanakan hari ini.";/timeline;false;"{""meetingDate"":""2026-06-05"",""meetingTitle"":""Evaluasi UNifikasi"",""projectId"":null}";2026-06-05 07:00:16.344784+00
311f1241-4483-4a9f-9f1b-64f30c25ebe7;29fb61f4-2fba-45eb-ac0b-c31e1beba126;meeting_reminder;⏰ Reminder Meeting;"Meeting ""Evaluasi UNifikasi"" akan dilaksanakan hari ini.";/timeline;false;"{""meetingDate"":""2026-06-05"",""meetingTitle"":""Evaluasi UNifikasi"",""projectId"":null}";2026-06-05 07:00:17.604364+00
1931b960-2bef-4782-865e-8611cf90445f;186eb126-6bf5-45af-901f-0ea7b2c1018d;meeting_reminder;⏰ Reminder Meeting;"Meeting ""Evaluasi UNifikasi"" akan dilaksanakan hari ini.";/timeline;false;"{""meetingDate"":""2026-06-05"",""meetingTitle"":""Evaluasi UNifikasi"",""projectId"":null}";2026-06-05 07:00:18.201448+00
3870ab52-4fa1-4b55-97b7-1d15653d6930;f33e6211-8ffc-4be9-9e4b-848ce613bdc0;meeting_reminder;⏰ Reminder Meeting;"Meeting ""Koordinasi Persiapan Layanan Ekslusif KIARA"" akan dilaksanakan dalam 1 hari.";/timeline;true;"{""meetingDate"":""2026-06-03"",""meetingTitle"":""Koordinasi Persiapan Layanan Ekslusif KIARA"",""projectId"":null}";2026-06-02 07:00:19.522397+00
4373b605-9fb7-46ff-a7c5-fca36bd692e4;f33e6211-8ffc-4be9-9e4b-848ce613bdc0;new_meeting;📅 Meeting Baru Dijadwalkan;"Meeting ""Persiapan Uji Coba Aplikasi _Text Messaging_ Internal RSCM"" dijadwalkan pada 2026-06-03 pukul 08:00:00.";/timeline;true;"{""meetingDate"":""2026-06-03"",""meetingTitle"":""Persiapan Uji Coba Aplikasi _Text Messaging_ Internal RSCM"",""projectId"":null}";2026-06-02 08:25:24.662313+00
bdef9b99-14b1-4698-bb4e-11722fb90cb0;f33e6211-8ffc-4be9-9e4b-848ce613bdc0;meeting_reminder;⏰ Reminder Meeting;"Meeting ""Koordinasi Persiapan Layanan Ekslusif KIARA"" akan dilaksanakan hari ini.";/timeline;true;"{""meetingDate"":""2026-06-03"",""meetingTitle"":""Koordinasi Persiapan Layanan Ekslusif KIARA"",""projectId"":null}";2026-06-03 07:00:15.048003+00
92ad1bc1-cc50-4793-99a8-ef63c8afa7a8;f33e6211-8ffc-4be9-9e4b-848ce613bdc0;meeting_reminder;⏰ Reminder Meeting;"Meeting ""Persiapan Uji Coba Aplikasi _Text Messaging_ Internal RSCM"" akan dilaksanakan hari ini.";/timeline;true;"{""meetingDate"":""2026-06-03"",""meetingTitle"":""Persiapan Uji Coba Aplikasi _Text Messaging_ Internal RSCM"",""projectId"":null}";2026-06-03 07:00:29.243036+00
0a5b84dd-4b57-4b0b-99c6-4affe6beeaaa;f33e6211-8ffc-4be9-9e4b-848ce613bdc0;new_meeting;📅 Meeting Baru Dijadwalkan;"Meeting ""Meet dengan Pak Edhi"" dijadwalkan pada 2026-06-04 pukul 09:30:00.";/timeline;true;"{""meetingDate"":""2026-06-04"",""meetingTitle"":""Meet dengan Pak Edhi"",""projectId"":null}";2026-06-04 01:17:28.264236+00
c1d6e518-00c2-49bc-90c8-88405c066d0e;f33e6211-8ffc-4be9-9e4b-848ce613bdc0;meeting_reminder;⏰ Reminder Meeting;"Meeting ""Meet dengan Pak Edhi"" akan dilaksanakan hari ini.";/timeline;true;"{""meetingDate"":""2026-06-04"",""meetingTitle"":""Meet dengan Pak Edhi"",""projectId"":null}";2026-06-04 07:00:10.779611+00
ee54da2c-aa3f-4bcb-88ae-eb6aba2e7520;f33e6211-8ffc-4be9-9e4b-848ce613bdc0;new_meeting;📅 Meeting Baru Dijadwalkan;"Meeting ""Evaluasi UNifikasi"" dijadwalkan pada 2026-06-05 pukul 09:00:00.";/timeline;true;"{""meetingDate"":""2026-06-05"",""meetingTitle"":""Evaluasi UNifikasi"",""projectId"":null}";2026-06-05 00:51:13.081702+00
7edbeb7f-eacd-4ec1-a00f-255bbdc6f88a;f33e6211-8ffc-4be9-9e4b-848ce613bdc0;meeting_reminder;⏰ Reminder Meeting;"Meeting ""Evaluasi UNifikasi"" akan dilaksanakan hari ini.";/timeline;true;"{""meetingDate"":""2026-06-05"",""meetingTitle"":""Evaluasi UNifikasi"",""projectId"":null}";2026-06-05 07:00:15.983576+00
feced6f6-f129-4544-9c7c-ef901426e965;b09bb10d-6bf2-4001-8029-6eb6235ecc52;meeting_reminder;⏰ Reminder Meeting;"Meeting ""Deadline Face Rec"" akan dilaksanakan dalam 1 hari.";/timeline;false;"{""meetingDate"":""2026-06-11"",""meetingTitle"":""Deadline Face Rec"",""projectId"":null}";2026-06-10 07:00:09.292379+00
57a0e7cd-36b0-4c99-b9f1-28e704b40f00;9cdd2ef8-9811-4ba9-9d19-12e599da16df;meeting_reminder;⏰ Reminder Meeting;"Meeting ""Deadline Face Rec"" akan dilaksanakan dalam 1 hari.";/timeline;false;"{""meetingDate"":""2026-06-11"",""meetingTitle"":""Deadline Face Rec"",""projectId"":null}";2026-06-10 07:00:09.688337+00
c08147b4-9253-4a76-a6da-6f8001d80724;3d2d7772-2bc6-424c-aada-e31e8edef8d0;meeting_reminder;⏰ Reminder Meeting;"Meeting ""Deadline Face Rec"" akan dilaksanakan dalam 1 hari.";/timeline;false;"{""meetingDate"":""2026-06-11"",""meetingTitle"":""Deadline Face Rec"",""projectId"":null}";2026-06-10 07:00:09.967772+00
a4647832-4ff1-4ba6-b461-83625af3886c;ab1cfc35-47bb-41f6-9640-a2c55e70c2b2;meeting_reminder;⏰ Reminder Meeting;"Meeting ""Deadline Face Rec"" akan dilaksanakan dalam 1 hari.";/timeline;false;"{""meetingDate"":""2026-06-11"",""meetingTitle"":""Deadline Face Rec"",""projectId"":null}";2026-06-10 07:00:10.204167+00
8131de35-ae89-453c-a974-c4bbd496a4bb;44366c00-c707-46e9-bc25-a6e0009a77b0;meeting_reminder;⏰ Reminder Meeting;"Meeting ""Deadline Face Rec"" akan dilaksanakan dalam 1 hari.";/timeline;false;"{""meetingDate"":""2026-06-11"",""meetingTitle"":""Deadline Face Rec"",""projectId"":null}";2026-06-10 07:00:10.98575+00
763a1566-38e8-4309-9b28-e1f716007221;29fb61f4-2fba-45eb-ac0b-c31e1beba126;meeting_reminder;⏰ Reminder Meeting;"Meeting ""Deadline Face Rec"" akan dilaksanakan dalam 1 hari.";/timeline;false;"{""meetingDate"":""2026-06-11"",""meetingTitle"":""Deadline Face Rec"",""projectId"":null}";2026-06-10 07:00:11.242457+00
6e2835cb-cd87-478c-a9c2-634564ea9b72;f33e6211-8ffc-4be9-9e4b-848ce613bdc0;meeting_reminder;⏰ Reminder Meeting;"Meeting ""Deadline Face Rec"" akan dilaksanakan dalam 1 hari.";/timeline;true;"{""meetingDate"":""2026-06-11"",""meetingTitle"":""Deadline Face Rec"",""projectId"":null}";2026-06-10 07:00:10.743976+00
42c019fe-1b86-47af-9433-d4323ec1d131;ae199846-f8f2-4f4b-998d-ea5f88b6a520;meeting_reminder;⏰ Reminder Meeting;"Meeting ""Deadline Face Rec"" akan dilaksanakan dalam 1 hari.";/timeline;true;"{""meetingDate"":""2026-06-11"",""meetingTitle"":""Deadline Face Rec"",""projectId"":null}";2026-06-10 07:00:11.467822+00
bc7ad943-4b90-4747-a6db-8816fb4bc12f;186eb126-6bf5-45af-901f-0ea7b2c1018d;meeting_reminder;⏰ Reminder Meeting;"Meeting ""Deadline Face Rec"" akan dilaksanakan dalam 1 hari.";/timeline;false;"{""meetingDate"":""2026-06-11"",""meetingTitle"":""Deadline Face Rec"",""projectId"":null}";2026-06-10 07:00:11.720643+00
f4605455-7d4d-4830-bff8-5225a4c825c1;b09bb10d-6bf2-4001-8029-6eb6235ecc52;meeting_reminder;⏰ Reminder Meeting;"Meeting ""Deadline Face Rec"" akan dilaksanakan hari ini.";/timeline;false;"{""meetingDate"":""2026-06-11"",""meetingTitle"":""Deadline Face Rec"",""projectId"":null}";2026-06-11 07:00:11.127654+00
3b8aa517-f755-4253-93c1-cd12bdaaf07b;9cdd2ef8-9811-4ba9-9d19-12e599da16df;meeting_reminder;⏰ Reminder Meeting;"Meeting ""Deadline Face Rec"" akan dilaksanakan hari ini.";/timeline;false;"{""meetingDate"":""2026-06-11"",""meetingTitle"":""Deadline Face Rec"",""projectId"":null}";2026-06-11 07:00:11.614632+00
68626a99-29bb-47d6-a62f-90378a9a1415;3d2d7772-2bc6-424c-aada-e31e8edef8d0;meeting_reminder;⏰ Reminder Meeting;"Meeting ""Deadline Face Rec"" akan dilaksanakan hari ini.";/timeline;false;"{""meetingDate"":""2026-06-11"",""meetingTitle"":""Deadline Face Rec"",""projectId"":null}";2026-06-11 07:00:12.215252+00
9bef4d1e-02c2-409d-96a1-e5602877375a;ab1cfc35-47bb-41f6-9640-a2c55e70c2b2;meeting_reminder;⏰ Reminder Meeting;"Meeting ""Deadline Face Rec"" akan dilaksanakan hari ini.";/timeline;false;"{""meetingDate"":""2026-06-11"",""meetingTitle"":""Deadline Face Rec"",""projectId"":null}";2026-06-11 07:00:12.561242+00
b8d6609f-33cf-47de-ba0f-2d30e6652a83;44366c00-c707-46e9-bc25-a6e0009a77b0;meeting_reminder;⏰ Reminder Meeting;"Meeting ""Deadline Face Rec"" akan dilaksanakan hari ini.";/timeline;false;"{""meetingDate"":""2026-06-11"",""meetingTitle"":""Deadline Face Rec"",""projectId"":null}";2026-06-11 07:00:13.062175+00
167d0b73-6155-42c3-85e8-5cd1c343a64c;29fb61f4-2fba-45eb-ac0b-c31e1beba126;meeting_reminder;⏰ Reminder Meeting;"Meeting ""Deadline Face Rec"" akan dilaksanakan hari ini.";/timeline;false;"{""meetingDate"":""2026-06-11"",""meetingTitle"":""Deadline Face Rec"",""projectId"":null}";2026-06-11 07:00:13.391749+00
1c2894e2-fc3f-4465-a220-41701fead0af;f33e6211-8ffc-4be9-9e4b-848ce613bdc0;meeting_reminder;⏰ Reminder Meeting;"Meeting ""Deadline Face Rec"" akan dilaksanakan hari ini.";/timeline;true;"{""meetingDate"":""2026-06-11"",""meetingTitle"":""Deadline Face Rec"",""projectId"":null}";2026-06-11 07:00:12.82715+00
654b4c86-d04c-400d-98ec-cd8d5a8f681d;186eb126-6bf5-45af-901f-0ea7b2c1018d;meeting_reminder;⏰ Reminder Meeting;"Meeting ""Deadline Face Rec"" akan dilaksanakan hari ini.";/timeline;false;"{""meetingDate"":""2026-06-11"",""meetingTitle"":""Deadline Face Rec"",""projectId"":null}";2026-06-11 07:00:14.95086+00
4dde3d47-dfdb-4027-a0a0-a37f6839e95a;ae199846-f8f2-4f4b-998d-ea5f88b6a520;new_meeting;📅 Meeting Baru Dijadwalkan;"Meeting ""Meet dengan Pak dirut bahas sistem jasmed"" dijadwalkan pada 2026-05-19 pukul 13:00:00.";/timeline;true;"{""meetingDate"":""2026-05-19"",""meetingTitle"":""Meet dengan Pak dirut bahas sistem jasmed"",""projectId"":null}";2026-05-19 03:49:35.709747+00
ffb0ade2-fbbb-4d20-900e-b34a95931771;ae199846-f8f2-4f4b-998d-ea5f88b6a520;meeting_reminder;⏰ Reminder Meeting;"Meeting ""Persiapan full HIS Rawat Inap semua aspek"" akan dilaksanakan hari ini.";/project/d49f4fa5-bdf1-42f2-948f-ff11bec67b33;true;"{""meetingDate"":""2026-05-21"",""meetingTitle"":""Persiapan full HIS Rawat Inap semua aspek"",""projectId"":""d49f4fa5-bdf1-42f2-948f-ff11bec67b33""}";2026-05-21 07:00:17.567296+00
c7ac1a9b-f8b3-43ea-9cf2-e881d177082f;ae199846-f8f2-4f4b-998d-ea5f88b6a520;meeting_reminder;⏰ Reminder Meeting;"Meeting ""Koordinasi Persiapan Layanan Ekslusif KIARA"" akan dilaksanakan hari ini.";/timeline;true;"{""meetingDate"":""2026-06-03"",""meetingTitle"":""Koordinasi Persiapan Layanan Ekslusif KIARA"",""projectId"":null}";2026-06-03 07:00:23.535733+00
d3fd3079-ce62-4234-8120-4ef3f1e358cd;ae199846-f8f2-4f4b-998d-ea5f88b6a520;new_meeting;📅 Meeting Baru Dijadwalkan;"Meeting ""Deadline Face Rec"" dijadwalkan pada 2026-06-04 pukul 09:00:00.";/timeline;true;"{""meetingDate"":""2026-06-04"",""meetingTitle"":""Deadline Face Rec"",""projectId"":null}";2026-06-05 00:49:29.651652+00
0b72adae-690d-4f4d-9e04-6616d94c7029;ae199846-f8f2-4f4b-998d-ea5f88b6a520;new_meeting;📅 Meeting Baru Dijadwalkan;"Meeting ""Evaluasi UNifikasi"" dijadwalkan pada 2026-06-05 pukul 09:00:00.";/timeline;true;"{""meetingDate"":""2026-06-05"",""meetingTitle"":""Evaluasi UNifikasi"",""projectId"":null}";2026-06-05 00:51:15.293618+00
67c28097-8245-4b98-bd0a-780fa1d0d0ab;ae199846-f8f2-4f4b-998d-ea5f88b6a520;meeting_reminder;⏰ Reminder Meeting;"Meeting ""Evaluasi UNifikasi"" akan dilaksanakan hari ini.";/timeline;true;"{""meetingDate"":""2026-06-05"",""meetingTitle"":""Evaluasi UNifikasi"",""projectId"":null}";2026-06-05 07:00:17.921108+00
9410dc27-931a-41f3-902c-08c5c7dfde07;ae199846-f8f2-4f4b-998d-ea5f88b6a520;meeting_reminder;⏰ Reminder Meeting;"Meeting ""Deadline Face Rec"" akan dilaksanakan hari ini.";/timeline;true;"{""meetingDate"":""2026-06-11"",""meetingTitle"":""Deadline Face Rec"",""projectId"":null}";2026-06-11 07:00:14.675515+00